--TODO - will need more data at some point - make non-static ???
/* obtained from the following SQL - re-run to get updated values

-- RUN on NZOR_Data to insert into NZOR_Data_Test

delete NZOR_Data_Test.cons.ConceptRelationship
delete NZOR_Data_Test.cons.Concept
delete NZOR_Data_Test.cons.NameProperty
delete NZOR_Data_Test.cons.Name

go

insert NZOR_Data_Test.cons.Name
select n.* from cons.Name n
inner join TaxonRank r on r.TaxonRankID = n.TaxonRankID
where r.SortOrder <= 1600
go

insert NZOR_Data_Test.cons.NameProperty
select np.* from cons.Name n
inner join cons.NameProperty np on np.NameID = n.NameID
inner join TaxonRank r on r.TaxonRankID = n.TaxonRankID
where r.SortOrder <= 1600
go

insert NZOR_Data_Test.cons.Concept
select c.* 
from cons.Name n
inner join TaxonRank r on r.TaxonRankID = n.TaxonRankID
inner join cons.Concept c on c.NameID = n.NameID
where r.SortOrder <= 1600
go

insert NZOR_Data_Test.cons.Concept
select c.* 
from cons.Name n
inner join TaxonRank r on r.TaxonRankID = n.TaxonRankID
inner join cons.Concept c on c.NameID = n.NameID
inner join cons.ConceptRelationship cr on cr.ToConceptID = c.ConceptID
inner join NZOR_Data_Test.cons.Concept c2 on c2.ConceptID = cr.FromConceptID --make sure othwer name/concept exists
left join NZOR_Data_Test.cons.Concept c3 on c3.ConceptID = c.ConceptID 
where r.SortOrder <= 1600 and c3.ConceptID is null
go

insert NZOR_Data_Test.cons.ConceptRelationship
select cr.* 
from cons.Name n
inner join TaxonRank r on r.TaxonRankID = n.TaxonRankID
inner join cons.Concept c on c.NameID = n.NameID
inner join cons.ConceptRelationship cr on cr.FromConceptID = c.ConceptID
where r.SortOrder <= 1600 
go

insert NZOR_Data_Test.cons.ConceptRelationship
select cr.* 
from cons.Name n
inner join TaxonRank r on r.TaxonRankID = n.TaxonRankID
inner join cons.Concept c on c.NameID = n.NameID
inner join cons.ConceptRelationship cr on cr.ToConceptID = c.ConceptID
left join NZOR_Data_Test.cons.Concept c3 on c3.ConceptID = c.ConceptID 
where r.SortOrder <= 1600 and c3.ConceptID is null
go

*/

USE [NZOR_Data_Test]

--cons.Name

INSERT [cons].[Name] ([NameID], [FullName], [TaxonRankID], [NameClassID], [OriginalOrthography], [GoverningCode], [AddedDate], [UpdatedDate]) VALUES (N'1629b26f-241b-4096-87a4-005dadf3c065', N'Ascomycetes', N'8a07e8d2-9610-4a30-8f04-c39770686f2d', N'a5233111-61a0-4ae6-9c2b-5e8e71f1473a', NULL, N'ICBN', CAST(0x00009D26011B6A56 AS DateTime), NULL)
INSERT [cons].[Name] ([NameID], [FullName], [TaxonRankID], [NameClassID], [OriginalOrthography], [GoverningCode], [AddedDate], [UpdatedDate]) VALUES (N'8ab98ba9-5cba-4b3c-bf39-00e5f45a73d9', N'Glaucophyceae', N'8a07e8d2-9610-4a30-8f04-c39770686f2d', N'a5233111-61a0-4ae6-9c2b-5e8e71f1473a', NULL, N'ICBN', CAST(0x00009D26011B6A56 AS DateTime), NULL)
INSERT [cons].[Name] ([NameID], [FullName], [TaxonRankID], [NameClassID], [OriginalOrthography], [GoverningCode], [AddedDate], [UpdatedDate]) VALUES (N'56618d13-8d96-4b0e-a364-03f5cad49bee', N'Juncales', N'2b1966d4-720b-4f58-9c01-1280e1bb0dab', N'a5233111-61a0-4ae6-9c2b-5e8e71f1473a', NULL, N'ICBN', CAST(0x00009D26011B6A56 AS DateTime), NULL)
INSERT [cons].[Name] ([NameID], [FullName], [TaxonRankID], [NameClassID], [OriginalOrthography], [GoverningCode], [AddedDate], [UpdatedDate]) VALUES (N'156870d4-9de3-41c3-b937-04b12326cd62', N'Coscinodiscales Round & Crawford ', N'2b1966d4-720b-4f58-9c01-1280e1bb0dab', N'a5233111-61a0-4ae6-9c2b-5e8e71f1473a', NULL, N'ICBN', CAST(0x00009D26011B6A56 AS DateTime), NULL)
INSERT [cons].[Name] ([NameID], [FullName], [TaxonRankID], [NameClassID], [OriginalOrthography], [GoverningCode], [AddedDate], [UpdatedDate]) VALUES (N'82f51131-a0ae-476a-a97f-0735acafc7e8', N'Bicosoecales', N'2b1966d4-720b-4f58-9c01-1280e1bb0dab', N'a5233111-61a0-4ae6-9c2b-5e8e71f1473a', NULL, N'ICBN', CAST(0x00009D26011B6A56 AS DateTime), NULL)
INSERT [cons].[Name] ([NameID], [FullName], [TaxonRankID], [NameClassID], [OriginalOrthography], [GoverningCode], [AddedDate], [UpdatedDate]) VALUES (N'26ff239c-2b66-4947-bb71-08f9ee1d633b', N'Linales', N'2b1966d4-720b-4f58-9c01-1280e1bb0dab', N'a5233111-61a0-4ae6-9c2b-5e8e71f1473a', NULL, N'ICBN', CAST(0x00009D26011B6A56 AS DateTime), NULL)
INSERT [cons].[Name] ([NameID], [FullName], [TaxonRankID], [NameClassID], [OriginalOrthography], [GoverningCode], [AddedDate], [UpdatedDate]) VALUES (N'38e76c37-edc6-4c08-97e6-09dd1d33b233', N'Bacteria', N'63abe687-02b6-4787-bbe4-d5289c304f66', N'a5233111-61a0-4ae6-9c2b-5e8e71f1473a', NULL, N'ICBN', CAST(0x00009D26011B6A56 AS DateTime), NULL)
INSERT [cons].[Name] ([NameID], [FullName], [TaxonRankID], [NameClassID], [OriginalOrthography], [GoverningCode], [AddedDate], [UpdatedDate]) VALUES (N'5d78c9de-9389-48c4-8882-0a6eb467aecf', N'Illiciales', N'2b1966d4-720b-4f58-9c01-1280e1bb0dab', N'a5233111-61a0-4ae6-9c2b-5e8e71f1473a', N'', N'ICBN', CAST(0x00009D26011B6A56 AS DateTime), NULL)
INSERT [cons].[Name] ([NameID], [FullName], [TaxonRankID], [NameClassID], [OriginalOrthography], [GoverningCode], [AddedDate], [UpdatedDate]) VALUES (N'8fb43fef-1c13-408d-9e18-0af5c51fe5f7', N'Eustigmatales', N'2b1966d4-720b-4f58-9c01-1280e1bb0dab', N'a5233111-61a0-4ae6-9c2b-5e8e71f1473a', NULL, N'ICBN', CAST(0x00009D26011B6A56 AS DateTime), NULL)
INSERT [cons].[Name] ([NameID], [FullName], [TaxonRankID], [NameClassID], [OriginalOrthography], [GoverningCode], [AddedDate], [UpdatedDate]) VALUES (N'fb7d3ec0-085f-487a-9e8d-0b5fa0c486bd', N'Agaricomycetes', N'8a07e8d2-9610-4a30-8f04-c39770686f2d', N'a5233111-61a0-4ae6-9c2b-5e8e71f1473a', N'', N'ICBN', CAST(0x00009D26011B6A56 AS DateTime), NULL)
INSERT [cons].[Name] ([NameID], [FullName], [TaxonRankID], [NameClassID], [OriginalOrthography], [GoverningCode], [AddedDate], [UpdatedDate]) VALUES (N'b00a7524-21ea-4963-93a1-0b9645960773', N'Leotiales', N'2b1966d4-720b-4f58-9c01-1280e1bb0dab', N'a5233111-61a0-4ae6-9c2b-5e8e71f1473a', NULL, N'ICBN', CAST(0x00009D26011B6A56 AS DateTime), NULL)
INSERT [cons].[Name] ([NameID], [FullName], [TaxonRankID], [NameClassID], [OriginalOrthography], [GoverningCode], [AddedDate], [UpdatedDate]) VALUES (N'1acf5c0d-d991-4912-9f8b-0c1ef2dd8f8b', N'Haptophyta', N'de860ea0-d36b-4663-a9e1-a45a64c11e93', N'a5233111-61a0-4ae6-9c2b-5e8e71f1473a', NULL, N'ICBN', CAST(0x00009D26011B6A56 AS DateTime), NULL)
INSERT [cons].[Name] ([NameID], [FullName], [TaxonRankID], [NameClassID], [OriginalOrthography], [GoverningCode], [AddedDate], [UpdatedDate]) VALUES (N'e4d18d85-9112-4a1c-b890-0e115450c71b', N'Oscillatoriales', N'2b1966d4-720b-4f58-9c01-1280e1bb0dab', N'a5233111-61a0-4ae6-9c2b-5e8e71f1473a', NULL, N'ICBN', CAST(0x00009D26011B6A56 AS DateTime), NULL)
INSERT [cons].[Name] ([NameID], [FullName], [TaxonRankID], [NameClassID], [OriginalOrthography], [GoverningCode], [AddedDate], [UpdatedDate]) VALUES (N'e8674a27-8575-44a9-956e-0eb0189a474b', N'Chlorosarcinales', N'2b1966d4-720b-4f58-9c01-1280e1bb0dab', N'a5233111-61a0-4ae6-9c2b-5e8e71f1473a', NULL, N'ICBN', CAST(0x00009D26011B6A56 AS DateTime), NULL)
INSERT [cons].[Name] ([NameID], [FullName], [TaxonRankID], [NameClassID], [OriginalOrthography], [GoverningCode], [AddedDate], [UpdatedDate]) VALUES (N'2121d538-4b42-4849-8a4b-0fa34bd9f7be', N'Chromulinales', N'2b1966d4-720b-4f58-9c01-1280e1bb0dab', N'a5233111-61a0-4ae6-9c2b-5e8e71f1473a', NULL, N'ICBN', CAST(0x00009D26011B6A56 AS DateTime), NULL)
INSERT [cons].[Name] ([NameID], [FullName], [TaxonRankID], [NameClassID], [OriginalOrthography], [GoverningCode], [AddedDate], [UpdatedDate]) VALUES (N'866a310d-7628-4a31-a306-10b83c268512', N'Rhizochloridales', N'2b1966d4-720b-4f58-9c01-1280e1bb0dab', N'a5233111-61a0-4ae6-9c2b-5e8e71f1473a', NULL, N'ICBN', CAST(0x00009D26011B6A56 AS DateTime), NULL)
INSERT [cons].[Name] ([NameID], [FullName], [TaxonRankID], [NameClassID], [OriginalOrthography], [GoverningCode], [AddedDate], [UpdatedDate]) VALUES (N'e0ce828f-ddf7-4ae5-ae0c-125d5c3145d1', N'Phaeothamniophyceae', N'8a07e8d2-9610-4a30-8f04-c39770686f2d', N'a5233111-61a0-4ae6-9c2b-5e8e71f1473a', NULL, N'ICBN', CAST(0x00009D26011B6A56 AS DateTime), NULL)
INSERT [cons].[Name] ([NameID], [FullName], [TaxonRankID], [NameClassID], [OriginalOrthography], [GoverningCode], [AddedDate], [UpdatedDate]) VALUES (N'3e350b89-19f0-45c1-b734-142e5b431850', N'Arecales', N'2b1966d4-720b-4f58-9c01-1280e1bb0dab', N'a5233111-61a0-4ae6-9c2b-5e8e71f1473a', NULL, N'ICBN', CAST(0x00009D26011B6A56 AS DateTime), NULL)
INSERT [cons].[Name] ([NameID], [FullName], [TaxonRankID], [NameClassID], [OriginalOrthography], [GoverningCode], [AddedDate], [UpdatedDate]) VALUES (N'e9d7f8a7-2041-45c9-8e21-14bdde411768', N'Cymatosirales Round & Crawford ', N'2b1966d4-720b-4f58-9c01-1280e1bb0dab', N'a5233111-61a0-4ae6-9c2b-5e8e71f1473a', NULL, N'ICBN', CAST(0x00009D26011B6A56 AS DateTime), NULL)
INSERT [cons].[Name] ([NameID], [FullName], [TaxonRankID], [NameClassID], [OriginalOrthography], [GoverningCode], [AddedDate], [UpdatedDate]) VALUES (N'd411004d-25f3-428e-b055-14c39d47be0b', N'Cryptomonadales', N'2b1966d4-720b-4f58-9c01-1280e1bb0dab', N'a5233111-61a0-4ae6-9c2b-5e8e71f1473a', NULL, N'ICBN', CAST(0x00009D26011B6A56 AS DateTime), NULL)
INSERT [cons].[Name] ([NameID], [FullName], [TaxonRankID], [NameClassID], [OriginalOrthography], [GoverningCode], [AddedDate], [UpdatedDate]) VALUES (N'1a514225-c0e5-489f-b8bc-15874bd6f6dc', N'Ericales', N'2b1966d4-720b-4f58-9c01-1280e1bb0dab', N'a5233111-61a0-4ae6-9c2b-5e8e71f1473a', NULL, N'ICBN', CAST(0x00009D26011B6A56 AS DateTime), NULL)
INSERT [cons].[Name] ([NameID], [FullName], [TaxonRankID], [NameClassID], [OriginalOrthography], [GoverningCode], [AddedDate], [UpdatedDate]) VALUES (N'628a5546-89a0-49b8-b3a4-15a5c347b598', N'Euglenophyceae', N'8a07e8d2-9610-4a30-8f04-c39770686f2d', N'a5233111-61a0-4ae6-9c2b-5e8e71f1473a', NULL, N'ICBN', CAST(0x00009D26011B6A56 AS DateTime), NULL)
INSERT [cons].[Name] ([NameID], [FullName], [TaxonRankID], [NameClassID], [OriginalOrthography], [GoverningCode], [AddedDate], [UpdatedDate]) VALUES (N'c5005ddf-ece7-47da-8e91-18145cb690c4', N'Ulvales', N'2b1966d4-720b-4f58-9c01-1280e1bb0dab', N'a5233111-61a0-4ae6-9c2b-5e8e71f1473a', NULL, N'ICBN', CAST(0x00009D26011B6A56 AS DateTime), NULL)
INSERT [cons].[Name] ([NameID], [FullName], [TaxonRankID], [NameClassID], [OriginalOrthography], [GoverningCode], [AddedDate], [UpdatedDate]) VALUES (N'f5c18eb3-8003-4956-a673-184a307bf6db', N'Trochodendrales', N'2b1966d4-720b-4f58-9c01-1280e1bb0dab', N'a5233111-61a0-4ae6-9c2b-5e8e71f1473a', N'', N'ICBN', CAST(0x00009D26011B6A56 AS DateTime), NULL)
INSERT [cons].[Name] ([NameID], [FullName], [TaxonRankID], [NameClassID], [OriginalOrthography], [GoverningCode], [AddedDate], [UpdatedDate]) VALUES (N'e89db47d-d58a-419e-97c8-1aec22c6a476', N'Peltigerales', N'2b1966d4-720b-4f58-9c01-1280e1bb0dab', N'a5233111-61a0-4ae6-9c2b-5e8e71f1473a', NULL, N'ICBN', CAST(0x00009D26011B6A56 AS DateTime), NULL)
INSERT [cons].[Name] ([NameID], [FullName], [TaxonRankID], [NameClassID], [OriginalOrthography], [GoverningCode], [AddedDate], [UpdatedDate]) VALUES (N'99d3227d-9c72-40b4-aab5-1b24c5ca93ba', N'Arthoniales', N'2b1966d4-720b-4f58-9c01-1280e1bb0dab', N'a5233111-61a0-4ae6-9c2b-5e8e71f1473a', NULL, N'ICBN', CAST(0x00009D26011B6A56 AS DateTime), NULL)
INSERT [cons].[Name] ([NameID], [FullName], [TaxonRankID], [NameClassID], [OriginalOrthography], [GoverningCode], [AddedDate], [UpdatedDate]) VALUES (N'07eb9578-eb7a-4625-8ca8-1b95b15a4c7c', N'Haloragales', N'2b1966d4-720b-4f58-9c01-1280e1bb0dab', N'a5233111-61a0-4ae6-9c2b-5e8e71f1473a', NULL, N'ICBN', CAST(0x00009D26011B6A56 AS DateTime), NULL)
INSERT [cons].[Name] ([NameID], [FullName], [TaxonRankID], [NameClassID], [OriginalOrthography], [GoverningCode], [AddedDate], [UpdatedDate]) VALUES (N'58f4758d-1595-4336-b8cd-1c763ef05844', N'Solanales', N'2b1966d4-720b-4f58-9c01-1280e1bb0dab', N'a5233111-61a0-4ae6-9c2b-5e8e71f1473a', NULL, N'ICBN', CAST(0x00009D26011B6A56 AS DateTime), NULL)
INSERT [cons].[Name] ([NameID], [FullName], [TaxonRankID], [NameClassID], [OriginalOrthography], [GoverningCode], [AddedDate], [UpdatedDate]) VALUES (N'f4bd221d-bbb2-453e-b7fc-1ef2a4f4e622', N'Dinococcales', N'2b1966d4-720b-4f58-9c01-1280e1bb0dab', N'a5233111-61a0-4ae6-9c2b-5e8e71f1473a', NULL, N'ICBN', CAST(0x00009D26011B6A56 AS DateTime), NULL)
INSERT [cons].[Name] ([NameID], [FullName], [TaxonRankID], [NameClassID], [OriginalOrthography], [GoverningCode], [AddedDate], [UpdatedDate]) VALUES (N'54ea86af-d347-446a-9bea-1f8393ad32ef', N'Cryptophyceae', N'8a07e8d2-9610-4a30-8f04-c39770686f2d', N'a5233111-61a0-4ae6-9c2b-5e8e71f1473a', NULL, N'ICBN', CAST(0x00009D26011B6A56 AS DateTime), NULL)
INSERT [cons].[Name] ([NameID], [FullName], [TaxonRankID], [NameClassID], [OriginalOrthography], [GoverningCode], [AddedDate], [UpdatedDate]) VALUES (N'03bc2876-e095-4024-ba8d-207e50e29bd8', N'Dinophyta', N'de860ea0-d36b-4663-a9e1-a45a64c11e93', N'a5233111-61a0-4ae6-9c2b-5e8e71f1473a', NULL, N'ICBN', CAST(0x00009D26011B6A56 AS DateTime), NULL)
INSERT [cons].[Name] ([NameID], [FullName], [TaxonRankID], [NameClassID], [OriginalOrthography], [GoverningCode], [AddedDate], [UpdatedDate]) VALUES (N'63707033-44c0-4ee0-af00-21b594db8e55', N'Asterales', N'2b1966d4-720b-4f58-9c01-1280e1bb0dab', N'a5233111-61a0-4ae6-9c2b-5e8e71f1473a', NULL, N'ICBN', CAST(0x00009D26011B6A56 AS DateTime), NULL)
INSERT [cons].[Name] ([NameID], [FullName], [TaxonRankID], [NameClassID], [OriginalOrthography], [GoverningCode], [AddedDate], [UpdatedDate]) VALUES (N'a1187acd-76f6-427d-9cdb-23492cebb3a4', N'Eriocaulales', N'2b1966d4-720b-4f58-9c01-1280e1bb0dab', N'a5233111-61a0-4ae6-9c2b-5e8e71f1473a', NULL, N'ICBN', CAST(0x00009D26011B6A56 AS DateTime), NULL)
INSERT [cons].[Name] ([NameID], [FullName], [TaxonRankID], [NameClassID], [OriginalOrthography], [GoverningCode], [AddedDate], [UpdatedDate]) VALUES (N'76c933da-c054-453d-acab-2440ac26aa81', N'Marchantiales', N'2b1966d4-720b-4f58-9c01-1280e1bb0dab', N'a5233111-61a0-4ae6-9c2b-5e8e71f1473a', NULL, N'ICBN', CAST(0x00009D26011B6A56 AS DateTime), NULL)
INSERT [cons].[Name] ([NameID], [FullName], [TaxonRankID], [NameClassID], [OriginalOrthography], [GoverningCode], [AddedDate], [UpdatedDate]) VALUES (N'72ca968d-1a3d-4531-bccd-245c6c2c3e87', N'Orthoseirales Crawford ', N'2b1966d4-720b-4f58-9c01-1280e1bb0dab', N'a5233111-61a0-4ae6-9c2b-5e8e71f1473a', NULL, N'ICBN', CAST(0x00009D26011B6A56 AS DateTime), NULL)
INSERT [cons].[Name] ([NameID], [FullName], [TaxonRankID], [NameClassID], [OriginalOrthography], [GoverningCode], [AddedDate], [UpdatedDate]) VALUES (N'9ab30f3c-24cc-4db2-886f-2666c2534ec9', N'Chlorophyceae', N'8a07e8d2-9610-4a30-8f04-c39770686f2d', N'a5233111-61a0-4ae6-9c2b-5e8e71f1473a', NULL, N'ICBN', CAST(0x00009D26011B6A56 AS DateTime), NULL)
INSERT [cons].[Name] ([NameID], [FullName], [TaxonRankID], [NameClassID], [OriginalOrthography], [GoverningCode], [AddedDate], [UpdatedDate]) VALUES (N'53f29bb6-ac72-440e-9f59-28b3e96cc394', N'Phyllachorales', N'2b1966d4-720b-4f58-9c01-1280e1bb0dab', N'a5233111-61a0-4ae6-9c2b-5e8e71f1473a', NULL, N'ICBN', CAST(0x00009D26011B6A56 AS DateTime), NULL)
INSERT [cons].[Name] ([NameID], [FullName], [TaxonRankID], [NameClassID], [OriginalOrthography], [GoverningCode], [AddedDate], [UpdatedDate]) VALUES (N'bf2c56b5-5aff-4c4e-a657-29b739b15bbb', N'Capparales', N'2b1966d4-720b-4f58-9c01-1280e1bb0dab', N'a5233111-61a0-4ae6-9c2b-5e8e71f1473a', NULL, N'ICBN', CAST(0x00009D26011B6A56 AS DateTime), NULL)
INSERT [cons].[Name] ([NameID], [FullName], [TaxonRankID], [NameClassID], [OriginalOrthography], [GoverningCode], [AddedDate], [UpdatedDate]) VALUES (N'bbb6e350-5ec7-4b98-ae89-2fe9a1559712', N'Hepaticae', N'8a07e8d2-9610-4a30-8f04-c39770686f2d', N'a5233111-61a0-4ae6-9c2b-5e8e71f1473a', NULL, N'ICBN', CAST(0x00009D26011B6A56 AS DateTime), NULL)
INSERT [cons].[Name] ([NameID], [FullName], [TaxonRankID], [NameClassID], [OriginalOrthography], [GoverningCode], [AddedDate], [UpdatedDate]) VALUES (N'e58f90d3-5187-4be9-adba-304833bd3244', N'Pennales', N'2b1966d4-720b-4f58-9c01-1280e1bb0dab', N'a5233111-61a0-4ae6-9c2b-5e8e71f1473a', NULL, N'ICBN', CAST(0x00009D26011B6A56 AS DateTime), NULL)
INSERT [cons].[Name] ([NameID], [FullName], [TaxonRankID], [NameClassID], [OriginalOrthography], [GoverningCode], [AddedDate], [UpdatedDate]) VALUES (N'39d321aa-3fbf-4d1d-81a7-31004cb84c9f', N'Basidiomycetes', N'8a07e8d2-9610-4a30-8f04-c39770686f2d', N'a5233111-61a0-4ae6-9c2b-5e8e71f1473a', NULL, N'ICBN', CAST(0x00009D26011B6A56 AS DateTime), NULL)
INSERT [cons].[Name] ([NameID], [FullName], [TaxonRankID], [NameClassID], [OriginalOrthography], [GoverningCode], [AddedDate], [UpdatedDate]) VALUES (N'7b5b90cc-b1ad-4ddd-9bea-3140b3723f04', N'Chaetocerotales Round & Crawford ', N'2b1966d4-720b-4f58-9c01-1280e1bb0dab', N'a5233111-61a0-4ae6-9c2b-5e8e71f1473a', NULL, N'ICBN', CAST(0x00009D26011B6A56 AS DateTime), NULL)
INSERT [cons].[Name] ([NameID], [FullName], [TaxonRankID], [NameClassID], [OriginalOrthography], [GoverningCode], [AddedDate], [UpdatedDate]) VALUES (N'2c424a80-3bea-424e-98b4-3149ea4fbb90', N'Verrucariales', N'2b1966d4-720b-4f58-9c01-1280e1bb0dab', N'a5233111-61a0-4ae6-9c2b-5e8e71f1473a', NULL, N'ICBN', CAST(0x00009D26011B6A56 AS DateTime), NULL)
INSERT [cons].[Name] ([NameID], [FullName], [TaxonRankID], [NameClassID], [OriginalOrthography], [GoverningCode], [AddedDate], [UpdatedDate]) VALUES (N'cc2115ad-ac5e-40d5-8815-32f5a0c72731', N'Phaeothamniales', N'2b1966d4-720b-4f58-9c01-1280e1bb0dab', N'a5233111-61a0-4ae6-9c2b-5e8e71f1473a', NULL, N'ICBN', CAST(0x00009D26011B6A56 AS DateTime), NULL)
INSERT [cons].[Name] ([NameID], [FullName], [TaxonRankID], [NameClassID], [OriginalOrthography], [GoverningCode], [AddedDate], [UpdatedDate]) VALUES (N'38aeb850-efaf-4c20-81a1-34165d8c104b', N'Hydatellales', N'2b1966d4-720b-4f58-9c01-1280e1bb0dab', N'a5233111-61a0-4ae6-9c2b-5e8e71f1473a', NULL, N'ICBN', CAST(0x00009D26011B6A56 AS DateTime), NULL)
INSERT [cons].[Name] ([NameID], [FullName], [TaxonRankID], [NameClassID], [OriginalOrthography], [GoverningCode], [AddedDate], [UpdatedDate]) VALUES (N'f70d0429-279d-47b4-a5b0-34b9c686393d', N'Scrophulariales', N'2b1966d4-720b-4f58-9c01-1280e1bb0dab', N'a5233111-61a0-4ae6-9c2b-5e8e71f1473a', NULL, N'ICBN', CAST(0x00009D26011B6A56 AS DateTime), NULL)
INSERT [cons].[Name] ([NameID], [FullName], [TaxonRankID], [NameClassID], [OriginalOrthography], [GoverningCode], [AddedDate], [UpdatedDate]) VALUES (N'72bc4381-3617-4ca9-84c5-352339117134', N'Zygophyceae', N'8a07e8d2-9610-4a30-8f04-c39770686f2d', N'a5233111-61a0-4ae6-9c2b-5e8e71f1473a', NULL, N'ICBN', CAST(0x00009D26011B6A56 AS DateTime), NULL)
INSERT [cons].[Name] ([NameID], [FullName], [TaxonRankID], [NameClassID], [OriginalOrthography], [GoverningCode], [AddedDate], [UpdatedDate]) VALUES (N'8748aed6-db10-4fdb-aec2-3746b5534906', N'Metzgeriales', N'2b1966d4-720b-4f58-9c01-1280e1bb0dab', N'a5233111-61a0-4ae6-9c2b-5e8e71f1473a', NULL, N'ICBN', CAST(0x00009D26011B6A56 AS DateTime), NULL)
INSERT [cons].[Name] ([NameID], [FullName], [TaxonRankID], [NameClassID], [OriginalOrthography], [GoverningCode], [AddedDate], [UpdatedDate]) VALUES (N'd08cc833-ac87-423f-869a-383aed10aebf', N'Coscinodiscophyceae', N'8a07e8d2-9610-4a30-8f04-c39770686f2d', N'a5233111-61a0-4ae6-9c2b-5e8e71f1473a', NULL, N'ICBN', CAST(0x00009D26011B6A56 AS DateTime), NULL)
INSERT [cons].[Name] ([NameID], [FullName], [TaxonRankID], [NameClassID], [OriginalOrthography], [GoverningCode], [AddedDate], [UpdatedDate]) VALUES (N'78cdb4ae-49be-4ce2-b0d5-3bd1b56afbed', N'biotic', N'057d6434-a12a-460d-b705-4510603fae4f', N'a5233111-61a0-4ae6-9c2b-5e8e71f1473a', NULL, N'ICBN', CAST(0x00009D26011B6A56 AS DateTime), NULL)
INSERT [cons].[Name] ([NameID], [FullName], [TaxonRankID], [NameClassID], [OriginalOrthography], [GoverningCode], [AddedDate], [UpdatedDate]) VALUES (N'e118be4c-6938-4e7e-b18c-3bd69d3f6684', N'Psilotopsida', N'8a07e8d2-9610-4a30-8f04-c39770686f2d', N'a5233111-61a0-4ae6-9c2b-5e8e71f1473a', NULL, N'ICBN', CAST(0x00009D26011B6A56 AS DateTime), NULL)
INSERT [cons].[Name] ([NameID], [FullName], [TaxonRankID], [NameClassID], [OriginalOrthography], [GoverningCode], [AddedDate], [UpdatedDate]) VALUES (N'5865624d-f492-4d75-a44b-3c71135babf4', N'Aristolochiales', N'2b1966d4-720b-4f58-9c01-1280e1bb0dab', N'a5233111-61a0-4ae6-9c2b-5e8e71f1473a', N'', N'ICBN', CAST(0x00009D26011B6A56 AS DateTime), NULL)
INSERT [cons].[Name] ([NameID], [FullName], [TaxonRankID], [NameClassID], [OriginalOrthography], [GoverningCode], [AddedDate], [UpdatedDate]) VALUES (N'f5857011-8472-4501-b8a3-3ccb7e6e5b9e', N'Juglandales', N'2b1966d4-720b-4f58-9c01-1280e1bb0dab', N'a5233111-61a0-4ae6-9c2b-5e8e71f1473a', NULL, N'ICBN', CAST(0x00009D26011B6A56 AS DateTime), NULL)
INSERT [cons].[Name] ([NameID], [FullName], [TaxonRankID], [NameClassID], [OriginalOrthography], [GoverningCode], [AddedDate], [UpdatedDate]) VALUES (N'3431141e-dcd4-43f9-83a7-3da8c63a7e9f', N'Hamamelidales', N'2b1966d4-720b-4f58-9c01-1280e1bb0dab', N'a5233111-61a0-4ae6-9c2b-5e8e71f1473a', NULL, N'ICBN', CAST(0x00009D26011B6A56 AS DateTime), NULL)
INSERT [cons].[Name] ([NameID], [FullName], [TaxonRankID], [NameClassID], [OriginalOrthography], [GoverningCode], [AddedDate], [UpdatedDate]) VALUES (N'f80003af-fb56-4221-8456-451fd8e20e81', N'Rhodophyta', N'4683cf13-2092-49b8-ba5a-5bb187463b81', N'a5233111-61a0-4ae6-9c2b-5e8e71f1473a', N'', N'ICBN', CAST(0x00009D26011B6A56 AS DateTime), NULL)
INSERT [cons].[Name] ([NameID], [FullName], [TaxonRankID], [NameClassID], [OriginalOrthography], [GoverningCode], [AddedDate], [UpdatedDate]) VALUES (N'89bc25fb-3891-4db5-ab80-45c718ed4aff', N'Lichinales', N'2b1966d4-720b-4f58-9c01-1280e1bb0dab', N'a5233111-61a0-4ae6-9c2b-5e8e71f1473a', NULL, N'ICBN', CAST(0x00009D26011B6A56 AS DateTime), NULL)
INSERT [cons].[Name] ([NameID], [FullName], [TaxonRankID], [NameClassID], [OriginalOrthography], [GoverningCode], [AddedDate], [UpdatedDate]) VALUES (N'4bf4119f-22f6-4a8b-8b2f-46d5247b7d75', N'Siphonocladales', N'2b1966d4-720b-4f58-9c01-1280e1bb0dab', N'a5233111-61a0-4ae6-9c2b-5e8e71f1473a', NULL, N'ICBN', CAST(0x00009D26011B6A56 AS DateTime), NULL)
INSERT [cons].[Name] ([NameID], [FullName], [TaxonRankID], [NameClassID], [OriginalOrthography], [GoverningCode], [AddedDate], [UpdatedDate]) VALUES (N'3d40e437-60fd-42b3-9567-47770e090583', N'Glaucocystales', N'2b1966d4-720b-4f58-9c01-1280e1bb0dab', N'a5233111-61a0-4ae6-9c2b-5e8e71f1473a', NULL, N'ICBN', CAST(0x00009D26011B6A56 AS DateTime), NULL)
INSERT [cons].[Name] ([NameID], [FullName], [TaxonRankID], [NameClassID], [OriginalOrthography], [GoverningCode], [AddedDate], [UpdatedDate]) VALUES (N'81c6dd3f-47ef-4188-befd-481bdf0290bc', N'Chaetophorales', N'2b1966d4-720b-4f58-9c01-1280e1bb0dab', N'a5233111-61a0-4ae6-9c2b-5e8e71f1473a', NULL, N'ICBN', CAST(0x00009D26011B6A56 AS DateTime), NULL)
INSERT [cons].[Name] ([NameID], [FullName], [TaxonRankID], [NameClassID], [OriginalOrthography], [GoverningCode], [AddedDate], [UpdatedDate]) VALUES (N'0d28e84a-19ec-463b-9680-488d12fc1d03', N'Caryophyllales', N'2b1966d4-720b-4f58-9c01-1280e1bb0dab', N'a5233111-61a0-4ae6-9c2b-5e8e71f1473a', NULL, N'ICBN', CAST(0x00009D26011B6A56 AS DateTime), NULL)
INSERT [cons].[Name] ([NameID], [FullName], [TaxonRankID], [NameClassID], [OriginalOrthography], [GoverningCode], [AddedDate], [UpdatedDate]) VALUES (N'e968244e-a475-40c7-af58-48ade6921f27', N'Mycocaliciales', N'2b1966d4-720b-4f58-9c01-1280e1bb0dab', N'a5233111-61a0-4ae6-9c2b-5e8e71f1473a', NULL, N'ICBN', CAST(0x00009D26011B6A56 AS DateTime), NULL)
INSERT [cons].[Name] ([NameID], [FullName], [TaxonRankID], [NameClassID], [OriginalOrthography], [GoverningCode], [AddedDate], [UpdatedDate]) VALUES (N'ad42b7f6-19ed-477b-879a-48e271b97aae', N'Platygloeales', N'2b1966d4-720b-4f58-9c01-1280e1bb0dab', N'a5233111-61a0-4ae6-9c2b-5e8e71f1473a', NULL, N'ICBN', CAST(0x00009D26011B6A56 AS DateTime), NULL)
INSERT [cons].[Name] ([NameID], [FullName], [TaxonRankID], [NameClassID], [OriginalOrthography], [GoverningCode], [AddedDate], [UpdatedDate]) VALUES (N'1697a454-2453-4079-a32f-491e1804e2a8', N'Aulacoseirales Crawford ', N'2b1966d4-720b-4f58-9c01-1280e1bb0dab', N'a5233111-61a0-4ae6-9c2b-5e8e71f1473a', NULL, N'ICBN', CAST(0x00009D26011B6A56 AS DateTime), NULL)
INSERT [cons].[Name] ([NameID], [FullName], [TaxonRankID], [NameClassID], [OriginalOrthography], [GoverningCode], [AddedDate], [UpdatedDate]) VALUES (N'edf0af86-f13e-43f1-8ba6-499dd661775f', N'Myriangiales', N'2b1966d4-720b-4f58-9c01-1280e1bb0dab', N'a5233111-61a0-4ae6-9c2b-5e8e71f1473a', NULL, N'ICBN', CAST(0x00009D26011B6A56 AS DateTime), NULL)
INSERT [cons].[Name] ([NameID], [FullName], [TaxonRankID], [NameClassID], [OriginalOrthography], [GoverningCode], [AddedDate], [UpdatedDate]) VALUES (N'3de65f2e-c133-4179-a18c-4a04b7035067', N'Anthocerotae', N'8a07e8d2-9610-4a30-8f04-c39770686f2d', N'a5233111-61a0-4ae6-9c2b-5e8e71f1473a', NULL, N'ICBN', CAST(0x00009D26011B6A56 AS DateTime), NULL)
INSERT [cons].[Name] ([NameID], [FullName], [TaxonRankID], [NameClassID], [OriginalOrthography], [GoverningCode], [AddedDate], [UpdatedDate]) VALUES (N'1b007f71-e3c5-4d37-b5e9-4b44405dd9a6', N'Desmidiales (Placodermae)', N'2b1966d4-720b-4f58-9c01-1280e1bb0dab', N'a5233111-61a0-4ae6-9c2b-5e8e71f1473a', NULL, N'ICBN', CAST(0x00009D26011B6A56 AS DateTime), NULL)
INSERT [cons].[Name] ([NameID], [FullName], [TaxonRankID], [NameClassID], [OriginalOrthography], [GoverningCode], [AddedDate], [UpdatedDate]) VALUES (N'40340f9d-7fad-49cf-a8cf-4b8323f776a8', N'Chlorophyta', N'de860ea0-d36b-4663-a9e1-a45a64c11e93', N'a5233111-61a0-4ae6-9c2b-5e8e71f1473a', NULL, N'ICBN', CAST(0x00009D26011B6A56 AS DateTime), NULL)
INSERT [cons].[Name] ([NameID], [FullName], [TaxonRankID], [NameClassID], [OriginalOrthography], [GoverningCode], [AddedDate], [UpdatedDate]) VALUES (N'1e565a91-b224-4c6d-8b31-4ca0d19e92df', N'Peridiniales', N'2b1966d4-720b-4f58-9c01-1280e1bb0dab', N'a5233111-61a0-4ae6-9c2b-5e8e71f1473a', NULL, N'ICBN', CAST(0x00009D26011B6A56 AS DateTime), NULL)
INSERT [cons].[Name] ([NameID], [FullName], [TaxonRankID], [NameClassID], [OriginalOrthography], [GoverningCode], [AddedDate], [UpdatedDate]) VALUES (N'eb9420dd-689b-4ba7-8f44-4d5fa2c41b5e', N'Pedinomonadales', N'2b1966d4-720b-4f58-9c01-1280e1bb0dab', N'a5233111-61a0-4ae6-9c2b-5e8e71f1473a', NULL, N'ICBN', CAST(0x00009D26011B6A56 AS DateTime), NULL)
INSERT [cons].[Name] ([NameID], [FullName], [TaxonRankID], [NameClassID], [OriginalOrthography], [GoverningCode], [AddedDate], [UpdatedDate]) VALUES (N'3409223d-a7e4-4b49-899b-4d644622ab4f', N'Violales', N'2b1966d4-720b-4f58-9c01-1280e1bb0dab', N'a5233111-61a0-4ae6-9c2b-5e8e71f1473a', NULL, N'ICBN', CAST(0x00009D26011B6A56 AS DateTime), NULL)
INSERT [cons].[Name] ([NameID], [FullName], [TaxonRankID], [NameClassID], [OriginalOrthography], [GoverningCode], [AddedDate], [UpdatedDate]) VALUES (N'56feb1b8-f0e0-454d-9892-4dc68f7feca5', N'Fagales', N'2b1966d4-720b-4f58-9c01-1280e1bb0dab', N'a5233111-61a0-4ae6-9c2b-5e8e71f1473a', NULL, N'ICBN', CAST(0x00009D26011B6A56 AS DateTime), NULL)
INSERT [cons].[Name] ([NameID], [FullName], [TaxonRankID], [NameClassID], [OriginalOrthography], [GoverningCode], [AddedDate], [UpdatedDate]) VALUES (N'e76b367e-3c76-46b6-a61e-4de1362af49b', N'Urticales', N'2b1966d4-720b-4f58-9c01-1280e1bb0dab', N'a5233111-61a0-4ae6-9c2b-5e8e71f1473a', NULL, N'ICBN', CAST(0x00009D26011B6A56 AS DateTime), NULL)
INSERT [cons].[Name] ([NameID], [FullName], [TaxonRankID], [NameClassID], [OriginalOrthography], [GoverningCode], [AddedDate], [UpdatedDate]) VALUES (N'fbdd78bf-64f2-4434-a522-4e3a2e5a585f', N'Chlorococcales', N'2b1966d4-720b-4f58-9c01-1280e1bb0dab', N'a5233111-61a0-4ae6-9c2b-5e8e71f1473a', NULL, N'ICBN', CAST(0x00009D26011B6A56 AS DateTime), NULL)
INSERT [cons].[Name] ([NameID], [FullName], [TaxonRankID], [NameClassID], [OriginalOrthography], [GoverningCode], [AddedDate], [UpdatedDate]) VALUES (N'21323143-8282-46ab-8b38-4ebc4711748a', N'Teloschistales', N'2b1966d4-720b-4f58-9c01-1280e1bb0dab', N'a5233111-61a0-4ae6-9c2b-5e8e71f1473a', NULL, N'ICBN', CAST(0x00009D26011B6A56 AS DateTime), NULL)
INSERT [cons].[Name] ([NameID], [FullName], [TaxonRankID], [NameClassID], [OriginalOrthography], [GoverningCode], [AddedDate], [UpdatedDate]) VALUES (N'0b173300-37ad-441b-8d2f-4f7024ac90d8', N'Malvales', N'2b1966d4-720b-4f58-9c01-1280e1bb0dab', N'a5233111-61a0-4ae6-9c2b-5e8e71f1473a', NULL, N'ICBN', CAST(0x00009D26011B6A56 AS DateTime), NULL)
INSERT [cons].[Name] ([NameID], [FullName], [TaxonRankID], [NameClassID], [OriginalOrthography], [GoverningCode], [AddedDate], [UpdatedDate]) VALUES (N'fe5b0a6e-e4eb-446a-94ee-4ff006440363', N'Rhizophorales', N'2b1966d4-720b-4f58-9c01-1280e1bb0dab', N'a5233111-61a0-4ae6-9c2b-5e8e71f1473a', N'', N'ICBN', CAST(0x00009D26011B6A56 AS DateTime), NULL)
INSERT [cons].[Name] ([NameID], [FullName], [TaxonRankID], [NameClassID], [OriginalOrthography], [GoverningCode], [AddedDate], [UpdatedDate]) VALUES (N'c6be2031-45b3-4075-b98a-4ffe220f061b', N'Monocleales', N'2b1966d4-720b-4f58-9c01-1280e1bb0dab', N'a5233111-61a0-4ae6-9c2b-5e8e71f1473a', NULL, N'ICBN', CAST(0x00009D26011B6A56 AS DateTime), NULL)
INSERT [cons].[Name] ([NameID], [FullName], [TaxonRankID], [NameClassID], [OriginalOrthography], [GoverningCode], [AddedDate], [UpdatedDate]) VALUES (N'c67b829b-cd86-4d86-9c97-50398dbf5d68', N'Incertae sedis', N'de860ea0-d36b-4663-a9e1-a45a64c11e93', N'a5233111-61a0-4ae6-9c2b-5e8e71f1473a', N'', N'ICBN', CAST(0x00009D26011B6A56 AS DateTime), NULL)
INSERT [cons].[Name] ([NameID], [FullName], [TaxonRankID], [NameClassID], [OriginalOrthography], [GoverningCode], [AddedDate], [UpdatedDate]) VALUES (N'fa7fca76-3fe1-41d2-b23d-52f25a3d7fe5', N'Thalassiosirales Glezer & Makarova ', N'2b1966d4-720b-4f58-9c01-1280e1bb0dab', N'a5233111-61a0-4ae6-9c2b-5e8e71f1473a', NULL, N'ICBN', CAST(0x00009D26011B6A56 AS DateTime), NULL)
INSERT [cons].[Name] ([NameID], [FullName], [TaxonRankID], [NameClassID], [OriginalOrthography], [GoverningCode], [AddedDate], [UpdatedDate]) VALUES (N'5275e8df-8a82-433d-ab04-53799dffd3e4', N'Myrtales', N'2b1966d4-720b-4f58-9c01-1280e1bb0dab', N'a5233111-61a0-4ae6-9c2b-5e8e71f1473a', NULL, N'ICBN', CAST(0x00009D26011B6A56 AS DateTime), NULL)
INSERT [cons].[Name] ([NameID], [FullName], [TaxonRankID], [NameClassID], [OriginalOrthography], [GoverningCode], [AddedDate], [UpdatedDate]) VALUES (N'7e66f5b7-1870-4202-8d26-53d652148600', N'Cyanoprokaryota', N'de860ea0-d36b-4663-a9e1-a45a64c11e93', N'a5233111-61a0-4ae6-9c2b-5e8e71f1473a', NULL, N'ICBN', CAST(0x00009D26011B6A56 AS DateTime), NULL)
INSERT [cons].[Name] ([NameID], [FullName], [TaxonRankID], [NameClassID], [OriginalOrthography], [GoverningCode], [AddedDate], [UpdatedDate]) VALUES (N'fbe2591c-c0d5-4e5c-abbe-55773d425c8c', N'Sapindales', N'2b1966d4-720b-4f58-9c01-1280e1bb0dab', N'a5233111-61a0-4ae6-9c2b-5e8e71f1473a', NULL, N'ICBN', CAST(0x00009D26011B6A56 AS DateTime), NULL)
INSERT [cons].[Name] ([NameID], [FullName], [TaxonRankID], [NameClassID], [OriginalOrthography], [GoverningCode], [AddedDate], [UpdatedDate]) VALUES (N'a2a92196-4416-4ba8-ba08-576da5529db6', N'Pleosporales', N'2b1966d4-720b-4f58-9c01-1280e1bb0dab', N'a5233111-61a0-4ae6-9c2b-5e8e71f1473a', NULL, N'ICBN', CAST(0x00009D26011B6A56 AS DateTime), NULL)
INSERT [cons].[Name] ([NameID], [FullName], [TaxonRankID], [NameClassID], [OriginalOrthography], [GoverningCode], [AddedDate], [UpdatedDate]) VALUES (N'6383a8dd-0fcc-420a-9bb8-5985c60cfc0f', N'Lecythidales', N'2b1966d4-720b-4f58-9c01-1280e1bb0dab', N'a5233111-61a0-4ae6-9c2b-5e8e71f1473a', N'', N'ICBN', CAST(0x00009D26011B6A56 AS DateTime), NULL)
INSERT [cons].[Name] ([NameID], [FullName], [TaxonRankID], [NameClassID], [OriginalOrthography], [GoverningCode], [AddedDate], [UpdatedDate]) VALUES (N'facd68b8-cdc4-43a2-be33-5b30584b4e4c', N'Typhales', N'2b1966d4-720b-4f58-9c01-1280e1bb0dab', N'a5233111-61a0-4ae6-9c2b-5e8e71f1473a', NULL, N'ICBN', CAST(0x00009D26011B6A56 AS DateTime), NULL)
INSERT [cons].[Name] ([NameID], [FullName], [TaxonRankID], [NameClassID], [OriginalOrthography], [GoverningCode], [AddedDate], [UpdatedDate]) VALUES (N'224cc511-5029-4107-b259-5c335b004a08', N'Orchidales', N'2b1966d4-720b-4f58-9c01-1280e1bb0dab', N'a5233111-61a0-4ae6-9c2b-5e8e71f1473a', NULL, N'ICBN', CAST(0x00009D26011B6A56 AS DateTime), NULL)
INSERT [cons].[Name] ([NameID], [FullName], [TaxonRankID], [NameClassID], [OriginalOrthography], [GoverningCode], [AddedDate], [UpdatedDate]) VALUES (N'c0afa263-9a69-49c8-83f1-5d45c9ecfa30', N'Hypocreales', N'2b1966d4-720b-4f58-9c01-1280e1bb0dab', N'a5233111-61a0-4ae6-9c2b-5e8e71f1473a', NULL, N'ICBN', CAST(0x00009D26011B6A56 AS DateTime), NULL)
INSERT [cons].[Name] ([NameID], [FullName], [TaxonRankID], [NameClassID], [OriginalOrthography], [GoverningCode], [AddedDate], [UpdatedDate]) VALUES (N'ad9f9fca-db2c-449a-b977-5dca1a1422ea', N'Melosirales Crawford ', N'2b1966d4-720b-4f58-9c01-1280e1bb0dab', N'a5233111-61a0-4ae6-9c2b-5e8e71f1473a', NULL, N'ICBN', CAST(0x00009D26011B6A56 AS DateTime), NULL)
INSERT [cons].[Name] ([NameID], [FullName], [TaxonRankID], [NameClassID], [OriginalOrthography], [GoverningCode], [AddedDate], [UpdatedDate]) VALUES (N'69f39b05-8e35-46f7-94bf-5e1a85fa2fcb', N'Nostocales', N'2b1966d4-720b-4f58-9c01-1280e1bb0dab', N'a5233111-61a0-4ae6-9c2b-5e8e71f1473a', NULL, N'ICBN', CAST(0x00009D26011B6A56 AS DateTime), NULL)
INSERT [cons].[Name] ([NameID], [FullName], [TaxonRankID], [NameClassID], [OriginalOrthography], [GoverningCode], [AddedDate], [UpdatedDate]) VALUES (N'93515f48-1aab-4aa8-897f-5ebcc69aca6b', N'Apiales', N'2b1966d4-720b-4f58-9c01-1280e1bb0dab', N'a5233111-61a0-4ae6-9c2b-5e8e71f1473a', NULL, N'ICBN', CAST(0x00009D26011B6A56 AS DateTime), NULL)
INSERT [cons].[Name] ([NameID], [FullName], [TaxonRankID], [NameClassID], [OriginalOrthography], [GoverningCode], [AddedDate], [UpdatedDate]) VALUES (N'7bb25bb4-c93f-40bf-ab23-5f66f4bb3cf3', N'Cryptophyta', N'de860ea0-d36b-4663-a9e1-a45a64c11e93', N'a5233111-61a0-4ae6-9c2b-5e8e71f1473a', NULL, N'ICBN', CAST(0x00009D26011B6A56 AS DateTime), NULL)
INSERT [cons].[Name] ([NameID], [FullName], [TaxonRankID], [NameClassID], [OriginalOrthography], [GoverningCode], [AddedDate], [UpdatedDate]) VALUES (N'db1d2bd9-3890-4147-9970-62f7962fbf30', N'Mamiellales', N'2b1966d4-720b-4f58-9c01-1280e1bb0dab', N'a5233111-61a0-4ae6-9c2b-5e8e71f1473a', NULL, N'ICBN', CAST(0x00009D26011B6A56 AS DateTime), NULL)
INSERT [cons].[Name] ([NameID], [FullName], [TaxonRankID], [NameClassID], [OriginalOrthography], [GoverningCode], [AddedDate], [UpdatedDate]) VALUES (N'ee2057de-c9c3-45f9-a6d1-65e313e374c3', N'Chroococcales', N'2b1966d4-720b-4f58-9c01-1280e1bb0dab', N'a5233111-61a0-4ae6-9c2b-5e8e71f1473a', NULL, N'ICBN', CAST(0x00009D26011B6A56 AS DateTime), NULL)
INSERT [cons].[Name] ([NameID], [FullName], [TaxonRankID], [NameClassID], [OriginalOrthography], [GoverningCode], [AddedDate], [UpdatedDate]) VALUES (N'c22c9755-74db-4ed9-b68e-6630b7af17c2', N'Vaucheriales', N'2b1966d4-720b-4f58-9c01-1280e1bb0dab', N'a5233111-61a0-4ae6-9c2b-5e8e71f1473a', NULL, N'ICBN', CAST(0x00009D26011B6A56 AS DateTime), NULL)
INSERT [cons].[Name] ([NameID], [FullName], [TaxonRankID], [NameClassID], [OriginalOrthography], [GoverningCode], [AddedDate], [UpdatedDate]) VALUES (N'a49351cc-646e-4310-89a9-66dcc2109b23', N'Coniferales', N'2b1966d4-720b-4f58-9c01-1280e1bb0dab', N'a5233111-61a0-4ae6-9c2b-5e8e71f1473a', NULL, N'ICBN', CAST(0x00009D26011B6A56 AS DateTime), NULL)
INSERT [cons].[Name] ([NameID], [FullName], [TaxonRankID], [NameClassID], [OriginalOrthography], [GoverningCode], [AddedDate], [UpdatedDate]) VALUES (N'fd7fc34d-2775-4031-a8db-6a30c7768878', N'Zygnematales', N'2b1966d4-720b-4f58-9c01-1280e1bb0dab', N'a5233111-61a0-4ae6-9c2b-5e8e71f1473a', NULL, N'ICBN', CAST(0x00009D26011B6A56 AS DateTime), NULL)
INSERT [cons].[Name] ([NameID], [FullName], [TaxonRankID], [NameClassID], [OriginalOrthography], [GoverningCode], [AddedDate], [UpdatedDate]) VALUES (N'dcd983d5-93dc-4a10-9c40-6b0d5b682ee3', N'Ginkgoatae', N'8a07e8d2-9610-4a30-8f04-c39770686f2d', N'a5233111-61a0-4ae6-9c2b-5e8e71f1473a', N'', N'ICBN', CAST(0x00009D26011B6A56 AS DateTime), NULL)
INSERT [cons].[Name] ([NameID], [FullName], [TaxonRankID], [NameClassID], [OriginalOrthography], [GoverningCode], [AddedDate], [UpdatedDate]) VALUES (N'e63c1f9a-a9eb-4b1e-8e23-6cf96c15fe66', N'Mischococcales', N'2b1966d4-720b-4f58-9c01-1280e1bb0dab', N'a5233111-61a0-4ae6-9c2b-5e8e71f1473a', NULL, N'ICBN', CAST(0x00009D26011B6A56 AS DateTime), NULL)
INSERT [cons].[Name] ([NameID], [FullName], [TaxonRankID], [NameClassID], [OriginalOrthography], [GoverningCode], [AddedDate], [UpdatedDate]) VALUES (N'f2365633-5d26-45c3-8dfb-6d9a4148d94e', N'Lamiales', N'2b1966d4-720b-4f58-9c01-1280e1bb0dab', N'a5233111-61a0-4ae6-9c2b-5e8e71f1473a', NULL, N'ICBN', CAST(0x00009D26011B6A56 AS DateTime), NULL)
INSERT [cons].[Name] ([NameID], [FullName], [TaxonRankID], [NameClassID], [OriginalOrthography], [GoverningCode], [AddedDate], [UpdatedDate]) VALUES (N'60580d30-c56a-4bc1-ab08-6f7b53bff111', N'Colaciales', N'2b1966d4-720b-4f58-9c01-1280e1bb0dab', N'a5233111-61a0-4ae6-9c2b-5e8e71f1473a', NULL, N'ICBN', CAST(0x00009D26011B6A56 AS DateTime), NULL)
INSERT [cons].[Name] ([NameID], [FullName], [TaxonRankID], [NameClassID], [OriginalOrthography], [GoverningCode], [AddedDate], [UpdatedDate]) VALUES (N'f60ee738-be53-4591-8169-7106a6de8085', N'Pertusariales', N'2b1966d4-720b-4f58-9c01-1280e1bb0dab', N'a5233111-61a0-4ae6-9c2b-5e8e71f1473a', NULL, N'ICBN', CAST(0x00009D26011B6A56 AS DateTime), NULL)
INSERT [cons].[Name] ([NameID], [FullName], [TaxonRankID], [NameClassID], [OriginalOrthography], [GoverningCode], [AddedDate], [UpdatedDate]) VALUES (N'61003a1c-157f-4397-9f09-73aeada59d74', N'Prasiolales', N'2b1966d4-720b-4f58-9c01-1280e1bb0dab', N'a5233111-61a0-4ae6-9c2b-5e8e71f1473a', N'', N'ICBN', CAST(0x00009D26011B6A56 AS DateTime), NULL)
INSERT [cons].[Name] ([NameID], [FullName], [TaxonRankID], [NameClassID], [OriginalOrthography], [GoverningCode], [AddedDate], [UpdatedDate]) VALUES (N'17f0f53e-bbd5-417c-8948-75a1221ab4e7', N'Papaverales', N'2b1966d4-720b-4f58-9c01-1280e1bb0dab', N'a5233111-61a0-4ae6-9c2b-5e8e71f1473a', NULL, N'ICBN', CAST(0x00009D26011B6A56 AS DateTime), NULL)
INSERT [cons].[Name] ([NameID], [FullName], [TaxonRankID], [NameClassID], [OriginalOrthography], [GoverningCode], [AddedDate], [UpdatedDate]) VALUES (N'7877d7d8-517e-419f-bc13-75a37682d97e', N'Ranunculales', N'2b1966d4-720b-4f58-9c01-1280e1bb0dab', N'a5233111-61a0-4ae6-9c2b-5e8e71f1473a', NULL, N'ICBN', CAST(0x00009D26011B6A56 AS DateTime), NULL)
INSERT [cons].[Name] ([NameID], [FullName], [TaxonRankID], [NameClassID], [OriginalOrthography], [GoverningCode], [AddedDate], [UpdatedDate]) VALUES (N'122f4405-9171-4895-b172-761824b7cf62', N'Mycosphaerellales', N'2b1966d4-720b-4f58-9c01-1280e1bb0dab', N'a5233111-61a0-4ae6-9c2b-5e8e71f1473a', NULL, N'ICBN', CAST(0x00009D26011B6A56 AS DateTime), NULL)
INSERT [cons].[Name] ([NameID], [FullName], [TaxonRankID], [NameClassID], [OriginalOrthography], [GoverningCode], [AddedDate], [UpdatedDate]) VALUES (N'dd8bea28-4685-4277-9eac-76aa460366b0', N'Cornales', N'2b1966d4-720b-4f58-9c01-1280e1bb0dab', N'a5233111-61a0-4ae6-9c2b-5e8e71f1473a', NULL, N'ICBN', CAST(0x00009D26011B6A56 AS DateTime), NULL)
INSERT [cons].[Name] ([NameID], [FullName], [TaxonRankID], [NameClassID], [OriginalOrthography], [GoverningCode], [AddedDate], [UpdatedDate]) VALUES (N'05ad729f-f03b-41f7-a333-76d7b5d33a23', N'Hibberdiales', N'2b1966d4-720b-4f58-9c01-1280e1bb0dab', N'a5233111-61a0-4ae6-9c2b-5e8e71f1473a', NULL, N'ICBN', CAST(0x00009D26011B6A56 AS DateTime), NULL)
INSERT [cons].[Name] ([NameID], [FullName], [TaxonRankID], [NameClassID], [OriginalOrthography], [GoverningCode], [AddedDate], [UpdatedDate]) VALUES (N'e410e2a7-77f1-4fcf-90d8-777a69d91d28', N'Liliopsida', N'8a07e8d2-9610-4a30-8f04-c39770686f2d', N'a5233111-61a0-4ae6-9c2b-5e8e71f1473a', NULL, N'ICBN', CAST(0x00009D26011B6A56 AS DateTime), NULL)
INSERT [cons].[Name] ([NameID], [FullName], [TaxonRankID], [NameClassID], [OriginalOrthography], [GoverningCode], [AddedDate], [UpdatedDate]) VALUES (N'1a37624c-85db-43df-80dc-77b791a77fa1', N'Corticales', N'2b1966d4-720b-4f58-9c01-1280e1bb0dab', N'a5233111-61a0-4ae6-9c2b-5e8e71f1473a', N'', N'ICBN', CAST(0x00009D26011B6A56 AS DateTime), NULL)
INSERT [cons].[Name] ([NameID], [FullName], [TaxonRankID], [NameClassID], [OriginalOrthography], [GoverningCode], [AddedDate], [UpdatedDate]) VALUES (N'6d3c959a-646e-4381-8d48-7a5f022d3510', N'Raphidomonadales', N'2b1966d4-720b-4f58-9c01-1280e1bb0dab', N'a5233111-61a0-4ae6-9c2b-5e8e71f1473a', NULL, N'ICBN', CAST(0x00009D26011B6A56 AS DateTime), NULL)
INSERT [cons].[Name] ([NameID], [FullName], [TaxonRankID], [NameClassID], [OriginalOrthography], [GoverningCode], [AddedDate], [UpdatedDate]) VALUES (N'03b71286-e7fb-4009-abe0-7a8dd8112865', N'Najadales', N'2b1966d4-720b-4f58-9c01-1280e1bb0dab', N'a5233111-61a0-4ae6-9c2b-5e8e71f1473a', NULL, N'ICBN', CAST(0x00009D26011B6A56 AS DateTime), NULL)
INSERT [cons].[Name] ([NameID], [FullName], [TaxonRankID], [NameClassID], [OriginalOrthography], [GoverningCode], [AddedDate], [UpdatedDate]) VALUES (N'e0422f26-1826-457f-8b82-7b77fd38ff11', N'Piperales', N'2b1966d4-720b-4f58-9c01-1280e1bb0dab', N'a5233111-61a0-4ae6-9c2b-5e8e71f1473a', NULL, N'ICBN', CAST(0x00009D26011B6A56 AS DateTime), NULL)
INSERT [cons].[Name] ([NameID], [FullName], [TaxonRankID], [NameClassID], [OriginalOrthography], [GoverningCode], [AddedDate], [UpdatedDate]) VALUES (N'5a29b366-015d-4a2c-9831-7b8d8c964ff0', N'Euglenales', N'2b1966d4-720b-4f58-9c01-1280e1bb0dab', N'a5233111-61a0-4ae6-9c2b-5e8e71f1473a', NULL, N'ICBN', CAST(0x00009D26011B6A56 AS DateTime), NULL)
INSERT [cons].[Name] ([NameID], [FullName], [TaxonRankID], [NameClassID], [OriginalOrthography], [GoverningCode], [AddedDate], [UpdatedDate]) VALUES (N'ad2f6e5b-1814-40a3-9ced-7ca2f1dd8b53', N'Sphaeropleales', N'2b1966d4-720b-4f58-9c01-1280e1bb0dab', N'a5233111-61a0-4ae6-9c2b-5e8e71f1473a', NULL, N'ICBN', CAST(0x00009D26011B6A56 AS DateTime), NULL)
INSERT [cons].[Name] ([NameID], [FullName], [TaxonRankID], [NameClassID], [OriginalOrthography], [GoverningCode], [AddedDate], [UpdatedDate]) VALUES (N'3ab99e8d-3854-402a-ae05-7e3c8f4cdb7b', N'Bacillariophyta', N'de860ea0-d36b-4663-a9e1-a45a64c11e93', N'a5233111-61a0-4ae6-9c2b-5e8e71f1473a', NULL, N'ICBN', CAST(0x00009D26011B6A56 AS DateTime), NULL)
INSERT [cons].[Name] ([NameID], [FullName], [TaxonRankID], [NameClassID], [OriginalOrthography], [GoverningCode], [AddedDate], [UpdatedDate]) VALUES (N'bf00c742-25fb-40c0-8997-7f45a2c2769b', N'Stigonematales', N'2b1966d4-720b-4f58-9c01-1280e1bb0dab', N'a5233111-61a0-4ae6-9c2b-5e8e71f1473a', NULL, N'ICBN', CAST(0x00009D26011B6A56 AS DateTime), NULL)
INSERT [cons].[Name] ([NameID], [FullName], [TaxonRankID], [NameClassID], [OriginalOrthography], [GoverningCode], [AddedDate], [UpdatedDate]) VALUES (N'fbfc405a-2c4b-49f3-8f61-83a069c31f34', N'Agyriales', N'2b1966d4-720b-4f58-9c01-1280e1bb0dab', N'a5233111-61a0-4ae6-9c2b-5e8e71f1473a', NULL, N'ICBN', CAST(0x00009D26011B6A56 AS DateTime), NULL)
INSERT [cons].[Name] ([NameID], [FullName], [TaxonRankID], [NameClassID], [OriginalOrthography], [GoverningCode], [AddedDate], [UpdatedDate]) VALUES (N'e05ca10e-f828-4f27-9a07-83e323e15a83', N'Patellariales', N'2b1966d4-720b-4f58-9c01-1280e1bb0dab', N'a5233111-61a0-4ae6-9c2b-5e8e71f1473a', NULL, N'ICBN', CAST(0x00009D26011B6A56 AS DateTime), NULL)
INSERT [cons].[Name] ([NameID], [FullName], [TaxonRankID], [NameClassID], [OriginalOrthography], [GoverningCode], [AddedDate], [UpdatedDate]) VALUES (N'af16fead-8c01-4fd9-9339-8581fc123da6', N'Geraniales', N'2b1966d4-720b-4f58-9c01-1280e1bb0dab', N'a5233111-61a0-4ae6-9c2b-5e8e71f1473a', NULL, N'ICBN', CAST(0x00009D26011B6A56 AS DateTime), NULL)
INSERT [cons].[Name] ([NameID], [FullName], [TaxonRankID], [NameClassID], [OriginalOrthography], [GoverningCode], [AddedDate], [UpdatedDate]) VALUES (N'aa99e67d-4599-4939-b29a-886c48adee64', N'Arales', N'2b1966d4-720b-4f58-9c01-1280e1bb0dab', N'a5233111-61a0-4ae6-9c2b-5e8e71f1473a', NULL, N'ICBN', CAST(0x00009D26011B6A56 AS DateTime), NULL)
INSERT [cons].[Name] ([NameID], [FullName], [TaxonRankID], [NameClassID], [OriginalOrthography], [GoverningCode], [AddedDate], [UpdatedDate]) VALUES (N'8de5bd73-a9a3-4d26-bc37-89ed167d691c', N'Charales', N'2b1966d4-720b-4f58-9c01-1280e1bb0dab', N'a5233111-61a0-4ae6-9c2b-5e8e71f1473a', NULL, N'ICBN', CAST(0x00009D26011B6A56 AS DateTime), NULL)
INSERT [cons].[Name] ([NameID], [FullName], [TaxonRankID], [NameClassID], [OriginalOrthography], [GoverningCode], [AddedDate], [UpdatedDate]) VALUES (N'ffb3ade9-fd21-4f70-9255-8c290c19a073', N'Theales', N'2b1966d4-720b-4f58-9c01-1280e1bb0dab', N'a5233111-61a0-4ae6-9c2b-5e8e71f1473a', NULL, N'ICBN', CAST(0x00009D26011B6A56 AS DateTime), NULL)
INSERT [cons].[Name] ([NameID], [FullName], [TaxonRankID], [NameClassID], [OriginalOrthography], [GoverningCode], [AddedDate], [UpdatedDate]) VALUES (N'86e9db79-afa4-45a1-9343-8cea22f9355e', N'Dothideales', N'2b1966d4-720b-4f58-9c01-1280e1bb0dab', N'a5233111-61a0-4ae6-9c2b-5e8e71f1473a', NULL, N'ICBN', CAST(0x00009D26011B6A56 AS DateTime), NULL)
INSERT [cons].[Name] ([NameID], [FullName], [TaxonRankID], [NameClassID], [OriginalOrthography], [GoverningCode], [AddedDate], [UpdatedDate]) VALUES (N'e1faacf5-57b0-4e37-830b-8dba7b1b74ea', N'Xanthophyceae', N'8a07e8d2-9610-4a30-8f04-c39770686f2d', N'a5233111-61a0-4ae6-9c2b-5e8e71f1473a', NULL, N'ICBN', CAST(0x00009D26011B6A56 AS DateTime), NULL)
INSERT [cons].[Name] ([NameID], [FullName], [TaxonRankID], [NameClassID], [OriginalOrthography], [GoverningCode], [AddedDate], [UpdatedDate]) VALUES (N'8c45fbc3-b4e1-4ce0-addf-8f0d68411cd8', N'Hysteriales', N'2b1966d4-720b-4f58-9c01-1280e1bb0dab', N'a5233111-61a0-4ae6-9c2b-5e8e71f1473a', NULL, N'ICBN', CAST(0x00009D26011B6A56 AS DateTime), NULL)
INSERT [cons].[Name] ([NameID], [FullName], [TaxonRankID], [NameClassID], [OriginalOrthography], [GoverningCode], [AddedDate], [UpdatedDate]) VALUES (N'4bc1d36b-6f1c-4024-95a1-9039925695ce', N'Gyalectales', N'2b1966d4-720b-4f58-9c01-1280e1bb0dab', N'a5233111-61a0-4ae6-9c2b-5e8e71f1473a', NULL, N'ICBN', CAST(0x00009D26011B6A56 AS DateTime), NULL)
INSERT [cons].[Name] ([NameID], [FullName], [TaxonRankID], [NameClassID], [OriginalOrthography], [GoverningCode], [AddedDate], [UpdatedDate]) VALUES (N'214e7e2f-6232-408e-bd57-90411c770b07', N'Bryatae', N'8a07e8d2-9610-4a30-8f04-c39770686f2d', N'a5233111-61a0-4ae6-9c2b-5e8e71f1473a', NULL, N'ICBN', CAST(0x00009D26011B6A56 AS DateTime), NULL)
INSERT [cons].[Name] ([NameID], [FullName], [TaxonRankID], [NameClassID], [OriginalOrthography], [GoverningCode], [AddedDate], [UpdatedDate]) VALUES (N'754b5f42-2f05-4642-b07a-90a96ac1d2fc', N'Trichotheliales', N'2b1966d4-720b-4f58-9c01-1280e1bb0dab', N'a5233111-61a0-4ae6-9c2b-5e8e71f1473a', NULL, N'ICBN', CAST(0x00009D26011B6A56 AS DateTime), NULL)
INSERT [cons].[Name] ([NameID], [FullName], [TaxonRankID], [NameClassID], [OriginalOrthography], [GoverningCode], [AddedDate], [UpdatedDate]) VALUES (N'353b5534-269e-43fc-b6b0-914bb0c04f78', N'Salicales', N'2b1966d4-720b-4f58-9c01-1280e1bb0dab', N'a5233111-61a0-4ae6-9c2b-5e8e71f1473a', NULL, N'ICBN', CAST(0x00009D26011B6A56 AS DateTime), NULL)
INSERT [cons].[Name] ([NameID], [FullName], [TaxonRankID], [NameClassID], [OriginalOrthography], [GoverningCode], [AddedDate], [UpdatedDate]) VALUES (N'20a6ff77-4ce9-4d93-9322-9274261624a3', N'Microthyriales', N'2b1966d4-720b-4f58-9c01-1280e1bb0dab', N'a5233111-61a0-4ae6-9c2b-5e8e71f1473a', NULL, N'ICBN', CAST(0x00009D26011B6A56 AS DateTime), NULL)
INSERT [cons].[Name] ([NameID], [FullName], [TaxonRankID], [NameClassID], [OriginalOrthography], [GoverningCode], [AddedDate], [UpdatedDate]) VALUES (N'1694549c-fbd7-435d-9236-93d12e646c05', N'Ulotrichales', N'2b1966d4-720b-4f58-9c01-1280e1bb0dab', N'a5233111-61a0-4ae6-9c2b-5e8e71f1473a', NULL, N'ICBN', CAST(0x00009D26011B6A56 AS DateTime), NULL)
INSERT [cons].[Name] ([NameID], [FullName], [TaxonRankID], [NameClassID], [OriginalOrthography], [GoverningCode], [AddedDate], [UpdatedDate]) VALUES (N'69042b0c-3b87-45e5-aa30-94715c09cd32', N'Rosales', N'2b1966d4-720b-4f58-9c01-1280e1bb0dab', N'a5233111-61a0-4ae6-9c2b-5e8e71f1473a', NULL, N'ICBN', CAST(0x00009D26011B6A56 AS DateTime), NULL)
INSERT [cons].[Name] ([NameID], [FullName], [TaxonRankID], [NameClassID], [OriginalOrthography], [GoverningCode], [AddedDate], [UpdatedDate]) VALUES (N'47c41139-805c-42fb-8fb2-95637bab0355', N'Magnoliopsida', N'8a07e8d2-9610-4a30-8f04-c39770686f2d', N'a5233111-61a0-4ae6-9c2b-5e8e71f1473a', NULL, N'ICBN', CAST(0x00009D26011B6A56 AS DateTime), NULL)
INSERT [cons].[Name] ([NameID], [FullName], [TaxonRankID], [NameClassID], [OriginalOrthography], [GoverningCode], [AddedDate], [UpdatedDate]) VALUES (N'e07a50c1-4f94-4874-8f90-995dc4a6ddfa', N'Chrysophyceae', N'8a07e8d2-9610-4a30-8f04-c39770686f2d', N'a5233111-61a0-4ae6-9c2b-5e8e71f1473a', NULL, N'ICBN', CAST(0x00009D26011B6A56 AS DateTime), NULL)
INSERT [cons].[Name] ([NameID], [FullName], [TaxonRankID], [NameClassID], [OriginalOrthography], [GoverningCode], [AddedDate], [UpdatedDate]) VALUES (N'a27fdaca-ed81-4df9-8143-99664633fe57', N'Tetragonidiales', N'2b1966d4-720b-4f58-9c01-1280e1bb0dab', N'a5233111-61a0-4ae6-9c2b-5e8e71f1473a', NULL, N'ICBN', CAST(0x00009D26011B6A56 AS DateTime), NULL)
INSERT [cons].[Name] ([NameID], [FullName], [TaxonRankID], [NameClassID], [OriginalOrthography], [GoverningCode], [AddedDate], [UpdatedDate]) VALUES (N'e20db620-df57-4ad1-93fe-998e2d094025', N'Cyclanthales', N'2b1966d4-720b-4f58-9c01-1280e1bb0dab', N'a5233111-61a0-4ae6-9c2b-5e8e71f1473a', NULL, N'ICBN', CAST(0x00009D26011B6A56 AS DateTime), NULL)
INSERT [cons].[Name] ([NameID], [FullName], [TaxonRankID], [NameClassID], [OriginalOrthography], [GoverningCode], [AddedDate], [UpdatedDate]) VALUES (N'1e7ed07a-2cea-4460-b5d6-9b0d6c8bdb52', N'Daphniphyllales', N'2b1966d4-720b-4f58-9c01-1280e1bb0dab', N'a5233111-61a0-4ae6-9c2b-5e8e71f1473a', N'', N'ICBN', CAST(0x00009D26011B6A56 AS DateTime), NULL)
INSERT [cons].[Name] ([NameID], [FullName], [TaxonRankID], [NameClassID], [OriginalOrthography], [GoverningCode], [AddedDate], [UpdatedDate]) VALUES (N'936efa4a-ad5a-4956-bd18-9b6dbcfe6a9d', N'Prymnesiales', N'2b1966d4-720b-4f58-9c01-1280e1bb0dab', N'a5233111-61a0-4ae6-9c2b-5e8e71f1473a', NULL, N'ICBN', CAST(0x00009D26011B6A56 AS DateTime), NULL)
INSERT [cons].[Name] ([NameID], [FullName], [TaxonRankID], [NameClassID], [OriginalOrthography], [GoverningCode], [AddedDate], [UpdatedDate]) VALUES (N'45873ba0-7c46-4141-bf9d-9ba6ed522889', N'Pteridophyta', N'4683cf13-2092-49b8-ba5a-5bb187463b81', N'a5233111-61a0-4ae6-9c2b-5e8e71f1473a', NULL, N'ICBN', CAST(0x00009D26011B6A56 AS DateTime), NULL)
INSERT [cons].[Name] ([NameID], [FullName], [TaxonRankID], [NameClassID], [OriginalOrthography], [GoverningCode], [AddedDate], [UpdatedDate]) VALUES (N'ed2b29b1-413d-43b8-a106-9bebd9e0a4c9', N'Chaetothyriales', N'2b1966d4-720b-4f58-9c01-1280e1bb0dab', N'a5233111-61a0-4ae6-9c2b-5e8e71f1473a', NULL, N'ICBN', CAST(0x00009D26011B6A56 AS DateTime), NULL)
INSERT [cons].[Name] ([NameID], [FullName], [TaxonRankID], [NameClassID], [OriginalOrthography], [GoverningCode], [AddedDate], [UpdatedDate]) VALUES (N'45b2ebda-ff3d-4fc0-a7c9-9df20c1f0b07', N'Gnetatae', N'8a07e8d2-9610-4a30-8f04-c39770686f2d', N'a5233111-61a0-4ae6-9c2b-5e8e71f1473a', N'', N'ICBN', CAST(0x00009D26011B6A56 AS DateTime), NULL)
INSERT [cons].[Name] ([NameID], [FullName], [TaxonRankID], [NameClassID], [OriginalOrthography], [GoverningCode], [AddedDate], [UpdatedDate]) VALUES (N'6d351a09-999c-488c-a25e-9e100ae59924', N'Oedogoniales', N'2b1966d4-720b-4f58-9c01-1280e1bb0dab', N'a5233111-61a0-4ae6-9c2b-5e8e71f1473a', NULL, N'ICBN', CAST(0x00009D26011B6A56 AS DateTime), NULL)
INSERT [cons].[Name] ([NameID], [FullName], [TaxonRankID], [NameClassID], [OriginalOrthography], [GoverningCode], [AddedDate], [UpdatedDate]) VALUES (N'5895feeb-a95a-4613-8585-9e298e32d2ea', N'Callitrichales', N'2b1966d4-720b-4f58-9c01-1280e1bb0dab', N'a5233111-61a0-4ae6-9c2b-5e8e71f1473a', NULL, N'ICBN', CAST(0x00009D26011B6A56 AS DateTime), NULL)
INSERT [cons].[Name] ([NameID], [FullName], [TaxonRankID], [NameClassID], [OriginalOrthography], [GoverningCode], [AddedDate], [UpdatedDate]) VALUES (N'36a5e45d-3970-46c3-95f7-9e490a901f40', N'Bacillariophyceae', N'8a07e8d2-9610-4a30-8f04-c39770686f2d', N'a5233111-61a0-4ae6-9c2b-5e8e71f1473a', N'', N'ICBN', CAST(0x00009D26011B6A56 AS DateTime), NULL)
INSERT [cons].[Name] ([NameID], [FullName], [TaxonRankID], [NameClassID], [OriginalOrthography], [GoverningCode], [AddedDate], [UpdatedDate]) VALUES (N'533e52ac-ab30-4f6f-a236-9e57189608b1', N'Commelinales', N'2b1966d4-720b-4f58-9c01-1280e1bb0dab', N'a5233111-61a0-4ae6-9c2b-5e8e71f1473a', NULL, N'ICBN', CAST(0x00009D26011B6A56 AS DateTime), NULL)
INSERT [cons].[Name] ([NameID], [FullName], [TaxonRankID], [NameClassID], [OriginalOrthography], [GoverningCode], [AddedDate], [UpdatedDate]) VALUES (N'f8157e5d-1ba0-4e5a-8fb9-a146cdd0268c', N'Cyanophyceae', N'8a07e8d2-9610-4a30-8f04-c39770686f2d', N'a5233111-61a0-4ae6-9c2b-5e8e71f1473a', NULL, N'ICBN', CAST(0x00009D26011B6A56 AS DateTime), NULL)
INSERT [cons].[Name] ([NameID], [FullName], [TaxonRankID], [NameClassID], [OriginalOrthography], [GoverningCode], [AddedDate], [UpdatedDate]) VALUES (N'ca673faa-eb8e-46b6-a991-a1c3efe83a2c', N'Synurales', N'2b1966d4-720b-4f58-9c01-1280e1bb0dab', N'a5233111-61a0-4ae6-9c2b-5e8e71f1473a', NULL, N'ICBN', CAST(0x00009D26011B6A56 AS DateTime), NULL)
INSERT [cons].[Name] ([NameID], [FullName], [TaxonRankID], [NameClassID], [OriginalOrthography], [GoverningCode], [AddedDate], [UpdatedDate]) VALUES (N'3ff3d6b9-3f75-4b12-9227-a39e68925d60', N'Prymnesiophyceae', N'8a07e8d2-9610-4a30-8f04-c39770686f2d', N'a5233111-61a0-4ae6-9c2b-5e8e71f1473a', NULL, N'ICBN', CAST(0x00009D26011B6A56 AS DateTime), NULL)
INSERT [cons].[Name] ([NameID], [FullName], [TaxonRankID], [NameClassID], [OriginalOrthography], [GoverningCode], [AddedDate], [UpdatedDate]) VALUES (N'a8436185-3868-4d48-b9fe-a4bbce1a85a6', N'Polygonales', N'2b1966d4-720b-4f58-9c01-1280e1bb0dab', N'a5233111-61a0-4ae6-9c2b-5e8e71f1473a', NULL, N'ICBN', CAST(0x00009D26011B6A56 AS DateTime), NULL)
INSERT [cons].[Name] ([NameID], [FullName], [TaxonRankID], [NameClassID], [OriginalOrthography], [GoverningCode], [AddedDate], [UpdatedDate]) VALUES (N'4834c263-a91e-4246-aa2e-a61604a088a4', N'Sordariales', N'2b1966d4-720b-4f58-9c01-1280e1bb0dab', N'a5233111-61a0-4ae6-9c2b-5e8e71f1473a', NULL, N'ICBN', CAST(0x00009D26011B6A56 AS DateTime), NULL)
INSERT [cons].[Name] ([NameID], [FullName], [TaxonRankID], [NameClassID], [OriginalOrthography], [GoverningCode], [AddedDate], [UpdatedDate]) VALUES (N'7a54e53b-0374-4398-8783-a76697cbe2be', N'Laurales', N'2b1966d4-720b-4f58-9c01-1280e1bb0dab', N'a5233111-61a0-4ae6-9c2b-5e8e71f1473a', NULL, N'ICBN', CAST(0x00009D26011B6A56 AS DateTime), NULL)
INSERT [cons].[Name] ([NameID], [FullName], [TaxonRankID], [NameClassID], [OriginalOrthography], [GoverningCode], [AddedDate], [UpdatedDate]) VALUES (N'f28b1bf4-ce20-4715-82f9-a7b0b76a806f', N'Dipsacales', N'2b1966d4-720b-4f58-9c01-1280e1bb0dab', N'a5233111-61a0-4ae6-9c2b-5e8e71f1473a', NULL, N'ICBN', CAST(0x00009D26011B6A56 AS DateTime), NULL)
INSERT [cons].[Name] ([NameID], [FullName], [TaxonRankID], [NameClassID], [OriginalOrthography], [GoverningCode], [AddedDate], [UpdatedDate]) VALUES (N'728442ab-d329-4c96-a1e5-a7c69d418e4d', N'Anamorphic fungi', N'4683cf13-2092-49b8-ba5a-5bb187463b81', N'a5233111-61a0-4ae6-9c2b-5e8e71f1473a', NULL, N'ICBN', CAST(0x00009D26011B6A56 AS DateTime), NULL)
INSERT [cons].[Name] ([NameID], [FullName], [TaxonRankID], [NameClassID], [OriginalOrthography], [GoverningCode], [AddedDate], [UpdatedDate]) VALUES (N'56024c01-cdd4-448a-baad-b04d73f503e0', N'Cyperales', N'2b1966d4-720b-4f58-9c01-1280e1bb0dab', N'a5233111-61a0-4ae6-9c2b-5e8e71f1473a', NULL, N'ICBN', CAST(0x00009D26011B6A56 AS DateTime), NULL)
INSERT [cons].[Name] ([NameID], [FullName], [TaxonRankID], [NameClassID], [OriginalOrthography], [GoverningCode], [AddedDate], [UpdatedDate]) VALUES (N'171377ff-c03d-4dde-b5c7-b11c02d69a92', N'Calycerales', N'2b1966d4-720b-4f58-9c01-1280e1bb0dab', N'a5233111-61a0-4ae6-9c2b-5e8e71f1473a', NULL, N'ICBN', CAST(0x00009D26011B6A56 AS DateTime), NULL)
INSERT [cons].[Name] ([NameID], [FullName], [TaxonRankID], [NameClassID], [OriginalOrthography], [GoverningCode], [AddedDate], [UpdatedDate]) VALUES (N'832a5346-21aa-444b-9574-b1b40dc1a530', N'Rhizosoleniales Silva ', N'2b1966d4-720b-4f58-9c01-1280e1bb0dab', N'a5233111-61a0-4ae6-9c2b-5e8e71f1473a', NULL, N'ICBN', CAST(0x00009D26011B6A56 AS DateTime), NULL)
INSERT [cons].[Name] ([NameID], [FullName], [TaxonRankID], [NameClassID], [OriginalOrthography], [GoverningCode], [AddedDate], [UpdatedDate]) VALUES (N'f66f473c-9238-4009-be54-b2944abc9b47', N'Batales', N'2b1966d4-720b-4f58-9c01-1280e1bb0dab', N'a5233111-61a0-4ae6-9c2b-5e8e71f1473a', N'', N'ICBN', CAST(0x00009D26011B6A56 AS DateTime), NULL)
INSERT [cons].[Name] ([NameID], [FullName], [TaxonRankID], [NameClassID], [OriginalOrthography], [GoverningCode], [AddedDate], [UpdatedDate]) VALUES (N'9cc257e4-971a-4dda-987e-b3f100fedbd5', N'Diapensiales', N'2b1966d4-720b-4f58-9c01-1280e1bb0dab', N'a5233111-61a0-4ae6-9c2b-5e8e71f1473a', N'', N'ICBN', CAST(0x00009D26011B6A56 AS DateTime), NULL)
INSERT [cons].[Name] ([NameID], [FullName], [TaxonRankID], [NameClassID], [OriginalOrthography], [GoverningCode], [AddedDate], [UpdatedDate]) VALUES (N'b1554675-432e-40e1-b51f-b642cb2ea2d4', N'Calobryales', N'2b1966d4-720b-4f58-9c01-1280e1bb0dab', N'a5233111-61a0-4ae6-9c2b-5e8e71f1473a', NULL, N'ICBN', CAST(0x00009D26011B6A56 AS DateTime), NULL)
INSERT [cons].[Name] ([NameID], [FullName], [TaxonRankID], [NameClassID], [OriginalOrthography], [GoverningCode], [AddedDate], [UpdatedDate]) VALUES (N'cb476b61-d7bc-47ec-bf42-b6b5b5689113', N'Euphorbiales', N'2b1966d4-720b-4f58-9c01-1280e1bb0dab', N'a5233111-61a0-4ae6-9c2b-5e8e71f1473a', NULL, N'ICBN', CAST(0x00009D26011B6A56 AS DateTime), NULL)
INSERT [cons].[Name] ([NameID], [FullName], [TaxonRankID], [NameClassID], [OriginalOrthography], [GoverningCode], [AddedDate], [UpdatedDate]) VALUES (N'd6e1de5d-5121-4ec1-82b3-b6c7ad3942a6', N'Hydrurales', N'2b1966d4-720b-4f58-9c01-1280e1bb0dab', N'a5233111-61a0-4ae6-9c2b-5e8e71f1473a', NULL, N'ICBN', CAST(0x00009D26011B6A56 AS DateTime), NULL)
INSERT [cons].[Name] ([NameID], [FullName], [TaxonRankID], [NameClassID], [OriginalOrthography], [GoverningCode], [AddedDate], [UpdatedDate]) VALUES (N'528465d5-69c1-4f15-9381-b9b288ffaf07', N'Ostropales', N'2b1966d4-720b-4f58-9c01-1280e1bb0dab', N'a5233111-61a0-4ae6-9c2b-5e8e71f1473a', NULL, N'ICBN', CAST(0x00009D26011B6A56 AS DateTime), NULL)
INSERT [cons].[Name] ([NameID], [FullName], [TaxonRankID], [NameClassID], [OriginalOrthography], [GoverningCode], [AddedDate], [UpdatedDate]) VALUES (N'20e5d16b-9201-4c4f-bd5f-bb4313c95b2b', N'Zingiberales', N'2b1966d4-720b-4f58-9c01-1280e1bb0dab', N'a5233111-61a0-4ae6-9c2b-5e8e71f1473a', NULL, N'ICBN', CAST(0x00009D26011B6A56 AS DateTime), NULL)
INSERT [cons].[Name] ([NameID], [FullName], [TaxonRankID], [NameClassID], [OriginalOrthography], [GoverningCode], [AddedDate], [UpdatedDate]) VALUES (N'1c1a5f34-fa0f-4302-a100-bbd123a6003f', N'Raphidophyceae', N'8a07e8d2-9610-4a30-8f04-c39770686f2d', N'a5233111-61a0-4ae6-9c2b-5e8e71f1473a', NULL, N'ICBN', CAST(0x00009D26011B6A56 AS DateTime), NULL)
INSERT [cons].[Name] ([NameID], [FullName], [TaxonRankID], [NameClassID], [OriginalOrthography], [GoverningCode], [AddedDate], [UpdatedDate]) VALUES (N'4c38578a-f950-4b41-ab8c-bccb9916d426', N'Cantharellales', N'2b1966d4-720b-4f58-9c01-1280e1bb0dab', N'a5233111-61a0-4ae6-9c2b-5e8e71f1473a', NULL, N'ICBN', CAST(0x00009D26011B6A56 AS DateTime), NULL)
INSERT [cons].[Name] ([NameID], [FullName], [TaxonRankID], [NameClassID], [OriginalOrthography], [GoverningCode], [AddedDate], [UpdatedDate]) VALUES (N'7c76e43d-37be-46b0-9513-befca8c7f64f', N'Equisetopsida', N'8a07e8d2-9610-4a30-8f04-c39770686f2d', N'a5233111-61a0-4ae6-9c2b-5e8e71f1473a', NULL, N'ICBN', CAST(0x00009D26011B6A56 AS DateTime), NULL)
INSERT [cons].[Name] ([NameID], [FullName], [TaxonRankID], [NameClassID], [OriginalOrthography], [GoverningCode], [AddedDate], [UpdatedDate]) VALUES (N'284c31df-a1a6-421b-a95c-bf08db0d3e69', N'Magnoliophyta', N'4683cf13-2092-49b8-ba5a-5bb187463b81', N'a5233111-61a0-4ae6-9c2b-5e8e71f1473a', NULL, N'ICBN', CAST(0x00009D26011B6A56 AS DateTime), NULL)
INSERT [cons].[Name] ([NameID], [FullName], [TaxonRankID], [NameClassID], [OriginalOrthography], [GoverningCode], [AddedDate], [UpdatedDate]) VALUES (N'9e046cab-c4e4-4f2e-80c6-bf4398bd934f', N'Prasinophyceae', N'8a07e8d2-9610-4a30-8f04-c39770686f2d', N'a5233111-61a0-4ae6-9c2b-5e8e71f1473a', NULL, N'ICBN', CAST(0x00009D26011B6A56 AS DateTime), NULL)
INSERT [cons].[Name] ([NameID], [FullName], [TaxonRankID], [NameClassID], [OriginalOrthography], [GoverningCode], [AddedDate], [UpdatedDate]) VALUES (N'02230ce0-0b42-4b3c-9bc9-bf4a34bb5af3', N'Pinophyta', N'de860ea0-d36b-4663-a9e1-a45a64c11e93', N'a5233111-61a0-4ae6-9c2b-5e8e71f1473a', N'', N'ICBN', CAST(0x00009D26011B6A56 AS DateTime), NULL)
INSERT [cons].[Name] ([NameID], [FullName], [TaxonRankID], [NameClassID], [OriginalOrthography], [GoverningCode], [AddedDate], [UpdatedDate]) VALUES (N'9fa30fa2-0929-4be5-8675-bf6adbe8bf2f', N'Rubiales', N'2b1966d4-720b-4f58-9c01-1280e1bb0dab', N'a5233111-61a0-4ae6-9c2b-5e8e71f1473a', NULL, N'ICBN', CAST(0x00009D26011B6A56 AS DateTime), NULL)
INSERT [cons].[Name] ([NameID], [FullName], [TaxonRankID], [NameClassID], [OriginalOrthography], [GoverningCode], [AddedDate], [UpdatedDate]) VALUES (N'8c01f9c8-09c3-4ef8-a91c-c0afda0b8e5e', N'Helotiales', N'2b1966d4-720b-4f58-9c01-1280e1bb0dab', N'a5233111-61a0-4ae6-9c2b-5e8e71f1473a', NULL, N'ICBN', CAST(0x00009D26011B6A56 AS DateTime), NULL)
INSERT [cons].[Name] ([NameID], [FullName], [TaxonRankID], [NameClassID], [OriginalOrthography], [GoverningCode], [AddedDate], [UpdatedDate]) VALUES (N'2a35ad7f-f981-460e-b3a2-c1d777152880', N'Bromeliales', N'2b1966d4-720b-4f58-9c01-1280e1bb0dab', N'a5233111-61a0-4ae6-9c2b-5e8e71f1473a', NULL, N'ICBN', CAST(0x00009D26011B6A56 AS DateTime), NULL)
INSERT [cons].[Name] ([NameID], [FullName], [TaxonRankID], [NameClassID], [OriginalOrthography], [GoverningCode], [AddedDate], [UpdatedDate]) VALUES (N'5b2dce23-07d4-49b0-af04-c23aa2d97a7e', N'Primulales', N'2b1966d4-720b-4f58-9c01-1280e1bb0dab', N'a5233111-61a0-4ae6-9c2b-5e8e71f1473a', NULL, N'ICBN', CAST(0x00009D26011B6A56 AS DateTime), NULL)
INSERT [cons].[Name] ([NameID], [FullName], [TaxonRankID], [NameClassID], [OriginalOrthography], [GoverningCode], [AddedDate], [UpdatedDate]) VALUES (N'24d544dd-dec2-424d-9641-c262666b45d6', N'Polyporales', N'2b1966d4-720b-4f58-9c01-1280e1bb0dab', N'a5233111-61a0-4ae6-9c2b-5e8e71f1473a', NULL, N'ICBN', CAST(0x00009D26011B6A56 AS DateTime), NULL)
INSERT [cons].[Name] ([NameID], [FullName], [TaxonRankID], [NameClassID], [OriginalOrthography], [GoverningCode], [AddedDate], [UpdatedDate]) VALUES (N'd8b7b09a-8269-43a9-b4e9-c318f4f3cc6e', N'Agaricales', N'2b1966d4-720b-4f58-9c01-1280e1bb0dab', N'a5233111-61a0-4ae6-9c2b-5e8e71f1473a', NULL, N'ICBN', CAST(0x00009D26011B6A56 AS DateTime), NULL)
INSERT [cons].[Name] ([NameID], [FullName], [TaxonRankID], [NameClassID], [OriginalOrthography], [GoverningCode], [AddedDate], [UpdatedDate]) VALUES (N'fdd2d7e9-c4b1-4c71-865e-c42bfbe75371', N'Campanulales', N'2b1966d4-720b-4f58-9c01-1280e1bb0dab', N'a5233111-61a0-4ae6-9c2b-5e8e71f1473a', NULL, N'ICBN', CAST(0x00009D26011B6A56 AS DateTime), NULL)
INSERT [cons].[Name] ([NameID], [FullName], [TaxonRankID], [NameClassID], [OriginalOrthography], [GoverningCode], [AddedDate], [UpdatedDate]) VALUES (N'33cfbb60-6ca3-4279-8cfe-c43c52dbd477', N'Magnoliales', N'2b1966d4-720b-4f58-9c01-1280e1bb0dab', N'a5233111-61a0-4ae6-9c2b-5e8e71f1473a', NULL, N'ICBN', CAST(0x00009D26011B6A56 AS DateTime), NULL)
INSERT [cons].[Name] ([NameID], [FullName], [TaxonRankID], [NameClassID], [OriginalOrthography], [GoverningCode], [AddedDate], [UpdatedDate]) VALUES (N'6047f458-3f93-4a7b-bc60-c45171be8cbb', N'Pinatae', N'8a07e8d2-9610-4a30-8f04-c39770686f2d', N'a5233111-61a0-4ae6-9c2b-5e8e71f1473a', NULL, N'ICBN', CAST(0x00009D26011B6A56 AS DateTime), NULL)
INSERT [cons].[Name] ([NameID], [FullName], [TaxonRankID], [NameClassID], [OriginalOrthography], [GoverningCode], [AddedDate], [UpdatedDate]) VALUES (N'bee8d5f7-7c0f-4873-adc8-c6fecea4f5df', N'Santalales', N'2b1966d4-720b-4f58-9c01-1280e1bb0dab', N'a5233111-61a0-4ae6-9c2b-5e8e71f1473a', NULL, N'ICBN', CAST(0x00009D26011B6A56 AS DateTime), NULL)
INSERT [cons].[Name] ([NameID], [FullName], [TaxonRankID], [NameClassID], [OriginalOrthography], [GoverningCode], [AddedDate], [UpdatedDate]) VALUES (N'4a401b27-2491-4124-9f89-c7a5f278ab5e', N'Euglenophyta', N'de860ea0-d36b-4663-a9e1-a45a64c11e93', N'a5233111-61a0-4ae6-9c2b-5e8e71f1473a', NULL, N'ICBN', CAST(0x00009D26011B6A56 AS DateTime), NULL)
INSERT [cons].[Name] ([NameID], [FullName], [TaxonRankID], [NameClassID], [OriginalOrthography], [GoverningCode], [AddedDate], [UpdatedDate]) VALUES (N'ceabaf4a-8fb7-4e50-9484-c9e0939a8f36', N'Ulotrichophyceae', N'8a07e8d2-9610-4a30-8f04-c39770686f2d', N'a5233111-61a0-4ae6-9c2b-5e8e71f1473a', NULL, N'ICBN', CAST(0x00009D26011B6A56 AS DateTime), NULL)
INSERT [cons].[Name] ([NameID], [FullName], [TaxonRankID], [NameClassID], [OriginalOrthography], [GoverningCode], [AddedDate], [UpdatedDate]) VALUES (N'a39afaf7-637c-46d6-9a1d-ca0de0d73c87', N'Glaucophyta', N'de860ea0-d36b-4663-a9e1-a45a64c11e93', N'a5233111-61a0-4ae6-9c2b-5e8e71f1473a', NULL, N'ICBN', CAST(0x00009D26011B6A56 AS DateTime), NULL)
INSERT [cons].[Name] ([NameID], [FullName], [TaxonRankID], [NameClassID], [OriginalOrthography], [GoverningCode], [AddedDate], [UpdatedDate]) VALUES (N'bbe2f381-1bd3-470e-b3d9-ca24e6b9223a', N'Triceratiales Round, Crawford & Mann ', N'2b1966d4-720b-4f58-9c01-1280e1bb0dab', N'a5233111-61a0-4ae6-9c2b-5e8e71f1473a', NULL, N'ICBN', CAST(0x00009D26011B6A56 AS DateTime), NULL)
INSERT [cons].[Name] ([NameID], [FullName], [TaxonRankID], [NameClassID], [OriginalOrthography], [GoverningCode], [AddedDate], [UpdatedDate]) VALUES (N'4c9aaf32-2475-4db8-b68d-cb3287fb97d6', N'Plumbaginales', N'2b1966d4-720b-4f58-9c01-1280e1bb0dab', N'a5233111-61a0-4ae6-9c2b-5e8e71f1473a', NULL, N'ICBN', CAST(0x00009D26011B6A56 AS DateTime), NULL)
INSERT [cons].[Name] ([NameID], [FullName], [TaxonRankID], [NameClassID], [OriginalOrthography], [GoverningCode], [AddedDate], [UpdatedDate]) VALUES (N'e48fd377-7381-49ae-b74d-cb3353ff0a79', N'ROOT', N'057d6434-a12a-460d-b705-4510603fae4f', N'a5233111-61a0-4ae6-9c2b-5e8e71f1473a', N'', N'ICBN', CAST(0x00009D26011B6A56 AS DateTime), NULL)
INSERT [cons].[Name] ([NameID], [FullName], [TaxonRankID], [NameClassID], [OriginalOrthography], [GoverningCode], [AddedDate], [UpdatedDate]) VALUES (N'e0932acf-2182-49d3-aa9c-cc649acaf406', N'Gentianales', N'2b1966d4-720b-4f58-9c01-1280e1bb0dab', N'a5233111-61a0-4ae6-9c2b-5e8e71f1473a', NULL, N'ICBN', CAST(0x00009D26011B6A56 AS DateTime), NULL)
INSERT [cons].[Name] ([NameID], [FullName], [TaxonRankID], [NameClassID], [OriginalOrthography], [GoverningCode], [AddedDate], [UpdatedDate]) VALUES (N'8e782cec-9821-4d22-ad1e-cd0bf3396f58', N'Ustomycetes', N'8a07e8d2-9610-4a30-8f04-c39770686f2d', N'a5233111-61a0-4ae6-9c2b-5e8e71f1473a', N'', N'ICBN', CAST(0x00009D26011B6A56 AS DateTime), NULL)
INSERT [cons].[Name] ([NameID], [FullName], [TaxonRankID], [NameClassID], [OriginalOrthography], [GoverningCode], [AddedDate], [UpdatedDate]) VALUES (N'29634d18-4e8d-41f8-bd4a-ce140692ab48', N'Hydrocharitales', N'2b1966d4-720b-4f58-9c01-1280e1bb0dab', N'a5233111-61a0-4ae6-9c2b-5e8e71f1473a', NULL, N'ICBN', CAST(0x00009D26011B6A56 AS DateTime), NULL)
INSERT [cons].[Name] ([NameID], [FullName], [TaxonRankID], [NameClassID], [OriginalOrthography], [GoverningCode], [AddedDate], [UpdatedDate]) VALUES (N'a2bf3f53-7a29-44b7-9546-cee8d17e0526', N'Cycadatae', N'8a07e8d2-9610-4a30-8f04-c39770686f2d', N'a5233111-61a0-4ae6-9c2b-5e8e71f1473a', N'', N'ICBN', CAST(0x00009D26011B6A56 AS DateTime), NULL)
INSERT [cons].[Name] ([NameID], [FullName], [TaxonRankID], [NameClassID], [OriginalOrthography], [GoverningCode], [AddedDate], [UpdatedDate]) VALUES (N'21aea506-ffa2-41b6-bf45-ceecbcbac28c', N'Basidiomycota', N'4683cf13-2092-49b8-ba5a-5bb187463b81', N'a5233111-61a0-4ae6-9c2b-5e8e71f1473a', NULL, N'ICBN', CAST(0x00009D26011B6A56 AS DateTime), NULL)
INSERT [cons].[Name] ([NameID], [FullName], [TaxonRankID], [NameClassID], [OriginalOrthography], [GoverningCode], [AddedDate], [UpdatedDate]) VALUES (N'a63f5376-2d1d-4723-8abd-d0f213085aa7', N'Dilleniales', N'2b1966d4-720b-4f58-9c01-1280e1bb0dab', N'a5233111-61a0-4ae6-9c2b-5e8e71f1473a', N'', N'ICBN', CAST(0x00009D26011B6A56 AS DateTime), NULL)
INSERT [cons].[Name] ([NameID], [FullName], [TaxonRankID], [NameClassID], [OriginalOrthography], [GoverningCode], [AddedDate], [UpdatedDate]) VALUES (N'1001deea-4c40-4b48-92d9-d1660cff2536', N'Rhamnales', N'2b1966d4-720b-4f58-9c01-1280e1bb0dab', N'a5233111-61a0-4ae6-9c2b-5e8e71f1473a', NULL, N'ICBN', CAST(0x00009D26011B6A56 AS DateTime), NULL)
INSERT [cons].[Name] ([NameID], [FullName], [TaxonRankID], [NameClassID], [OriginalOrthography], [GoverningCode], [AddedDate], [UpdatedDate]) VALUES (N'fd98623d-3f2f-4ba8-b93b-d17742945a15', N'Tribonematales', N'2b1966d4-720b-4f58-9c01-1280e1bb0dab', N'a5233111-61a0-4ae6-9c2b-5e8e71f1473a', NULL, N'ICBN', CAST(0x00009D26011B6A56 AS DateTime), NULL)
INSERT [cons].[Name] ([NameID], [FullName], [TaxonRankID], [NameClassID], [OriginalOrthography], [GoverningCode], [AddedDate], [UpdatedDate]) VALUES (N'ad3ada71-589b-4160-831f-d289cbfe974d', N'Plantae', N'63abe687-02b6-4787-bbe4-d5289c304f66', N'a5233111-61a0-4ae6-9c2b-5e8e71f1473a', NULL, N'ICBN', CAST(0x00009D26011B6A56 AS DateTime), NULL)
INSERT [cons].[Name] ([NameID], [FullName], [TaxonRankID], [NameClassID], [OriginalOrthography], [GoverningCode], [AddedDate], [UpdatedDate]) VALUES (N'2d7bda41-ea47-4863-83f7-d2d37bf1400b', N'Fabales', N'2b1966d4-720b-4f58-9c01-1280e1bb0dab', N'a5233111-61a0-4ae6-9c2b-5e8e71f1473a', NULL, N'ICBN', CAST(0x00009D26011B6A56 AS DateTime), NULL)
INSERT [cons].[Name] ([NameID], [FullName], [TaxonRankID], [NameClassID], [OriginalOrthography], [GoverningCode], [AddedDate], [UpdatedDate]) VALUES (N'd965f7f8-f659-4dcc-ac1e-d3bc428b3951', N'Nepenthales', N'2b1966d4-720b-4f58-9c01-1280e1bb0dab', N'a5233111-61a0-4ae6-9c2b-5e8e71f1473a', NULL, N'ICBN', CAST(0x00009D26011B6A56 AS DateTime), NULL)
INSERT [cons].[Name] ([NameID], [FullName], [TaxonRankID], [NameClassID], [OriginalOrthography], [GoverningCode], [AddedDate], [UpdatedDate]) VALUES (N'ad18065a-63a4-47e3-a53b-d3d243a233f8', N'Filicopsida', N'8a07e8d2-9610-4a30-8f04-c39770686f2d', N'a5233111-61a0-4ae6-9c2b-5e8e71f1473a', NULL, N'ICBN', CAST(0x00009D26011B6A56 AS DateTime), NULL)
INSERT [cons].[Name] ([NameID], [FullName], [TaxonRankID], [NameClassID], [OriginalOrthography], [GoverningCode], [AddedDate], [UpdatedDate]) VALUES (N'18b4bae0-8065-45c8-a2c3-d3f8a7efb871', N'Tetrasporales', N'2b1966d4-720b-4f58-9c01-1280e1bb0dab', N'a5233111-61a0-4ae6-9c2b-5e8e71f1473a', NULL, N'ICBN', CAST(0x00009D26011B6A56 AS DateTime), NULL)
INSERT [cons].[Name] ([NameID], [FullName], [TaxonRankID], [NameClassID], [OriginalOrthography], [GoverningCode], [AddedDate], [UpdatedDate]) VALUES (N'082759f3-9d87-4435-a626-d69be91d80dc', N'Pandanales', N'2b1966d4-720b-4f58-9c01-1280e1bb0dab', N'a5233111-61a0-4ae6-9c2b-5e8e71f1473a', NULL, N'ICBN', CAST(0x00009D26011B6A56 AS DateTime), NULL)
INSERT [cons].[Name] ([NameID], [FullName], [TaxonRankID], [NameClassID], [OriginalOrthography], [GoverningCode], [AddedDate], [UpdatedDate]) VALUES (N'4837e5e6-3832-45e0-bb47-d80bc2f9605f', N'Restionales', N'2b1966d4-720b-4f58-9c01-1280e1bb0dab', N'a5233111-61a0-4ae6-9c2b-5e8e71f1473a', NULL, N'ICBN', CAST(0x00009D26011B6A56 AS DateTime), NULL)
INSERT [cons].[Name] ([NameID], [FullName], [TaxonRankID], [NameClassID], [OriginalOrthography], [GoverningCode], [AddedDate], [UpdatedDate]) VALUES (N'6b411a2b-5f02-46d6-8152-d944816d93bd', N'Leitneriales', N'2b1966d4-720b-4f58-9c01-1280e1bb0dab', N'a5233111-61a0-4ae6-9c2b-5e8e71f1473a', N'', N'ICBN', CAST(0x00009D26011B6A56 AS DateTime), NULL)
INSERT [cons].[Name] ([NameID], [FullName], [TaxonRankID], [NameClassID], [OriginalOrthography], [GoverningCode], [AddedDate], [UpdatedDate]) VALUES (N'802f604a-74a3-4a11-9c4c-d9aebe6d49db', N'Triuridales', N'2b1966d4-720b-4f58-9c01-1280e1bb0dab', N'a5233111-61a0-4ae6-9c2b-5e8e71f1473a', NULL, N'ICBN', CAST(0x00009D26011B6A56 AS DateTime), NULL)
INSERT [cons].[Name] ([NameID], [FullName], [TaxonRankID], [NameClassID], [OriginalOrthography], [GoverningCode], [AddedDate], [UpdatedDate]) VALUES (N'a7b81062-c924-4a10-bf59-da2184c4dbbf', N'Polygalales', N'2b1966d4-720b-4f58-9c01-1280e1bb0dab', N'a5233111-61a0-4ae6-9c2b-5e8e71f1473a', NULL, N'ICBN', CAST(0x00009D26011B6A56 AS DateTime), NULL)
INSERT [cons].[Name] ([NameID], [FullName], [TaxonRankID], [NameClassID], [OriginalOrthography], [GoverningCode], [AddedDate], [UpdatedDate]) VALUES (N'b72c6764-7883-4308-bb54-dc414484898c', N'Pyrenulales', N'2b1966d4-720b-4f58-9c01-1280e1bb0dab', N'a5233111-61a0-4ae6-9c2b-5e8e71f1473a', NULL, N'ICBN', CAST(0x00009D26011B6A56 AS DateTime), NULL)
INSERT [cons].[Name] ([NameID], [FullName], [TaxonRankID], [NameClassID], [OriginalOrthography], [GoverningCode], [AddedDate], [UpdatedDate]) VALUES (N'be89b7ff-7eda-4d3b-8dab-dca32717dad6', N'Charophyceae', N'8a07e8d2-9610-4a30-8f04-c39770686f2d', N'a5233111-61a0-4ae6-9c2b-5e8e71f1473a', NULL, N'ICBN', CAST(0x00009D26011B6A56 AS DateTime), NULL)
INSERT [cons].[Name] ([NameID], [FullName], [TaxonRankID], [NameClassID], [OriginalOrthography], [GoverningCode], [AddedDate], [UpdatedDate]) VALUES (N'd6c9fd8a-ce35-4841-aa77-de43c2c4d712', N'Paraliales Crawford ', N'2b1966d4-720b-4f58-9c01-1280e1bb0dab', N'a5233111-61a0-4ae6-9c2b-5e8e71f1473a', NULL, N'ICBN', CAST(0x00009D26011B6A56 AS DateTime), NULL)
INSERT [cons].[Name] ([NameID], [FullName], [TaxonRankID], [NameClassID], [OriginalOrthography], [GoverningCode], [AddedDate], [UpdatedDate]) VALUES (N'80152cc0-e097-4702-b8e8-de5537aa0fee', N'Nymphaeales', N'2b1966d4-720b-4f58-9c01-1280e1bb0dab', N'a5233111-61a0-4ae6-9c2b-5e8e71f1473a', NULL, N'ICBN', CAST(0x00009D26011B6A56 AS DateTime), NULL)
INSERT [cons].[Name] ([NameID], [FullName], [TaxonRankID], [NameClassID], [OriginalOrthography], [GoverningCode], [AddedDate], [UpdatedDate]) VALUES (N'c13f23ff-a148-4ac5-9049-dec909bdcb97', N'Proteales', N'2b1966d4-720b-4f58-9c01-1280e1bb0dab', N'a5233111-61a0-4ae6-9c2b-5e8e71f1473a', NULL, N'ICBN', CAST(0x00009D26011B6A56 AS DateTime), NULL)
INSERT [cons].[Name] ([NameID], [FullName], [TaxonRankID], [NameClassID], [OriginalOrthography], [GoverningCode], [AddedDate], [UpdatedDate]) VALUES (N'468faef9-b63d-4457-9e19-e00825d658dd', N'Bryophyta', N'4683cf13-2092-49b8-ba5a-5bb187463b81', N'a5233111-61a0-4ae6-9c2b-5e8e71f1473a', NULL, N'ICBN', CAST(0x00009D26011B6A56 AS DateTime), NULL)
INSERT [cons].[Name] ([NameID], [FullName], [TaxonRankID], [NameClassID], [OriginalOrthography], [GoverningCode], [AddedDate], [UpdatedDate]) VALUES (N'9b6b274f-3022-40ec-bf8c-e086edd78de6', N'Ebenales', N'2b1966d4-720b-4f58-9c01-1280e1bb0dab', N'a5233111-61a0-4ae6-9c2b-5e8e71f1473a', NULL, N'ICBN', CAST(0x00009D26011B6A56 AS DateTime), NULL)
INSERT [cons].[Name] ([NameID], [FullName], [TaxonRankID], [NameClassID], [OriginalOrthography], [GoverningCode], [AddedDate], [UpdatedDate]) VALUES (N'3c304ebf-0d11-4e74-9134-e6c3b1c0c26d', N'Fungi', N'63abe687-02b6-4787-bbe4-d5289c304f66', N'a5233111-61a0-4ae6-9c2b-5e8e71f1473a', NULL, N'ICBN', CAST(0x00009D26011B6A56 AS DateTime), NULL)
INSERT [cons].[Name] ([NameID], [FullName], [TaxonRankID], [NameClassID], [OriginalOrthography], [GoverningCode], [AddedDate], [UpdatedDate]) VALUES (N'440a5c74-9fb3-4347-8237-e6ff51b8589e', N'Lycopsida', N'8a07e8d2-9610-4a30-8f04-c39770686f2d', N'a5233111-61a0-4ae6-9c2b-5e8e71f1473a', NULL, N'ICBN', CAST(0x00009D26011B6A56 AS DateTime), NULL)
INSERT [cons].[Name] ([NameID], [FullName], [TaxonRankID], [NameClassID], [OriginalOrthography], [GoverningCode], [AddedDate], [UpdatedDate]) VALUES (N'dcafd6eb-a2c4-4821-b839-e733b94e1aeb', N'Heterokontophyta', N'de860ea0-d36b-4663-a9e1-a45a64c11e93', N'a5233111-61a0-4ae6-9c2b-5e8e71f1473a', NULL, N'ICBN', CAST(0x00009D26011B6A56 AS DateTime), NULL)
INSERT [cons].[Name] ([NameID], [FullName], [TaxonRankID], [NameClassID], [OriginalOrthography], [GoverningCode], [AddedDate], [UpdatedDate]) VALUES (N'73bfc72c-be6f-4060-97d8-e83cc48d7663', N'Lecanorales', N'2b1966d4-720b-4f58-9c01-1280e1bb0dab', N'a5233111-61a0-4ae6-9c2b-5e8e71f1473a', NULL, N'ICBN', CAST(0x00009D26011B6A56 AS DateTime), NULL)
INSERT [cons].[Name] ([NameID], [FullName], [TaxonRankID], [NameClassID], [OriginalOrthography], [GoverningCode], [AddedDate], [UpdatedDate]) VALUES (N'376582d8-6f03-4e38-ae8c-e88dd41c04cd', N'Ascomycota', N'4683cf13-2092-49b8-ba5a-5bb187463b81', N'a5233111-61a0-4ae6-9c2b-5e8e71f1473a', NULL, N'ICBN', CAST(0x00009D26011B6A56 AS DateTime), NULL)
INSERT [cons].[Name] ([NameID], [FullName], [TaxonRankID], [NameClassID], [OriginalOrthography], [GoverningCode], [AddedDate], [UpdatedDate]) VALUES (N'49e6349c-c6f2-44be-a0d4-eabb8374b94d', N'Volvocales', N'2b1966d4-720b-4f58-9c01-1280e1bb0dab', N'a5233111-61a0-4ae6-9c2b-5e8e71f1473a', NULL, N'ICBN', CAST(0x00009D26011B6A56 AS DateTime), NULL)
INSERT [cons].[Name] ([NameID], [FullName], [TaxonRankID], [NameClassID], [OriginalOrthography], [GoverningCode], [AddedDate], [UpdatedDate]) VALUES (N'c401500d-7e73-471b-abeb-eb4cbacd33b9', N'hyphomycetous anamorph', N'8a07e8d2-9610-4a30-8f04-c39770686f2d', N'a5233111-61a0-4ae6-9c2b-5e8e71f1473a', NULL, N'ICBN', CAST(0x00009D26011B6A56 AS DateTime), NULL)
INSERT [cons].[Name] ([NameID], [FullName], [TaxonRankID], [NameClassID], [OriginalOrthography], [GoverningCode], [AddedDate], [UpdatedDate]) VALUES (N'791ee3b4-f01e-4524-aa88-eb813bfde927', N'Synurophyceae', N'8a07e8d2-9610-4a30-8f04-c39770686f2d', N'a5233111-61a0-4ae6-9c2b-5e8e71f1473a', NULL, N'ICBN', CAST(0x00009D26011B6A56 AS DateTime), NULL)
INSERT [cons].[Name] ([NameID], [FullName], [TaxonRankID], [NameClassID], [OriginalOrthography], [GoverningCode], [AddedDate], [UpdatedDate]) VALUES (N'2d765b43-4edb-4d07-a23c-eba72a0b9098', N'Trentepohliales', N'2b1966d4-720b-4f58-9c01-1280e1bb0dab', N'a5233111-61a0-4ae6-9c2b-5e8e71f1473a', NULL, N'ICBN', CAST(0x00009D26011B6A56 AS DateTime), NULL)
INSERT [cons].[Name] ([NameID], [FullName], [TaxonRankID], [NameClassID], [OriginalOrthography], [GoverningCode], [AddedDate], [UpdatedDate]) VALUES (N'2d3e2b83-4d22-48de-89f4-edb88aed6f64', N'Anthocerotales', N'2b1966d4-720b-4f58-9c01-1280e1bb0dab', N'a5233111-61a0-4ae6-9c2b-5e8e71f1473a', NULL, N'ICBN', CAST(0x00009D26011B6A56 AS DateTime), NULL)
INSERT [cons].[Name] ([NameID], [FullName], [TaxonRankID], [NameClassID], [OriginalOrthography], [GoverningCode], [AddedDate], [UpdatedDate]) VALUES (N'bb7e62a8-8779-4b6b-9233-f0e9842411bf', N'Dinophyceae', N'8a07e8d2-9610-4a30-8f04-c39770686f2d', N'a5233111-61a0-4ae6-9c2b-5e8e71f1473a', NULL, N'ICBN', CAST(0x00009D26011B6A56 AS DateTime), NULL)
INSERT [cons].[Name] ([NameID], [FullName], [TaxonRankID], [NameClassID], [OriginalOrthography], [GoverningCode], [AddedDate], [UpdatedDate]) VALUES (N'c937267a-f766-460c-995d-f1affb80c631', N'Alismatales', N'2b1966d4-720b-4f58-9c01-1280e1bb0dab', N'a5233111-61a0-4ae6-9c2b-5e8e71f1473a', NULL, N'ICBN', CAST(0x00009D26011B6A56 AS DateTime), NULL)
INSERT [cons].[Name] ([NameID], [FullName], [TaxonRankID], [NameClassID], [OriginalOrthography], [GoverningCode], [AddedDate], [UpdatedDate]) VALUES (N'04281367-4ad2-490c-9c89-f1d8a0362946', N'Jungermanniales', N'2b1966d4-720b-4f58-9c01-1280e1bb0dab', N'a5233111-61a0-4ae6-9c2b-5e8e71f1473a', NULL, N'ICBN', CAST(0x00009D26011B6A56 AS DateTime), NULL)
INSERT [cons].[Name] ([NameID], [FullName], [TaxonRankID], [NameClassID], [OriginalOrthography], [GoverningCode], [AddedDate], [UpdatedDate]) VALUES (N'e91e266a-ad60-4629-b3ee-f285596bdbae', N'Liliales', N'2b1966d4-720b-4f58-9c01-1280e1bb0dab', N'a5233111-61a0-4ae6-9c2b-5e8e71f1473a', NULL, N'ICBN', CAST(0x00009D26011B6A56 AS DateTime), NULL)
INSERT [cons].[Name] ([NameID], [FullName], [TaxonRankID], [NameClassID], [OriginalOrthography], [GoverningCode], [AddedDate], [UpdatedDate]) VALUES (N'16178edb-d2be-4df4-abda-f37b77b43ad5', N'Plantaginales', N'2b1966d4-720b-4f58-9c01-1280e1bb0dab', N'a5233111-61a0-4ae6-9c2b-5e8e71f1473a', NULL, N'ICBN', CAST(0x00009D26011B6A56 AS DateTime), NULL)
INSERT [cons].[Name] ([NameID], [FullName], [TaxonRankID], [NameClassID], [OriginalOrthography], [GoverningCode], [AddedDate], [UpdatedDate]) VALUES (N'ee35dbea-566d-4aba-a946-f49afde7b225', N'Casuarinales', N'2b1966d4-720b-4f58-9c01-1280e1bb0dab', N'a5233111-61a0-4ae6-9c2b-5e8e71f1473a', NULL, N'ICBN', CAST(0x00009D26011B6A56 AS DateTime), NULL)
INSERT [cons].[Name] ([NameID], [FullName], [TaxonRankID], [NameClassID], [OriginalOrthography], [GoverningCode], [AddedDate], [UpdatedDate]) VALUES (N'5eda0650-254c-4ac7-9547-f4d15242353c', N'Myricales', N'2b1966d4-720b-4f58-9c01-1280e1bb0dab', N'a5233111-61a0-4ae6-9c2b-5e8e71f1473a', N'', N'ICBN', CAST(0x00009D26011B6A56 AS DateTime), NULL)
INSERT [cons].[Name] ([NameID], [FullName], [TaxonRankID], [NameClassID], [OriginalOrthography], [GoverningCode], [AddedDate], [UpdatedDate]) VALUES (N'a933e985-b822-4299-93a9-f7dc2e95d85f', N'Caliciales', N'2b1966d4-720b-4f58-9c01-1280e1bb0dab', N'a5233111-61a0-4ae6-9c2b-5e8e71f1473a', NULL, N'ICBN', CAST(0x00009D26011B6A56 AS DateTime), NULL)
INSERT [cons].[Name] ([NameID], [FullName], [TaxonRankID], [NameClassID], [OriginalOrthography], [GoverningCode], [AddedDate], [UpdatedDate]) VALUES (N'0bc7ef6a-76b0-48df-8205-f941544b7847', N'Eucommiales', N'2b1966d4-720b-4f58-9c01-1280e1bb0dab', N'a5233111-61a0-4ae6-9c2b-5e8e71f1473a', N'', N'ICBN', CAST(0x00009D26011B6A56 AS DateTime), NULL)
INSERT [cons].[Name] ([NameID], [FullName], [TaxonRankID], [NameClassID], [OriginalOrthography], [GoverningCode], [AddedDate], [UpdatedDate]) VALUES (N'fa8c095c-2a3d-44b8-8d1a-f9638787045f', N'Eustigmatophyceae', N'8a07e8d2-9610-4a30-8f04-c39770686f2d', N'a5233111-61a0-4ae6-9c2b-5e8e71f1473a', NULL, N'ICBN', CAST(0x00009D26011B6A56 AS DateTime), NULL)
INSERT [cons].[Name] ([NameID], [FullName], [TaxonRankID], [NameClassID], [OriginalOrthography], [GoverningCode], [AddedDate], [UpdatedDate]) VALUES (N'0c21ec0f-63ec-4fb0-bc88-fa79ede197cc', N'coelomycetous anamorph', N'8a07e8d2-9610-4a30-8f04-c39770686f2d', N'a5233111-61a0-4ae6-9c2b-5e8e71f1473a', NULL, N'ICBN', CAST(0x00009D26011B6A56 AS DateTime), NULL)
INSERT [cons].[Name] ([NameID], [FullName], [TaxonRankID], [NameClassID], [OriginalOrthography], [GoverningCode], [AddedDate], [UpdatedDate]) VALUES (N'14659352-72e5-4248-be76-fcc1c9e25963', N'Celastrales', N'2b1966d4-720b-4f58-9c01-1280e1bb0dab', N'a5233111-61a0-4ae6-9c2b-5e8e71f1473a', NULL, N'ICBN', CAST(0x00009D26011B6A56 AS DateTime), NULL)


--cons.NameProperty
INSERT [cons].[NameProperty] ([NamePropertyID], [NameID], [NameClassPropertyID], [Value], [RelatedID], [Sequence], [AddedDate], [UpdatedDate]) VALUES (N'9fb59964-3cb1-4cf8-b8ea-00472167d67c', N'8fb43fef-1c13-408d-9e18-0af5c51fe5f7', N'1f64e93c-7ee8-40d7-8681-52b56060d750', N'Eustigmatales', NULL, NULL, CAST(0x00009D26011B6CA9 AS DateTime), NULL)
INSERT [cons].[NameProperty] ([NamePropertyID], [NameID], [NameClassPropertyID], [Value], [RelatedID], [Sequence], [AddedDate], [UpdatedDate]) VALUES (N'1793929d-153a-45ce-becf-0050186544d8', N'aa99e67d-4599-4939-b29a-886c48adee64', N'a1d57520-3d64-4f7d-97c8-69b449afa280', N'order', NULL, NULL, CAST(0x00009D26011B6CA9 AS DateTime), NULL)
INSERT [cons].[NameProperty] ([NamePropertyID], [NameID], [NameClassPropertyID], [Value], [RelatedID], [Sequence], [AddedDate], [UpdatedDate]) VALUES (N'7e6ffa82-d21e-49af-9c6f-01ccaeb347ec', N'fbe2591c-c0d5-4e5c-abbe-55773d425c8c', N'a1d57520-3d64-4f7d-97c8-69b449afa280', N'order', NULL, NULL, CAST(0x00009D26011B6CA9 AS DateTime), NULL)
INSERT [cons].[NameProperty] ([NamePropertyID], [NameID], [NameClassPropertyID], [Value], [RelatedID], [Sequence], [AddedDate], [UpdatedDate]) VALUES (N'a3f00dbf-0dba-47b3-9921-02abff595869', N'ad2f6e5b-1814-40a3-9ced-7ca2f1dd8b53', N'a1d57520-3d64-4f7d-97c8-69b449afa280', N'order', NULL, NULL, CAST(0x00009D26011B6CA9 AS DateTime), NULL)
INSERT [cons].[NameProperty] ([NamePropertyID], [NameID], [NameClassPropertyID], [Value], [RelatedID], [Sequence], [AddedDate], [UpdatedDate]) VALUES (N'de61bf1e-0125-4dbc-8d35-02d19d58aba9', N'd8b7b09a-8269-43a9-b4e9-c318f4f3cc6e', N'a1d57520-3d64-4f7d-97c8-69b449afa280', N'order', NULL, NULL, CAST(0x00009D26011B6CA9 AS DateTime), NULL)
INSERT [cons].[NameProperty] ([NamePropertyID], [NameID], [NameClassPropertyID], [Value], [RelatedID], [Sequence], [AddedDate], [UpdatedDate]) VALUES (N'19119b57-81a4-43f1-9591-03c445f2419e', N'0bc7ef6a-76b0-48df-8205-f941544b7847', N'a1d57520-3d64-4f7d-97c8-69b449afa280', N'order', NULL, NULL, CAST(0x00009D26011B6CA9 AS DateTime), NULL)
INSERT [cons].[NameProperty] ([NamePropertyID], [NameID], [NameClassPropertyID], [Value], [RelatedID], [Sequence], [AddedDate], [UpdatedDate]) VALUES (N'656da9cd-bc76-4301-ad76-047e4037d1a5', N'ad3ada71-589b-4160-831f-d289cbfe974d', N'a1d57520-3d64-4f7d-97c8-69b449afa280', N'kingdom', NULL, NULL, CAST(0x00009D26011B6CA9 AS DateTime), NULL)
INSERT [cons].[NameProperty] ([NamePropertyID], [NameID], [NameClassPropertyID], [Value], [RelatedID], [Sequence], [AddedDate], [UpdatedDate]) VALUES (N'420364c4-eac2-4be8-895e-05640b0454aa', N'e20db620-df57-4ad1-93fe-998e2d094025', N'1f64e93c-7ee8-40d7-8681-52b56060d750', N'Cyclanthales', NULL, NULL, CAST(0x00009D26011B6CA9 AS DateTime), NULL)
INSERT [cons].[NameProperty] ([NamePropertyID], [NameID], [NameClassPropertyID], [Value], [RelatedID], [Sequence], [AddedDate], [UpdatedDate]) VALUES (N'20b5b3ff-f2bd-47e5-9798-064fb4fff446', N'3409223d-a7e4-4b49-899b-4d644622ab4f', N'1f64e93c-7ee8-40d7-8681-52b56060d750', N'Violales', NULL, NULL, CAST(0x00009D26011B6CA9 AS DateTime), NULL)
INSERT [cons].[NameProperty] ([NamePropertyID], [NameID], [NameClassPropertyID], [Value], [RelatedID], [Sequence], [AddedDate], [UpdatedDate]) VALUES (N'3427d17b-f6f3-4db5-b230-06df06d3a32a', N'd6e1de5d-5121-4ec1-82b3-b6c7ad3942a6', N'1f64e93c-7ee8-40d7-8681-52b56060d750', N'Hydrurales', NULL, NULL, CAST(0x00009D26011B6CA9 AS DateTime), NULL)
INSERT [cons].[NameProperty] ([NamePropertyID], [NameID], [NameClassPropertyID], [Value], [RelatedID], [Sequence], [AddedDate], [UpdatedDate]) VALUES (N'54bcfd42-4e52-434f-92ce-074aa781a6ca', N'3de65f2e-c133-4179-a18c-4a04b7035067', N'a1d57520-3d64-4f7d-97c8-69b449afa280', N'class', NULL, NULL, CAST(0x00009D26011B6CA9 AS DateTime), NULL)
INSERT [cons].[NameProperty] ([NamePropertyID], [NameID], [NameClassPropertyID], [Value], [RelatedID], [Sequence], [AddedDate], [UpdatedDate]) VALUES (N'f3f4c507-2d11-4392-a9ae-0833737adc44', N'3431141e-dcd4-43f9-83a7-3da8c63a7e9f', N'a1d57520-3d64-4f7d-97c8-69b449afa280', N'order', NULL, NULL, CAST(0x00009D26011B6CA9 AS DateTime), NULL)
INSERT [cons].[NameProperty] ([NamePropertyID], [NameID], [NameClassPropertyID], [Value], [RelatedID], [Sequence], [AddedDate], [UpdatedDate]) VALUES (N'4f92bb85-0abe-4815-810e-094007973189', N'ad9f9fca-db2c-449a-b977-5dca1a1422ea', N'006d86a8-08a5-4c1a-bc08-c07b0225e01b', N'Crawford ', NULL, NULL, CAST(0x00009D26011B6CA9 AS DateTime), NULL)
INSERT [cons].[NameProperty] ([NamePropertyID], [NameID], [NameClassPropertyID], [Value], [RelatedID], [Sequence], [AddedDate], [UpdatedDate]) VALUES (N'998cfd26-ce02-4edb-b4e4-09998c4148ed', N'61003a1c-157f-4397-9f09-73aeada59d74', N'a1d57520-3d64-4f7d-97c8-69b449afa280', N'order', NULL, NULL, CAST(0x00009D26011B6CA9 AS DateTime), NULL)
INSERT [cons].[NameProperty] ([NamePropertyID], [NameID], [NameClassPropertyID], [Value], [RelatedID], [Sequence], [AddedDate], [UpdatedDate]) VALUES (N'ee02b42b-afcb-44b3-a6f2-09f3dd71cdba', N'49e6349c-c6f2-44be-a0d4-eabb8374b94d', N'a1d57520-3d64-4f7d-97c8-69b449afa280', N'order', NULL, NULL, CAST(0x00009D26011B6CA9 AS DateTime), NULL)
INSERT [cons].[NameProperty] ([NamePropertyID], [NameID], [NameClassPropertyID], [Value], [RelatedID], [Sequence], [AddedDate], [UpdatedDate]) VALUES (N'85923433-1f92-4943-ae65-0b29d33205b1', N'73bfc72c-be6f-4060-97d8-e83cc48d7663', N'a1d57520-3d64-4f7d-97c8-69b449afa280', N'order', NULL, NULL, CAST(0x00009D26011B6CA9 AS DateTime), NULL)
INSERT [cons].[NameProperty] ([NamePropertyID], [NameID], [NameClassPropertyID], [Value], [RelatedID], [Sequence], [AddedDate], [UpdatedDate]) VALUES (N'b7075fcc-2770-498b-966e-0b8022ffc0bb', N'e0932acf-2182-49d3-aa9c-cc649acaf406', N'1f64e93c-7ee8-40d7-8681-52b56060d750', N'Gentianales', NULL, NULL, CAST(0x00009D26011B6CA9 AS DateTime), NULL)
INSERT [cons].[NameProperty] ([NamePropertyID], [NameID], [NameClassPropertyID], [Value], [RelatedID], [Sequence], [AddedDate], [UpdatedDate]) VALUES (N'66e9c9ad-254a-426f-8d8a-0b9b001f2880', N'1e7ed07a-2cea-4460-b5d6-9b0d6c8bdb52', N'1f64e93c-7ee8-40d7-8681-52b56060d750', N'Daphniphyllales', NULL, NULL, CAST(0x00009D26011B6CA9 AS DateTime), NULL)
INSERT [cons].[NameProperty] ([NamePropertyID], [NameID], [NameClassPropertyID], [Value], [RelatedID], [Sequence], [AddedDate], [UpdatedDate]) VALUES (N'd2553a72-259f-4883-9eea-0da59041fa76', N'f80003af-fb56-4221-8456-451fd8e20e81', N'a1d57520-3d64-4f7d-97c8-69b449afa280', N'Division', NULL, NULL, CAST(0x00009D26011B6CA9 AS DateTime), NULL)
INSERT [cons].[NameProperty] ([NamePropertyID], [NameID], [NameClassPropertyID], [Value], [RelatedID], [Sequence], [AddedDate], [UpdatedDate]) VALUES (N'986f582c-f1c7-47c1-9d88-0dae02c63b2c', N'eb9420dd-689b-4ba7-8f44-4d5fa2c41b5e', N'1f64e93c-7ee8-40d7-8681-52b56060d750', N'Pedinomonadales', NULL, NULL, CAST(0x00009D26011B6CA9 AS DateTime), NULL)
INSERT [cons].[NameProperty] ([NamePropertyID], [NameID], [NameClassPropertyID], [Value], [RelatedID], [Sequence], [AddedDate], [UpdatedDate]) VALUES (N'0c6085ab-ad45-40f9-a589-0e0bb0b00e4c', N'fa8c095c-2a3d-44b8-8d1a-f9638787045f', N'a1d57520-3d64-4f7d-97c8-69b449afa280', N'class', NULL, NULL, CAST(0x00009D26011B6CA9 AS DateTime), NULL)
INSERT [cons].[NameProperty] ([NamePropertyID], [NameID], [NameClassPropertyID], [Value], [RelatedID], [Sequence], [AddedDate], [UpdatedDate]) VALUES (N'e4696632-c386-41d2-a95a-0e73e85c9274', N'53f29bb6-ac72-440e-9f59-28b3e96cc394', N'1f64e93c-7ee8-40d7-8681-52b56060d750', N'Phyllachorales', NULL, NULL, CAST(0x00009D26011B6CA9 AS DateTime), NULL)
INSERT [cons].[NameProperty] ([NamePropertyID], [NameID], [NameClassPropertyID], [Value], [RelatedID], [Sequence], [AddedDate], [UpdatedDate]) VALUES (N'b1fe2137-87d4-4104-9500-0ecfa63d2007', N'754b5f42-2f05-4642-b07a-90a96ac1d2fc', N'a1d57520-3d64-4f7d-97c8-69b449afa280', N'order', NULL, NULL, CAST(0x00009D26011B6CA9 AS DateTime), NULL)
INSERT [cons].[NameProperty] ([NamePropertyID], [NameID], [NameClassPropertyID], [Value], [RelatedID], [Sequence], [AddedDate], [UpdatedDate]) VALUES (N'ca277ab1-0e35-484a-b2e9-0fa1436b666b', N'c22c9755-74db-4ed9-b68e-6630b7af17c2', N'a1d57520-3d64-4f7d-97c8-69b449afa280', N'order', NULL, NULL, CAST(0x00009D26011B6CA9 AS DateTime), NULL)
INSERT [cons].[NameProperty] ([NamePropertyID], [NameID], [NameClassPropertyID], [Value], [RelatedID], [Sequence], [AddedDate], [UpdatedDate]) VALUES (N'a180c9e0-fa30-472a-8d51-100d7634251f', N'38e76c37-edc6-4c08-97e6-09dd1d33b233', N'a1d57520-3d64-4f7d-97c8-69b449afa280', N'kingdom', NULL, NULL, CAST(0x00009D26011B6CA9 AS DateTime), NULL)
INSERT [cons].[NameProperty] ([NamePropertyID], [NameID], [NameClassPropertyID], [Value], [RelatedID], [Sequence], [AddedDate], [UpdatedDate]) VALUES (N'dc631a58-d82f-4592-8961-101f1a1c6dc8', N'1acf5c0d-d991-4912-9f8b-0c1ef2dd8f8b', N'a1d57520-3d64-4f7d-97c8-69b449afa280', N'phylum', NULL, NULL, CAST(0x00009D26011B6CA9 AS DateTime), NULL)
INSERT [cons].[NameProperty] ([NamePropertyID], [NameID], [NameClassPropertyID], [Value], [RelatedID], [Sequence], [AddedDate], [UpdatedDate]) VALUES (N'36a5389a-771d-40eb-9a13-107cf3f72fb5', N'4837e5e6-3832-45e0-bb47-d80bc2f9605f', N'a1d57520-3d64-4f7d-97c8-69b449afa280', N'order', NULL, NULL, CAST(0x00009D26011B6CA9 AS DateTime), NULL)
INSERT [cons].[NameProperty] ([NamePropertyID], [NameID], [NameClassPropertyID], [Value], [RelatedID], [Sequence], [AddedDate], [UpdatedDate]) VALUES (N'4eafb890-b5e9-4677-a1f7-115dfa007595', N'81c6dd3f-47ef-4188-befd-481bdf0290bc', N'a1d57520-3d64-4f7d-97c8-69b449afa280', N'order', NULL, NULL, CAST(0x00009D26011B6CA9 AS DateTime), NULL)
INSERT [cons].[NameProperty] ([NamePropertyID], [NameID], [NameClassPropertyID], [Value], [RelatedID], [Sequence], [AddedDate], [UpdatedDate]) VALUES (N'5e55d1ed-59a2-4ae1-a437-117734daea0e', N'8de5bd73-a9a3-4d26-bc37-89ed167d691c', N'1f64e93c-7ee8-40d7-8681-52b56060d750', N'Charales', NULL, NULL, CAST(0x00009D26011B6CA9 AS DateTime), NULL)
INSERT [cons].[NameProperty] ([NamePropertyID], [NameID], [NameClassPropertyID], [Value], [RelatedID], [Sequence], [AddedDate], [UpdatedDate]) VALUES (N'b152cea4-765e-4862-94af-11d206651e1e', N'e8674a27-8575-44a9-956e-0eb0189a474b', N'1f64e93c-7ee8-40d7-8681-52b56060d750', N'Chlorosarcinales', NULL, NULL, CAST(0x00009D26011B6CA9 AS DateTime), NULL)
INSERT [cons].[NameProperty] ([NamePropertyID], [NameID], [NameClassPropertyID], [Value], [RelatedID], [Sequence], [AddedDate], [UpdatedDate]) VALUES (N'55903e85-74c3-45c5-9572-11f0a56a2b9e', N'082759f3-9d87-4435-a626-d69be91d80dc', N'a1d57520-3d64-4f7d-97c8-69b449afa280', N'order', NULL, NULL, CAST(0x00009D26011B6CA9 AS DateTime), NULL)
INSERT [cons].[NameProperty] ([NamePropertyID], [NameID], [NameClassPropertyID], [Value], [RelatedID], [Sequence], [AddedDate], [UpdatedDate]) VALUES (N'6c638eea-b8c2-4287-97fa-12950733bd08', N'26ff239c-2b66-4947-bb71-08f9ee1d633b', N'a1d57520-3d64-4f7d-97c8-69b449afa280', N'order', NULL, NULL, CAST(0x00009D26011B6CA9 AS DateTime), NULL)
INSERT [cons].[NameProperty] ([NamePropertyID], [NameID], [NameClassPropertyID], [Value], [RelatedID], [Sequence], [AddedDate], [UpdatedDate]) VALUES (N'71e88c39-9b0c-4c06-8bbd-1425c79d2603', N'f4bd221d-bbb2-453e-b7fc-1ef2a4f4e622', N'a1d57520-3d64-4f7d-97c8-69b449afa280', N'order', NULL, NULL, CAST(0x00009D26011B6CA9 AS DateTime), NULL)
INSERT [cons].[NameProperty] ([NamePropertyID], [NameID], [NameClassPropertyID], [Value], [RelatedID], [Sequence], [AddedDate], [UpdatedDate]) VALUES (N'2d8129de-6567-4fe6-b491-15c602d83a09', N'c401500d-7e73-471b-abeb-eb4cbacd33b9', N'a1d57520-3d64-4f7d-97c8-69b449afa280', N'class', NULL, NULL, CAST(0x00009D26011B6CA9 AS DateTime), NULL)
INSERT [cons].[NameProperty] ([NamePropertyID], [NameID], [NameClassPropertyID], [Value], [RelatedID], [Sequence], [AddedDate], [UpdatedDate]) VALUES (N'b1b1724e-75fd-4e4e-b545-15c87185051c', N'c22c9755-74db-4ed9-b68e-6630b7af17c2', N'1f64e93c-7ee8-40d7-8681-52b56060d750', N'Vaucheriales', NULL, NULL, CAST(0x00009D26011B6CA9 AS DateTime), NULL)
INSERT [cons].[NameProperty] ([NamePropertyID], [NameID], [NameClassPropertyID], [Value], [RelatedID], [Sequence], [AddedDate], [UpdatedDate]) VALUES (N'd0e0a0f2-270b-4f03-a99d-1a3b8fa480d5', N'a2a92196-4416-4ba8-ba08-576da5529db6', N'1f64e93c-7ee8-40d7-8681-52b56060d750', N'Pleosporales', NULL, NULL, CAST(0x00009D26011B6CA9 AS DateTime), NULL)
INSERT [cons].[NameProperty] ([NamePropertyID], [NameID], [NameClassPropertyID], [Value], [RelatedID], [Sequence], [AddedDate], [UpdatedDate]) VALUES (N'b9ea0e7c-4254-4650-abc3-1b21c0632e06', N'e0ce828f-ddf7-4ae5-ae0c-125d5c3145d1', N'a1d57520-3d64-4f7d-97c8-69b449afa280', N'class', NULL, NULL, CAST(0x00009D26011B6CA9 AS DateTime), NULL)
INSERT [cons].[NameProperty] ([NamePropertyID], [NameID], [NameClassPropertyID], [Value], [RelatedID], [Sequence], [AddedDate], [UpdatedDate]) VALUES (N'82e82317-a709-4a1b-85d4-1b79bb5dec7c', N'156870d4-9de3-41c3-b937-04b12326cd62', N'006d86a8-08a5-4c1a-bc08-c07b0225e01b', N'Round & Crawford ', NULL, NULL, CAST(0x00009D26011B6CA9 AS DateTime), NULL)
INSERT [cons].[NameProperty] ([NamePropertyID], [NameID], [NameClassPropertyID], [Value], [RelatedID], [Sequence], [AddedDate], [UpdatedDate]) VALUES (N'8d0d3721-ef4a-4798-aba8-1b97854bf0b1', N'72ca968d-1a3d-4531-bccd-245c6c2c3e87', N'1f64e93c-7ee8-40d7-8681-52b56060d750', N'Orthoseirales', NULL, NULL, CAST(0x00009D26011B6CA9 AS DateTime), NULL)
INSERT [cons].[NameProperty] ([NamePropertyID], [NameID], [NameClassPropertyID], [Value], [RelatedID], [Sequence], [AddedDate], [UpdatedDate]) VALUES (N'bc07c473-2e03-466b-8c75-1ba34728ec0f', N'2c424a80-3bea-424e-98b4-3149ea4fbb90', N'a1d57520-3d64-4f7d-97c8-69b449afa280', N'order', NULL, NULL, CAST(0x00009D26011B6CA9 AS DateTime), NULL)
INSERT [cons].[NameProperty] ([NamePropertyID], [NameID], [NameClassPropertyID], [Value], [RelatedID], [Sequence], [AddedDate], [UpdatedDate]) VALUES (N'70b0715f-77c0-4aad-89db-1c2e5c39acf9', N'fd98623d-3f2f-4ba8-b93b-d17742945a15', N'1f64e93c-7ee8-40d7-8681-52b56060d750', N'Tribonematales', NULL, NULL, CAST(0x00009D26011B6CA9 AS DateTime), NULL)
INSERT [cons].[NameProperty] ([NamePropertyID], [NameID], [NameClassPropertyID], [Value], [RelatedID], [Sequence], [AddedDate], [UpdatedDate]) VALUES (N'c14a28b1-0d61-47c4-8446-1cb68efeccd2', N'6d351a09-999c-488c-a25e-9e100ae59924', N'a1d57520-3d64-4f7d-97c8-69b449afa280', N'order', NULL, NULL, CAST(0x00009D26011B6CA9 AS DateTime), NULL)
INSERT [cons].[NameProperty] ([NamePropertyID], [NameID], [NameClassPropertyID], [Value], [RelatedID], [Sequence], [AddedDate], [UpdatedDate]) VALUES (N'584605cb-ab16-4822-933d-1cdfcae1c51f', N'8c01f9c8-09c3-4ef8-a91c-c0afda0b8e5e', N'a1d57520-3d64-4f7d-97c8-69b449afa280', N'order', NULL, NULL, CAST(0x00009D26011B6CA9 AS DateTime), NULL)
INSERT [cons].[NameProperty] ([NamePropertyID], [NameID], [NameClassPropertyID], [Value], [RelatedID], [Sequence], [AddedDate], [UpdatedDate]) VALUES (N'0721e133-c16e-43ce-92a6-1d142f8b0581', N'4bc1d36b-6f1c-4024-95a1-9039925695ce', N'a1d57520-3d64-4f7d-97c8-69b449afa280', N'order', NULL, NULL, CAST(0x00009D26011B6CA9 AS DateTime), NULL)
INSERT [cons].[NameProperty] ([NamePropertyID], [NameID], [NameClassPropertyID], [Value], [RelatedID], [Sequence], [AddedDate], [UpdatedDate]) VALUES (N'8cf9d7b7-6dde-4224-990d-1d4449c7f9ae', N'17f0f53e-bbd5-417c-8948-75a1221ab4e7', N'a1d57520-3d64-4f7d-97c8-69b449afa280', N'order', NULL, NULL, CAST(0x00009D26011B6CA9 AS DateTime), NULL)
INSERT [cons].[NameProperty] ([NamePropertyID], [NameID], [NameClassPropertyID], [Value], [RelatedID], [Sequence], [AddedDate], [UpdatedDate]) VALUES (N'119f328e-92cc-4cda-8333-1def4e155a5c', N'8748aed6-db10-4fdb-aec2-3746b5534906', N'1f64e93c-7ee8-40d7-8681-52b56060d750', N'Metzgeriales', NULL, NULL, CAST(0x00009D26011B6CA9 AS DateTime), NULL)
INSERT [cons].[NameProperty] ([NamePropertyID], [NameID], [NameClassPropertyID], [Value], [RelatedID], [Sequence], [AddedDate], [UpdatedDate]) VALUES (N'93cfe9c4-b6f9-445f-bc25-1f85f6ff6762', N'd6c9fd8a-ce35-4841-aa77-de43c2c4d712', N'006d86a8-08a5-4c1a-bc08-c07b0225e01b', N'Crawford ', NULL, NULL, CAST(0x00009D26011B6CA9 AS DateTime), NULL)
INSERT [cons].[NameProperty] ([NamePropertyID], [NameID], [NameClassPropertyID], [Value], [RelatedID], [Sequence], [AddedDate], [UpdatedDate]) VALUES (N'96ca8116-9162-4018-9c64-1fa8b57f9cc5', N'b00a7524-21ea-4963-93a1-0b9645960773', N'1f64e93c-7ee8-40d7-8681-52b56060d750', N'Leotiales', NULL, NULL, CAST(0x00009D26011B6CA9 AS DateTime), NULL)
INSERT [cons].[NameProperty] ([NamePropertyID], [NameID], [NameClassPropertyID], [Value], [RelatedID], [Sequence], [AddedDate], [UpdatedDate]) VALUES (N'b36a4c5c-f967-4180-b5b0-1ffa9eed7bd5', N'f28b1bf4-ce20-4715-82f9-a7b0b76a806f', N'1f64e93c-7ee8-40d7-8681-52b56060d750', N'Dipsacales', NULL, NULL, CAST(0x00009D26011B6CA9 AS DateTime), NULL)
INSERT [cons].[NameProperty] ([NamePropertyID], [NameID], [NameClassPropertyID], [Value], [RelatedID], [Sequence], [AddedDate], [UpdatedDate]) VALUES (N'2bf02f57-98fe-4590-a4ec-2032a4712a13', N'7bb25bb4-c93f-40bf-ab23-5f66f4bb3cf3', N'1f64e93c-7ee8-40d7-8681-52b56060d750', N'Cryptophyta', NULL, NULL, CAST(0x00009D26011B6CA9 AS DateTime), NULL)
INSERT [cons].[NameProperty] ([NamePropertyID], [NameID], [NameClassPropertyID], [Value], [RelatedID], [Sequence], [AddedDate], [UpdatedDate]) VALUES (N'a9f4847a-292c-42c9-87d8-20c11c3b55ec', N'fa7fca76-3fe1-41d2-b23d-52f25a3d7fe5', N'c9e19d58-bd92-4f3c-96e8-de7fa6dcd5f7', N'1986', NULL, NULL, CAST(0x00009D26011B6CA9 AS DateTime), NULL)
INSERT [cons].[NameProperty] ([NamePropertyID], [NameID], [NameClassPropertyID], [Value], [RelatedID], [Sequence], [AddedDate], [UpdatedDate]) VALUES (N'8401f4ca-5f9a-4751-a772-20ccaa200de0', N'376582d8-6f03-4e38-ae8c-e88dd41c04cd', N'1f64e93c-7ee8-40d7-8681-52b56060d750', N'Ascomycota', NULL, NULL, CAST(0x00009D26011B6CA9 AS DateTime), NULL)
INSERT [cons].[NameProperty] ([NamePropertyID], [NameID], [NameClassPropertyID], [Value], [RelatedID], [Sequence], [AddedDate], [UpdatedDate]) VALUES (N'52501069-3fd5-4dbd-a435-20f6c371a75c', N'8c01f9c8-09c3-4ef8-a91c-c0afda0b8e5e', N'1f64e93c-7ee8-40d7-8681-52b56060d750', N'Helotiales', NULL, NULL, CAST(0x00009D26011B6CA9 AS DateTime), NULL)
INSERT [cons].[NameProperty] ([NamePropertyID], [NameID], [NameClassPropertyID], [Value], [RelatedID], [Sequence], [AddedDate], [UpdatedDate]) VALUES (N'bb1b4186-2692-427b-880b-218a378f0b4c', N'528465d5-69c1-4f15-9381-b9b288ffaf07', N'a1d57520-3d64-4f7d-97c8-69b449afa280', N'order', NULL, NULL, CAST(0x00009D26011B6CA9 AS DateTime), NULL)
INSERT [cons].[NameProperty] ([NamePropertyID], [NameID], [NameClassPropertyID], [Value], [RelatedID], [Sequence], [AddedDate], [UpdatedDate]) VALUES (N'44458dae-b64f-452b-8429-223d85866638', N'9cc257e4-971a-4dda-987e-b3f100fedbd5', N'a1d57520-3d64-4f7d-97c8-69b449afa280', N'order', NULL, NULL, CAST(0x00009D26011B6CA9 AS DateTime), NULL)
INSERT [cons].[NameProperty] ([NamePropertyID], [NameID], [NameClassPropertyID], [Value], [RelatedID], [Sequence], [AddedDate], [UpdatedDate]) VALUES (N'c2755b8f-82e1-47a6-ba96-234768b97893', N'1c1a5f34-fa0f-4302-a100-bbd123a6003f', N'1f64e93c-7ee8-40d7-8681-52b56060d750', N'Raphidophyceae', NULL, NULL, CAST(0x00009D26011B6CA9 AS DateTime), NULL)
INSERT [cons].[NameProperty] ([NamePropertyID], [NameID], [NameClassPropertyID], [Value], [RelatedID], [Sequence], [AddedDate], [UpdatedDate]) VALUES (N'2fc38ac5-0a26-4131-8575-234f5a53ea7d', N'f5c18eb3-8003-4956-a673-184a307bf6db', N'a1d57520-3d64-4f7d-97c8-69b449afa280', N'order', NULL, NULL, CAST(0x00009D26011B6CA9 AS DateTime), NULL)
INSERT [cons].[NameProperty] ([NamePropertyID], [NameID], [NameClassPropertyID], [Value], [RelatedID], [Sequence], [AddedDate], [UpdatedDate]) VALUES (N'd5520745-26b1-4da2-822f-235728b2c1ee', N'bbb6e350-5ec7-4b98-ae89-2fe9a1559712', N'1f64e93c-7ee8-40d7-8681-52b56060d750', N'Hepaticae', NULL, NULL, CAST(0x00009D26011B6CA9 AS DateTime), NULL)
INSERT [cons].[NameProperty] ([NamePropertyID], [NameID], [NameClassPropertyID], [Value], [RelatedID], [Sequence], [AddedDate], [UpdatedDate]) VALUES (N'8ea8c1f6-48bb-4e44-a86e-2383f8f6a7be', N'3e350b89-19f0-45c1-b734-142e5b431850', N'1f64e93c-7ee8-40d7-8681-52b56060d750', N'Arecales', NULL, NULL, CAST(0x00009D26011B6CA9 AS DateTime), NULL)
INSERT [cons].[NameProperty] ([NamePropertyID], [NameID], [NameClassPropertyID], [Value], [RelatedID], [Sequence], [AddedDate], [UpdatedDate]) VALUES (N'dfcb012e-22a4-469a-b23f-23a04138b097', N'a7b81062-c924-4a10-bf59-da2184c4dbbf', N'a1d57520-3d64-4f7d-97c8-69b449afa280', N'order', NULL, NULL, CAST(0x00009D26011B6CA9 AS DateTime), NULL)
INSERT [cons].[NameProperty] ([NamePropertyID], [NameID], [NameClassPropertyID], [Value], [RelatedID], [Sequence], [AddedDate], [UpdatedDate]) VALUES (N'f1b673a9-defb-4873-9b31-23cfddbb7241', N'a2bf3f53-7a29-44b7-9546-cee8d17e0526', N'1f64e93c-7ee8-40d7-8681-52b56060d750', N'Cycadatae', NULL, NULL, CAST(0x00009D26011B6CA9 AS DateTime), NULL)
INSERT [cons].[NameProperty] ([NamePropertyID], [NameID], [NameClassPropertyID], [Value], [RelatedID], [Sequence], [AddedDate], [UpdatedDate]) VALUES (N'7831aaf7-db40-461f-8f5c-243eb1be5cdc', N'bbe2f381-1bd3-470e-b3d9-ca24e6b9223a', N'1f64e93c-7ee8-40d7-8681-52b56060d750', N'Triceratiales', NULL, NULL, CAST(0x00009D26011B6CA9 AS DateTime), NULL)
INSERT [cons].[NameProperty] ([NamePropertyID], [NameID], [NameClassPropertyID], [Value], [RelatedID], [Sequence], [AddedDate], [UpdatedDate]) VALUES (N'7a00bc15-20a6-4ac2-8b1d-24401f70e9fe', N'b00a7524-21ea-4963-93a1-0b9645960773', N'a1d57520-3d64-4f7d-97c8-69b449afa280', N'order', NULL, NULL, CAST(0x00009D26011B6CA9 AS DateTime), NULL)
INSERT [cons].[NameProperty] ([NamePropertyID], [NameID], [NameClassPropertyID], [Value], [RelatedID], [Sequence], [AddedDate], [UpdatedDate]) VALUES (N'7a023fb8-e519-47fe-b6a3-2452bafe5948', N'7b5b90cc-b1ad-4ddd-9bea-3140b3723f04', N'1f64e93c-7ee8-40d7-8681-52b56060d750', N'Chaetocerotales', NULL, NULL, CAST(0x00009D26011B6CA9 AS DateTime), NULL)
INSERT [cons].[NameProperty] ([NamePropertyID], [NameID], [NameClassPropertyID], [Value], [RelatedID], [Sequence], [AddedDate], [UpdatedDate]) VALUES (N'50a6451a-759e-4142-98ba-246294816105', N'e63c1f9a-a9eb-4b1e-8e23-6cf96c15fe66', N'1f64e93c-7ee8-40d7-8681-52b56060d750', N'Mischococcales', NULL, NULL, CAST(0x00009D26011B6CA9 AS DateTime), NULL)
INSERT [cons].[NameProperty] ([NamePropertyID], [NameID], [NameClassPropertyID], [Value], [RelatedID], [Sequence], [AddedDate], [UpdatedDate]) VALUES (N'5a6bdf11-0388-44a8-911e-2496e7a67fdc', N'e8674a27-8575-44a9-956e-0eb0189a474b', N'a1d57520-3d64-4f7d-97c8-69b449afa280', N'order', NULL, NULL, CAST(0x00009D26011B6CA9 AS DateTime), NULL)
INSERT [cons].[NameProperty] ([NamePropertyID], [NameID], [NameClassPropertyID], [Value], [RelatedID], [Sequence], [AddedDate], [UpdatedDate]) VALUES (N'ab3ed44d-b1fe-4ef2-bd80-24d121bf88bd', N'1e565a91-b224-4c6d-8b31-4ca0d19e92df', N'a1d57520-3d64-4f7d-97c8-69b449afa280', N'order', NULL, NULL, CAST(0x00009D26011B6CA9 AS DateTime), NULL)
INSERT [cons].[NameProperty] ([NamePropertyID], [NameID], [NameClassPropertyID], [Value], [RelatedID], [Sequence], [AddedDate], [UpdatedDate]) VALUES (N'a424dbfd-f73a-4d6f-ac79-24db663042bf', N'f8157e5d-1ba0-4e5a-8fb9-a146cdd0268c', N'1f64e93c-7ee8-40d7-8681-52b56060d750', N'Cyanophyceae', NULL, NULL, CAST(0x00009D26011B6CA9 AS DateTime), NULL)
INSERT [cons].[NameProperty] ([NamePropertyID], [NameID], [NameClassPropertyID], [Value], [RelatedID], [Sequence], [AddedDate], [UpdatedDate]) VALUES (N'8c27bd32-c1b2-4fc5-8cb1-258c35f26c39', N'8c45fbc3-b4e1-4ce0-addf-8f0d68411cd8', N'a1d57520-3d64-4f7d-97c8-69b449afa280', N'order', NULL, NULL, CAST(0x00009D26011B6CA9 AS DateTime), NULL)
INSERT [cons].[NameProperty] ([NamePropertyID], [NameID], [NameClassPropertyID], [Value], [RelatedID], [Sequence], [AddedDate], [UpdatedDate]) VALUES (N'a7ca5940-c205-499e-a20a-262d9d2ed0cf', N'45b2ebda-ff3d-4fc0-a7c9-9df20c1f0b07', N'a1d57520-3d64-4f7d-97c8-69b449afa280', N'class', NULL, NULL, CAST(0x00009D26011B6CA9 AS DateTime), NULL)
INSERT [cons].[NameProperty] ([NamePropertyID], [NameID], [NameClassPropertyID], [Value], [RelatedID], [Sequence], [AddedDate], [UpdatedDate]) VALUES (N'c0705bfe-0671-45a3-bfb7-2636e0ac11a2', N'2d3e2b83-4d22-48de-89f4-edb88aed6f64', N'1f64e93c-7ee8-40d7-8681-52b56060d750', N'Anthocerotales', NULL, NULL, CAST(0x00009D26011B6CA9 AS DateTime), NULL)
INSERT [cons].[NameProperty] ([NamePropertyID], [NameID], [NameClassPropertyID], [Value], [RelatedID], [Sequence], [AddedDate], [UpdatedDate]) VALUES (N'47c03643-22a7-487b-9896-2659b8ca000d', N'aa99e67d-4599-4939-b29a-886c48adee64', N'1f64e93c-7ee8-40d7-8681-52b56060d750', N'Arales', NULL, NULL, CAST(0x00009D26011B6CA9 AS DateTime), NULL)
INSERT [cons].[NameProperty] ([NamePropertyID], [NameID], [NameClassPropertyID], [Value], [RelatedID], [Sequence], [AddedDate], [UpdatedDate]) VALUES (N'7c731b29-e109-4815-a7ee-2691b1407ef9', N'21aea506-ffa2-41b6-bf45-ceecbcbac28c', N'a1d57520-3d64-4f7d-97c8-69b449afa280', N'Division', NULL, NULL, CAST(0x00009D26011B6CA9 AS DateTime), NULL)
INSERT [cons].[NameProperty] ([NamePropertyID], [NameID], [NameClassPropertyID], [Value], [RelatedID], [Sequence], [AddedDate], [UpdatedDate]) VALUES (N'084be8e4-ba90-48ae-a633-26c309a1e7a1', N'1e7ed07a-2cea-4460-b5d6-9b0d6c8bdb52', N'a1d57520-3d64-4f7d-97c8-69b449afa280', N'order', NULL, NULL, CAST(0x00009D26011B6CA9 AS DateTime), NULL)
INSERT [cons].[NameProperty] ([NamePropertyID], [NameID], [NameClassPropertyID], [Value], [RelatedID], [Sequence], [AddedDate], [UpdatedDate]) VALUES (N'5492a3bb-daa8-4d76-b577-26e8aacf87f0', N'72bc4381-3617-4ca9-84c5-352339117134', N'1f64e93c-7ee8-40d7-8681-52b56060d750', N'Zygophyceae', NULL, NULL, CAST(0x00009D26011B6CA9 AS DateTime), NULL)
INSERT [cons].[NameProperty] ([NamePropertyID], [NameID], [NameClassPropertyID], [Value], [RelatedID], [Sequence], [AddedDate], [UpdatedDate]) VALUES (N'6dc618f4-70b5-4339-86a1-27a1122b3655', N'04281367-4ad2-490c-9c89-f1d8a0362946', N'1f64e93c-7ee8-40d7-8681-52b56060d750', N'Jungermanniales', NULL, NULL, CAST(0x00009D26011B6CA9 AS DateTime), NULL)
INSERT [cons].[NameProperty] ([NamePropertyID], [NameID], [NameClassPropertyID], [Value], [RelatedID], [Sequence], [AddedDate], [UpdatedDate]) VALUES (N'a6db19fa-de0b-4b5f-9507-284b6e04aea7', N'04281367-4ad2-490c-9c89-f1d8a0362946', N'a1d57520-3d64-4f7d-97c8-69b449afa280', N'order', NULL, NULL, CAST(0x00009D26011B6CA9 AS DateTime), NULL)
INSERT [cons].[NameProperty] ([NamePropertyID], [NameID], [NameClassPropertyID], [Value], [RelatedID], [Sequence], [AddedDate], [UpdatedDate]) VALUES (N'b0b8c076-d0c6-4deb-9a31-285e16e47503', N'20e5d16b-9201-4c4f-bd5f-bb4313c95b2b', N'1f64e93c-7ee8-40d7-8681-52b56060d750', N'Zingiberales', NULL, NULL, CAST(0x00009D26011B6CA9 AS DateTime), NULL)
INSERT [cons].[NameProperty] ([NamePropertyID], [NameID], [NameClassPropertyID], [Value], [RelatedID], [Sequence], [AddedDate], [UpdatedDate]) VALUES (N'412bcfb1-fefb-4d6d-9405-28756de85c3e', N'7a54e53b-0374-4398-8783-a76697cbe2be', N'a1d57520-3d64-4f7d-97c8-69b449afa280', N'order', NULL, NULL, CAST(0x00009D26011B6CA9 AS DateTime), NULL)
INSERT [cons].[NameProperty] ([NamePropertyID], [NameID], [NameClassPropertyID], [Value], [RelatedID], [Sequence], [AddedDate], [UpdatedDate]) VALUES (N'36d14b97-ddda-4e2e-8588-29af8e4e4d42', N'dcafd6eb-a2c4-4821-b839-e733b94e1aeb', N'a1d57520-3d64-4f7d-97c8-69b449afa280', N'phylum', NULL, NULL, CAST(0x00009D26011B6CA9 AS DateTime), NULL)
INSERT [cons].[NameProperty] ([NamePropertyID], [NameID], [NameClassPropertyID], [Value], [RelatedID], [Sequence], [AddedDate], [UpdatedDate]) VALUES (N'c5064957-9f28-4af7-8966-2a2da0e5abd2', N'21323143-8282-46ab-8b38-4ebc4711748a', N'1f64e93c-7ee8-40d7-8681-52b56060d750', N'Teloschistales', NULL, NULL, CAST(0x00009D26011B6CA9 AS DateTime), NULL)
INSERT [cons].[NameProperty] ([NamePropertyID], [NameID], [NameClassPropertyID], [Value], [RelatedID], [Sequence], [AddedDate], [UpdatedDate]) VALUES (N'c16c0971-7847-4ba7-ae73-2a333f14825e', N'c13f23ff-a148-4ac5-9049-dec909bdcb97', N'1f64e93c-7ee8-40d7-8681-52b56060d750', N'Proteales', NULL, NULL, CAST(0x00009D26011B6CA9 AS DateTime), NULL)
INSERT [cons].[NameProperty] ([NamePropertyID], [NameID], [NameClassPropertyID], [Value], [RelatedID], [Sequence], [AddedDate], [UpdatedDate]) VALUES (N'f3a9abf7-95e6-4ee9-8dcd-2abf0e6610a8', N'bbe2f381-1bd3-470e-b3d9-ca24e6b9223a', N'a1d57520-3d64-4f7d-97c8-69b449afa280', N'order', NULL, NULL, CAST(0x00009D26011B6CA9 AS DateTime), NULL)
INSERT [cons].[NameProperty] ([NamePropertyID], [NameID], [NameClassPropertyID], [Value], [RelatedID], [Sequence], [AddedDate], [UpdatedDate]) VALUES (N'c19cd556-25e3-49fc-9c9e-2add20e60b35', N'7e66f5b7-1870-4202-8d26-53d652148600', N'a1d57520-3d64-4f7d-97c8-69b449afa280', N'phylum', NULL, NULL, CAST(0x00009D26011B6CA9 AS DateTime), NULL)
INSERT [cons].[NameProperty] ([NamePropertyID], [NameID], [NameClassPropertyID], [Value], [RelatedID], [Sequence], [AddedDate], [UpdatedDate]) VALUES (N'a19d84f8-c84a-47ba-ad36-2bd937cf2d6e', N'dcd983d5-93dc-4a10-9c40-6b0d5b682ee3', N'1f64e93c-7ee8-40d7-8681-52b56060d750', N'Ginkgoatae', NULL, NULL, CAST(0x00009D26011B6CA9 AS DateTime), NULL)
INSERT [cons].[NameProperty] ([NamePropertyID], [NameID], [NameClassPropertyID], [Value], [RelatedID], [Sequence], [AddedDate], [UpdatedDate]) VALUES (N'0ca85f67-dfae-412f-800c-2c9c721ba1fb', N'36a5e45d-3970-46c3-95f7-9e490a901f40', N'1f64e93c-7ee8-40d7-8681-52b56060d750', N'Bacillariophyceae', NULL, NULL, CAST(0x00009D26011B6CA9 AS DateTime), NULL)
INSERT [cons].[NameProperty] ([NamePropertyID], [NameID], [NameClassPropertyID], [Value], [RelatedID], [Sequence], [AddedDate], [UpdatedDate]) VALUES (N'2985bfab-c783-4798-ade0-2cc44beba2bb', N'ad42b7f6-19ed-477b-879a-48e271b97aae', N'a1d57520-3d64-4f7d-97c8-69b449afa280', N'order', NULL, NULL, CAST(0x00009D26011B6CA9 AS DateTime), NULL)
INSERT [cons].[NameProperty] ([NamePropertyID], [NameID], [NameClassPropertyID], [Value], [RelatedID], [Sequence], [AddedDate], [UpdatedDate]) VALUES (N'a512d43f-0d1b-4eb1-b7da-2cf034a559b9', N'86e9db79-afa4-45a1-9343-8cea22f9355e', N'a1d57520-3d64-4f7d-97c8-69b449afa280', N'order', NULL, NULL, CAST(0x00009D26011B6CA9 AS DateTime), NULL)
INSERT [cons].[NameProperty] ([NamePropertyID], [NameID], [NameClassPropertyID], [Value], [RelatedID], [Sequence], [AddedDate], [UpdatedDate]) VALUES (N'e26f84a0-a5b1-42fd-8f21-2e716f7de847', N'86e9db79-afa4-45a1-9343-8cea22f9355e', N'1f64e93c-7ee8-40d7-8681-52b56060d750', N'Dothideales', NULL, NULL, CAST(0x00009D26011B6CA9 AS DateTime), NULL)
INSERT [cons].[NameProperty] ([NamePropertyID], [NameID], [NameClassPropertyID], [Value], [RelatedID], [Sequence], [AddedDate], [UpdatedDate]) VALUES (N'22d3d6f5-d2e7-4d65-8859-2e7f7834c755', N'440a5c74-9fb3-4347-8237-e6ff51b8589e', N'a1d57520-3d64-4f7d-97c8-69b449afa280', N'class', NULL, NULL, CAST(0x00009D26011B6CA9 AS DateTime), NULL)
INSERT [cons].[NameProperty] ([NamePropertyID], [NameID], [NameClassPropertyID], [Value], [RelatedID], [Sequence], [AddedDate], [UpdatedDate]) VALUES (N'e0f0f83e-7952-4975-8ea7-2e8b522e7179', N'4bc1d36b-6f1c-4024-95a1-9039925695ce', N'1f64e93c-7ee8-40d7-8681-52b56060d750', N'Gyalectales', NULL, NULL, CAST(0x00009D26011B6CA9 AS DateTime), NULL)
INSERT [cons].[NameProperty] ([NamePropertyID], [NameID], [NameClassPropertyID], [Value], [RelatedID], [Sequence], [AddedDate], [UpdatedDate]) VALUES (N'036ddd0e-cbd8-4766-949a-2f606fc6de72', N'e968244e-a475-40c7-af58-48ade6921f27', N'a1d57520-3d64-4f7d-97c8-69b449afa280', N'order', NULL, NULL, CAST(0x00009D26011B6CA9 AS DateTime), NULL)
INSERT [cons].[NameProperty] ([NamePropertyID], [NameID], [NameClassPropertyID], [Value], [RelatedID], [Sequence], [AddedDate], [UpdatedDate]) VALUES (N'054f62f5-963c-4cd6-8c9e-30cd45313d44', N'728442ab-d329-4c96-a1e5-a7c69d418e4d', N'1f64e93c-7ee8-40d7-8681-52b56060d750', N'Anamorphic fungi', NULL, NULL, CAST(0x00009D26011B6CA9 AS DateTime), NULL)
INSERT [cons].[NameProperty] ([NamePropertyID], [NameID], [NameClassPropertyID], [Value], [RelatedID], [Sequence], [AddedDate], [UpdatedDate]) VALUES (N'a8586a19-92ff-4b35-b72f-31b58ff32c7b', N'72ca968d-1a3d-4531-bccd-245c6c2c3e87', N'c9e19d58-bd92-4f3c-96e8-de7fa6dcd5f7', N'1990', NULL, NULL, CAST(0x00009D26011B6CA9 AS DateTime), NULL)
INSERT [cons].[NameProperty] ([NamePropertyID], [NameID], [NameClassPropertyID], [Value], [RelatedID], [Sequence], [AddedDate], [UpdatedDate]) VALUES (N'438b96f8-f58e-4f07-a481-31d9b98cecfc', N'e58f90d3-5187-4be9-adba-304833bd3244', N'1f64e93c-7ee8-40d7-8681-52b56060d750', N'Pennales', NULL, NULL, CAST(0x00009D26011B6CA9 AS DateTime), NULL)
INSERT [cons].[NameProperty] ([NamePropertyID], [NameID], [NameClassPropertyID], [Value], [RelatedID], [Sequence], [AddedDate], [UpdatedDate]) VALUES (N'070b206c-a23b-416f-9a41-3223c6663793', N'ceabaf4a-8fb7-4e50-9484-c9e0939a8f36', N'a1d57520-3d64-4f7d-97c8-69b449afa280', N'class', NULL, NULL, CAST(0x00009D26011B6CA9 AS DateTime), NULL)
INSERT [cons].[NameProperty] ([NamePropertyID], [NameID], [NameClassPropertyID], [Value], [RelatedID], [Sequence], [AddedDate], [UpdatedDate]) VALUES (N'ba16a25a-2f5a-4571-99cb-32e76aaa5b02', N'be89b7ff-7eda-4d3b-8dab-dca32717dad6', N'1f64e93c-7ee8-40d7-8681-52b56060d750', N'Charophyceae', NULL, NULL, CAST(0x00009D26011B6CA9 AS DateTime), NULL)
INSERT [cons].[NameProperty] ([NamePropertyID], [NameID], [NameClassPropertyID], [Value], [RelatedID], [Sequence], [AddedDate], [UpdatedDate]) VALUES (N'be94dc8d-b3de-4684-b853-33028bea41af', N'2d765b43-4edb-4d07-a23c-eba72a0b9098', N'1f64e93c-7ee8-40d7-8681-52b56060d750', N'Trentepohliales', NULL, NULL, CAST(0x00009D26011B6CA9 AS DateTime), NULL)
INSERT [cons].[NameProperty] ([NamePropertyID], [NameID], [NameClassPropertyID], [Value], [RelatedID], [Sequence], [AddedDate], [UpdatedDate]) VALUES (N'e74c0599-c3e3-47b3-ac0a-333155d1fb9c', N'9e046cab-c4e4-4f2e-80c6-bf4398bd934f', N'a1d57520-3d64-4f7d-97c8-69b449afa280', N'class', NULL, NULL, CAST(0x00009D26011B6CA9 AS DateTime), NULL)
INSERT [cons].[NameProperty] ([NamePropertyID], [NameID], [NameClassPropertyID], [Value], [RelatedID], [Sequence], [AddedDate], [UpdatedDate]) VALUES (N'686c1cdd-181e-4314-a94a-335e5a78ab7f', N'5865624d-f492-4d75-a44b-3c71135babf4', N'1f64e93c-7ee8-40d7-8681-52b56060d750', N'Aristolochiales', NULL, NULL, CAST(0x00009D26011B6CA9 AS DateTime), NULL)
INSERT [cons].[NameProperty] ([NamePropertyID], [NameID], [NameClassPropertyID], [Value], [RelatedID], [Sequence], [AddedDate], [UpdatedDate]) VALUES (N'b1fae609-ae6b-47e3-9fdf-338483e4093b', N'e9d7f8a7-2041-45c9-8e21-14bdde411768', N'a1d57520-3d64-4f7d-97c8-69b449afa280', N'order', NULL, NULL, CAST(0x00009D26011B6CA9 AS DateTime), NULL)
INSERT [cons].[NameProperty] ([NamePropertyID], [NameID], [NameClassPropertyID], [Value], [RelatedID], [Sequence], [AddedDate], [UpdatedDate]) VALUES (N'780124d9-6fa3-45de-88d9-3384dc5cd2cf', N'29634d18-4e8d-41f8-bd4a-ce140692ab48', N'a1d57520-3d64-4f7d-97c8-69b449afa280', N'order', NULL, NULL, CAST(0x00009D26011B6CA9 AS DateTime), NULL)
INSERT [cons].[NameProperty] ([NamePropertyID], [NameID], [NameClassPropertyID], [Value], [RelatedID], [Sequence], [AddedDate], [UpdatedDate]) VALUES (N'd2891ba8-5592-4bb0-8db3-3475f1a06eb2', N'bf00c742-25fb-40c0-8997-7f45a2c2769b', N'a1d57520-3d64-4f7d-97c8-69b449afa280', N'order', NULL, NULL, CAST(0x00009D26011B6CA9 AS DateTime), NULL)
INSERT [cons].[NameProperty] ([NamePropertyID], [NameID], [NameClassPropertyID], [Value], [RelatedID], [Sequence], [AddedDate], [UpdatedDate]) VALUES (N'a9e255e2-8f3b-4dfa-b275-34b0f55c8155', N'2121d538-4b42-4849-8a4b-0fa34bd9f7be', N'1f64e93c-7ee8-40d7-8681-52b56060d750', N'Chromulinales', NULL, NULL, CAST(0x00009D26011B6CA9 AS DateTime), NULL)
INSERT [cons].[NameProperty] ([NamePropertyID], [NameID], [NameClassPropertyID], [Value], [RelatedID], [Sequence], [AddedDate], [UpdatedDate]) VALUES (N'b3dfb8f6-cc9f-44f7-aab3-351b104e5a16', N'fbe2591c-c0d5-4e5c-abbe-55773d425c8c', N'1f64e93c-7ee8-40d7-8681-52b56060d750', N'Sapindales', NULL, NULL, CAST(0x00009D26011B6CA9 AS DateTime), NULL)
INSERT [cons].[NameProperty] ([NamePropertyID], [NameID], [NameClassPropertyID], [Value], [RelatedID], [Sequence], [AddedDate], [UpdatedDate]) VALUES (N'843bb476-23d3-4bfa-9a8b-36c9e2e88e8b', N'533e52ac-ab30-4f6f-a236-9e57189608b1', N'a1d57520-3d64-4f7d-97c8-69b449afa280', N'order', NULL, NULL, CAST(0x00009D26011B6CA9 AS DateTime), NULL)
INSERT [cons].[NameProperty] ([NamePropertyID], [NameID], [NameClassPropertyID], [Value], [RelatedID], [Sequence], [AddedDate], [UpdatedDate]) VALUES (N'a93ee534-b905-4a0e-8e68-36cf72b72949', N'533e52ac-ab30-4f6f-a236-9e57189608b1', N'1f64e93c-7ee8-40d7-8681-52b56060d750', N'Commelinales', NULL, NULL, CAST(0x00009D26011B6CA9 AS DateTime), NULL)
INSERT [cons].[NameProperty] ([NamePropertyID], [NameID], [NameClassPropertyID], [Value], [RelatedID], [Sequence], [AddedDate], [UpdatedDate]) VALUES (N'66dfa582-1ff0-4d2b-a0fd-3710d9b20e55', N'33cfbb60-6ca3-4279-8cfe-c43c52dbd477', N'a1d57520-3d64-4f7d-97c8-69b449afa280', N'order', NULL, NULL, CAST(0x00009D26011B6CA9 AS DateTime), NULL)
INSERT [cons].[NameProperty] ([NamePropertyID], [NameID], [NameClassPropertyID], [Value], [RelatedID], [Sequence], [AddedDate], [UpdatedDate]) VALUES (N'057a97eb-8b0f-4c15-803a-37152a94650b', N'd08cc833-ac87-423f-869a-383aed10aebf', N'1f64e93c-7ee8-40d7-8681-52b56060d750', N'Coscinodiscophyceae', NULL, NULL, CAST(0x00009D26011B6CA9 AS DateTime), NULL)
INSERT [cons].[NameProperty] ([NamePropertyID], [NameID], [NameClassPropertyID], [Value], [RelatedID], [Sequence], [AddedDate], [UpdatedDate]) VALUES (N'b299ed22-3fff-45bc-a41f-373fefec4c96', N'a7b81062-c924-4a10-bf59-da2184c4dbbf', N'1f64e93c-7ee8-40d7-8681-52b56060d750', N'Polygalales', NULL, NULL, CAST(0x00009D26011B6CA9 AS DateTime), NULL)
INSERT [cons].[NameProperty] ([NamePropertyID], [NameID], [NameClassPropertyID], [Value], [RelatedID], [Sequence], [AddedDate], [UpdatedDate]) VALUES (N'4cb6b7fe-63c9-470b-81da-37c81694a041', N'4bf4119f-22f6-4a8b-8b2f-46d5247b7d75', N'a1d57520-3d64-4f7d-97c8-69b449afa280', N'order', NULL, NULL, CAST(0x00009D26011B6CA9 AS DateTime), NULL)
INSERT [cons].[NameProperty] ([NamePropertyID], [NameID], [NameClassPropertyID], [Value], [RelatedID], [Sequence], [AddedDate], [UpdatedDate]) VALUES (N'a4e2ba3c-d768-4645-a337-3847ec40b8d7', N'e1faacf5-57b0-4e37-830b-8dba7b1b74ea', N'1f64e93c-7ee8-40d7-8681-52b56060d750', N'Xanthophyceae', NULL, NULL, CAST(0x00009D26011B6CA9 AS DateTime), NULL)
INSERT [cons].[NameProperty] ([NamePropertyID], [NameID], [NameClassPropertyID], [Value], [RelatedID], [Sequence], [AddedDate], [UpdatedDate]) VALUES (N'c9274abc-a1bd-4546-b374-389daf0a7d0c', N'e05ca10e-f828-4f27-9a07-83e323e15a83', N'a1d57520-3d64-4f7d-97c8-69b449afa280', N'order', NULL, NULL, CAST(0x00009D26011B6CA9 AS DateTime), NULL)
INSERT [cons].[NameProperty] ([NamePropertyID], [NameID], [NameClassPropertyID], [Value], [RelatedID], [Sequence], [AddedDate], [UpdatedDate]) VALUES (N'8bccde74-9de1-421d-b06b-38c4eb8ea8f3', N'38aeb850-efaf-4c20-81a1-34165d8c104b', N'a1d57520-3d64-4f7d-97c8-69b449afa280', N'order', NULL, NULL, CAST(0x00009D26011B6CA9 AS DateTime), NULL)
INSERT [cons].[NameProperty] ([NamePropertyID], [NameID], [NameClassPropertyID], [Value], [RelatedID], [Sequence], [AddedDate], [UpdatedDate]) VALUES (N'9da4f79a-f032-452b-b57a-392193641a90', N'e9d7f8a7-2041-45c9-8e21-14bdde411768', N'1f64e93c-7ee8-40d7-8681-52b56060d750', N'Cymatosirales', NULL, NULL, CAST(0x00009D26011B6CA9 AS DateTime), NULL)
INSERT [cons].[NameProperty] ([NamePropertyID], [NameID], [NameClassPropertyID], [Value], [RelatedID], [Sequence], [AddedDate], [UpdatedDate]) VALUES (N'513576f2-10a6-48f5-bbea-39f87d9c4f68', N'4c38578a-f950-4b41-ab8c-bccb9916d426', N'a1d57520-3d64-4f7d-97c8-69b449afa280', N'order', NULL, NULL, CAST(0x00009D26011B6CA9 AS DateTime), NULL)
INSERT [cons].[NameProperty] ([NamePropertyID], [NameID], [NameClassPropertyID], [Value], [RelatedID], [Sequence], [AddedDate], [UpdatedDate]) VALUES (N'9094d02d-be8d-49ab-aaad-3c31c869bead', N'e4d18d85-9112-4a1c-b890-0e115450c71b', N'a1d57520-3d64-4f7d-97c8-69b449afa280', N'order', NULL, NULL, CAST(0x00009D26011B6CA9 AS DateTime), NULL)
INSERT [cons].[NameProperty] ([NamePropertyID], [NameID], [NameClassPropertyID], [Value], [RelatedID], [Sequence], [AddedDate], [UpdatedDate]) VALUES (N'b985c827-3d64-45aa-b5c7-3c575ce6a95b', N'f2365633-5d26-45c3-8dfb-6d9a4148d94e', N'1f64e93c-7ee8-40d7-8681-52b56060d750', N'Lamiales', NULL, NULL, CAST(0x00009D26011B6CA9 AS DateTime), NULL)
INSERT [cons].[NameProperty] ([NamePropertyID], [NameID], [NameClassPropertyID], [Value], [RelatedID], [Sequence], [AddedDate], [UpdatedDate]) VALUES (N'c24aca96-6d72-4691-aaff-3d5f79079d40', N'38aeb850-efaf-4c20-81a1-34165d8c104b', N'1f64e93c-7ee8-40d7-8681-52b56060d750', N'Hydatellales', NULL, NULL, CAST(0x00009D26011B6CA9 AS DateTime), NULL)
INSERT [cons].[NameProperty] ([NamePropertyID], [NameID], [NameClassPropertyID], [Value], [RelatedID], [Sequence], [AddedDate], [UpdatedDate]) VALUES (N'a72ed794-eadb-4d45-ad09-3dff8a065244', N'c5005ddf-ece7-47da-8e91-18145cb690c4', N'1f64e93c-7ee8-40d7-8681-52b56060d750', N'Ulvales', NULL, NULL, CAST(0x00009D26011B6CA9 AS DateTime), NULL)
INSERT [cons].[NameProperty] ([NamePropertyID], [NameID], [NameClassPropertyID], [Value], [RelatedID], [Sequence], [AddedDate], [UpdatedDate]) VALUES (N'0766932a-a12f-4816-949c-3e6e7ed3e7f0', N'02230ce0-0b42-4b3c-9bc9-bf4a34bb5af3', N'1f64e93c-7ee8-40d7-8681-52b56060d750', N'Pinophyta', NULL, NULL, CAST(0x00009D26011B6CA9 AS DateTime), NULL)
INSERT [cons].[NameProperty] ([NamePropertyID], [NameID], [NameClassPropertyID], [Value], [RelatedID], [Sequence], [AddedDate], [UpdatedDate]) VALUES (N'0b1f09f0-4fd2-4ba2-b862-3f5bb2a4afcb', N'bb7e62a8-8779-4b6b-9233-f0e9842411bf', N'a1d57520-3d64-4f7d-97c8-69b449afa280', N'class', NULL, NULL, CAST(0x00009D26011B6CA9 AS DateTime), NULL)
INSERT [cons].[NameProperty] ([NamePropertyID], [NameID], [NameClassPropertyID], [Value], [RelatedID], [Sequence], [AddedDate], [UpdatedDate]) VALUES (N'12ad10ae-fbd4-4002-a3ce-40a8128424c2', N'0d28e84a-19ec-463b-9680-488d12fc1d03', N'1f64e93c-7ee8-40d7-8681-52b56060d750', N'Caryophyllales', NULL, NULL, CAST(0x00009D26011B6CA9 AS DateTime), NULL)
INSERT [cons].[NameProperty] ([NamePropertyID], [NameID], [NameClassPropertyID], [Value], [RelatedID], [Sequence], [AddedDate], [UpdatedDate]) VALUES (N'27f6c555-83a7-4147-b632-41341820d398', N'7c76e43d-37be-46b0-9513-befca8c7f64f', N'a1d57520-3d64-4f7d-97c8-69b449afa280', N'class', NULL, NULL, CAST(0x00009D26011B6CA9 AS DateTime), NULL)
INSERT [cons].[NameProperty] ([NamePropertyID], [NameID], [NameClassPropertyID], [Value], [RelatedID], [Sequence], [AddedDate], [UpdatedDate]) VALUES (N'a2ba2074-6474-4efd-8e47-421e8edf6a94', N'eb9420dd-689b-4ba7-8f44-4d5fa2c41b5e', N'a1d57520-3d64-4f7d-97c8-69b449afa280', N'order', NULL, NULL, CAST(0x00009D26011B6CA9 AS DateTime), NULL)
INSERT [cons].[NameProperty] ([NamePropertyID], [NameID], [NameClassPropertyID], [Value], [RelatedID], [Sequence], [AddedDate], [UpdatedDate]) VALUES (N'60d2d236-9224-4f67-913d-42d20069fa26', N'38e76c37-edc6-4c08-97e6-09dd1d33b233', N'1f64e93c-7ee8-40d7-8681-52b56060d750', N'Bacteria', NULL, NULL, CAST(0x00009D26011B6CA9 AS DateTime), NULL)
INSERT [cons].[NameProperty] ([NamePropertyID], [NameID], [NameClassPropertyID], [Value], [RelatedID], [Sequence], [AddedDate], [UpdatedDate]) VALUES (N'5d5812b8-53fb-406b-a512-42e1e58058d4', N'47c41139-805c-42fb-8fb2-95637bab0355', N'1f64e93c-7ee8-40d7-8681-52b56060d750', N'Magnoliopsida', NULL, NULL, CAST(0x00009D26011B6CA9 AS DateTime), NULL)
INSERT [cons].[NameProperty] ([NamePropertyID], [NameID], [NameClassPropertyID], [Value], [RelatedID], [Sequence], [AddedDate], [UpdatedDate]) VALUES (N'316f761e-43c4-4792-9cb6-43024293dcfd', N'fd98623d-3f2f-4ba8-b93b-d17742945a15', N'a1d57520-3d64-4f7d-97c8-69b449afa280', N'order', NULL, NULL, CAST(0x00009D26011B6CA9 AS DateTime), NULL)
INSERT [cons].[NameProperty] ([NamePropertyID], [NameID], [NameClassPropertyID], [Value], [RelatedID], [Sequence], [AddedDate], [UpdatedDate]) VALUES (N'33e1b81c-83b6-498f-890c-43038bcc300e', N'2d7bda41-ea47-4863-83f7-d2d37bf1400b', N'a1d57520-3d64-4f7d-97c8-69b449afa280', N'order', NULL, NULL, CAST(0x00009D26011B6CA9 AS DateTime), NULL)
INSERT [cons].[NameProperty] ([NamePropertyID], [NameID], [NameClassPropertyID], [Value], [RelatedID], [Sequence], [AddedDate], [UpdatedDate]) VALUES (N'4b1cbd09-1d31-488a-ae67-434b78a805ce', N'224cc511-5029-4107-b259-5c335b004a08', N'1f64e93c-7ee8-40d7-8681-52b56060d750', N'Orchidales', NULL, NULL, CAST(0x00009D26011B6CA9 AS DateTime), NULL)
INSERT [cons].[NameProperty] ([NamePropertyID], [NameID], [NameClassPropertyID], [Value], [RelatedID], [Sequence], [AddedDate], [UpdatedDate]) VALUES (N'f060da0c-6bd4-4422-89aa-43bb0347288c', N'ad9f9fca-db2c-449a-b977-5dca1a1422ea', N'a1d57520-3d64-4f7d-97c8-69b449afa280', N'order', NULL, NULL, CAST(0x00009D26011B6CA9 AS DateTime), NULL)
INSERT [cons].[NameProperty] ([NamePropertyID], [NameID], [NameClassPropertyID], [Value], [RelatedID], [Sequence], [AddedDate], [UpdatedDate]) VALUES (N'7660b51f-9975-4703-9702-43c374f1155f', N'832a5346-21aa-444b-9574-b1b40dc1a530', N'006d86a8-08a5-4c1a-bc08-c07b0225e01b', N'Silva ', NULL, NULL, CAST(0x00009D26011B6CA9 AS DateTime), NULL)
INSERT [cons].[NameProperty] ([NamePropertyID], [NameID], [NameClassPropertyID], [Value], [RelatedID], [Sequence], [AddedDate], [UpdatedDate]) VALUES (N'073ec089-f12b-4228-82ea-43d971a0c4f3', N'63707033-44c0-4ee0-af00-21b594db8e55', N'1f64e93c-7ee8-40d7-8681-52b56060d750', N'Asterales', NULL, NULL, CAST(0x00009D26011B6CA9 AS DateTime), NULL)
INSERT [cons].[NameProperty] ([NamePropertyID], [NameID], [NameClassPropertyID], [Value], [RelatedID], [Sequence], [AddedDate], [UpdatedDate]) VALUES (N'e4085e9d-5a1d-4315-b835-44702d3f27ef', N'd6c9fd8a-ce35-4841-aa77-de43c2c4d712', N'a1d57520-3d64-4f7d-97c8-69b449afa280', N'order', NULL, NULL, CAST(0x00009D26011B6CA9 AS DateTime), NULL)
INSERT [cons].[NameProperty] ([NamePropertyID], [NameID], [NameClassPropertyID], [Value], [RelatedID], [Sequence], [AddedDate], [UpdatedDate]) VALUES (N'85a81956-5a40-49d0-82d8-44fbbde30b14', N'facd68b8-cdc4-43a2-be33-5b30584b4e4c', N'1f64e93c-7ee8-40d7-8681-52b56060d750', N'Typhales', NULL, NULL, CAST(0x00009D26011B6CA9 AS DateTime), NULL)
INSERT [cons].[NameProperty] ([NamePropertyID], [NameID], [NameClassPropertyID], [Value], [RelatedID], [Sequence], [AddedDate], [UpdatedDate]) VALUES (N'39fe539d-0586-418e-b480-454cc72b437d', N'dd8bea28-4685-4277-9eac-76aa460366b0', N'a1d57520-3d64-4f7d-97c8-69b449afa280', N'order', NULL, NULL, CAST(0x00009D26011B6CA9 AS DateTime), NULL)
INSERT [cons].[NameProperty] ([NamePropertyID], [NameID], [NameClassPropertyID], [Value], [RelatedID], [Sequence], [AddedDate], [UpdatedDate]) VALUES (N'060fc317-b1a8-40b9-a779-4575a7729818', N'03b71286-e7fb-4009-abe0-7a8dd8112865', N'1f64e93c-7ee8-40d7-8681-52b56060d750', N'Najadales', NULL, NULL, CAST(0x00009D26011B6CA9 AS DateTime), NULL)
INSERT [cons].[NameProperty] ([NamePropertyID], [NameID], [NameClassPropertyID], [Value], [RelatedID], [Sequence], [AddedDate], [UpdatedDate]) VALUES (N'7293c93e-c96d-42b2-85c0-45e61d39a175', N'cc2115ad-ac5e-40d5-8815-32f5a0c72731', N'1f64e93c-7ee8-40d7-8681-52b56060d750', N'Phaeothamniales', NULL, NULL, CAST(0x00009D26011B6CA9 AS DateTime), NULL)
INSERT [cons].[NameProperty] ([NamePropertyID], [NameID], [NameClassPropertyID], [Value], [RelatedID], [Sequence], [AddedDate], [UpdatedDate]) VALUES (N'26a82b86-e4c3-4349-80f6-46d1eb1b2bf0', N'03bc2876-e095-4024-ba8d-207e50e29bd8', N'a1d57520-3d64-4f7d-97c8-69b449afa280', N'phylum', NULL, NULL, CAST(0x00009D26011B6CA9 AS DateTime), NULL)
INSERT [cons].[NameProperty] ([NamePropertyID], [NameID], [NameClassPropertyID], [Value], [RelatedID], [Sequence], [AddedDate], [UpdatedDate]) VALUES (N'4e2ef116-45a0-4b89-a31c-47860862712e', N'9ab30f3c-24cc-4db2-886f-2666c2534ec9', N'1f64e93c-7ee8-40d7-8681-52b56060d750', N'Chlorophyceae', NULL, NULL, CAST(0x00009D26011B6CA9 AS DateTime), NULL)
INSERT [cons].[NameProperty] ([NamePropertyID], [NameID], [NameClassPropertyID], [Value], [RelatedID], [Sequence], [AddedDate], [UpdatedDate]) VALUES (N'fdbd69a1-09d0-441e-a38a-47a9976c3317', N'0b173300-37ad-441b-8d2f-4f7024ac90d8', N'1f64e93c-7ee8-40d7-8681-52b56060d750', N'Malvales', NULL, NULL, CAST(0x00009D26011B6CA9 AS DateTime), NULL)
INSERT [cons].[NameProperty] ([NamePropertyID], [NameID], [NameClassPropertyID], [Value], [RelatedID], [Sequence], [AddedDate], [UpdatedDate]) VALUES (N'324877c2-3235-4a29-96c4-482da6c6d882', N'9fa30fa2-0929-4be5-8675-bf6adbe8bf2f', N'1f64e93c-7ee8-40d7-8681-52b56060d750', N'Rubiales', NULL, NULL, CAST(0x00009D26011B6CA9 AS DateTime), NULL)
INSERT [cons].[NameProperty] ([NamePropertyID], [NameID], [NameClassPropertyID], [Value], [RelatedID], [Sequence], [AddedDate], [UpdatedDate]) VALUES (N'2e7a32b2-a8a3-4095-b3a9-484faed1e590', N'9cc257e4-971a-4dda-987e-b3f100fedbd5', N'1f64e93c-7ee8-40d7-8681-52b56060d750', N'Diapensiales', NULL, NULL, CAST(0x00009D26011B6CA9 AS DateTime), NULL)
INSERT [cons].[NameProperty] ([NamePropertyID], [NameID], [NameClassPropertyID], [Value], [RelatedID], [Sequence], [AddedDate], [UpdatedDate]) VALUES (N'ed8ccc4a-995d-445b-a2fe-499b7a8ec95f', N'a27fdaca-ed81-4df9-8143-99664633fe57', N'a1d57520-3d64-4f7d-97c8-69b449afa280', N'order', NULL, NULL, CAST(0x00009D26011B6CA9 AS DateTime), NULL)
INSERT [cons].[NameProperty] ([NamePropertyID], [NameID], [NameClassPropertyID], [Value], [RelatedID], [Sequence], [AddedDate], [UpdatedDate]) VALUES (N'6bccbabd-fba3-4d83-b7d8-4a00ff1dc0af', N'e76b367e-3c76-46b6-a61e-4de1362af49b', N'1f64e93c-7ee8-40d7-8681-52b56060d750', N'Urticales', NULL, NULL, CAST(0x00009D26011B6CA9 AS DateTime), NULL)
INSERT [cons].[NameProperty] ([NamePropertyID], [NameID], [NameClassPropertyID], [Value], [RelatedID], [Sequence], [AddedDate], [UpdatedDate]) VALUES (N'ba779c71-da5e-4efb-b8e5-4b6b5fdf11e6', N'1001deea-4c40-4b48-92d9-d1660cff2536', N'a1d57520-3d64-4f7d-97c8-69b449afa280', N'order', NULL, NULL, CAST(0x00009D26011B6CA9 AS DateTime), NULL)
INSERT [cons].[NameProperty] ([NamePropertyID], [NameID], [NameClassPropertyID], [Value], [RelatedID], [Sequence], [AddedDate], [UpdatedDate]) VALUES (N'f12d82cf-aa2a-453a-84dd-4c77167074bf', N'bbe2f381-1bd3-470e-b3d9-ca24e6b9223a', N'006d86a8-08a5-4c1a-bc08-c07b0225e01b', N'Round, Crawford & Mann ', NULL, NULL, CAST(0x00009D26011B6CA9 AS DateTime), NULL)
INSERT [cons].[NameProperty] ([NamePropertyID], [NameID], [NameClassPropertyID], [Value], [RelatedID], [Sequence], [AddedDate], [UpdatedDate]) VALUES (N'6880e1a1-9099-4381-a0f4-4ca7fc4dbec2', N'c401500d-7e73-471b-abeb-eb4cbacd33b9', N'1f64e93c-7ee8-40d7-8681-52b56060d750', N'hyphomycetous anamorph', NULL, NULL, CAST(0x00009D26011B6CA9 AS DateTime), NULL)
INSERT [cons].[NameProperty] ([NamePropertyID], [NameID], [NameClassPropertyID], [Value], [RelatedID], [Sequence], [AddedDate], [UpdatedDate]) VALUES (N'bc1d3531-7622-43bc-9782-4daeb0f06729', N'26ff239c-2b66-4947-bb71-08f9ee1d633b', N'1f64e93c-7ee8-40d7-8681-52b56060d750', N'Linales', NULL, NULL, CAST(0x00009D26011B6CA9 AS DateTime), NULL)
INSERT [cons].[NameProperty] ([NamePropertyID], [NameID], [NameClassPropertyID], [Value], [RelatedID], [Sequence], [AddedDate], [UpdatedDate]) VALUES (N'd39069ac-acae-4bf6-9b47-4e6a5ba53913', N'd6c9fd8a-ce35-4841-aa77-de43c2c4d712', N'1f64e93c-7ee8-40d7-8681-52b56060d750', N'Paraliales', NULL, NULL, CAST(0x00009D26011B6CA9 AS DateTime), NULL)
INSERT [cons].[NameProperty] ([NamePropertyID], [NameID], [NameClassPropertyID], [Value], [RelatedID], [Sequence], [AddedDate], [UpdatedDate]) VALUES (N'ac0ebfae-1bb0-4c5c-834f-4ed776115797', N'8e782cec-9821-4d22-ad1e-cd0bf3396f58', N'a1d57520-3d64-4f7d-97c8-69b449afa280', N'class', NULL, NULL, CAST(0x00009D26011B6CA9 AS DateTime), NULL)
INSERT [cons].[NameProperty] ([NamePropertyID], [NameID], [NameClassPropertyID], [Value], [RelatedID], [Sequence], [AddedDate], [UpdatedDate]) VALUES (N'9dd3011e-d74c-4162-8c77-5020e96e7a69', N'e118be4c-6938-4e7e-b18c-3bd69d3f6684', N'1f64e93c-7ee8-40d7-8681-52b56060d750', N'Psilotopsida', NULL, NULL, CAST(0x00009D26011B6CA9 AS DateTime), NULL)
INSERT [cons].[NameProperty] ([NamePropertyID], [NameID], [NameClassPropertyID], [Value], [RelatedID], [Sequence], [AddedDate], [UpdatedDate]) VALUES (N'f8a5e566-caa0-4351-a806-50f802af25ee', N'63707033-44c0-4ee0-af00-21b594db8e55', N'a1d57520-3d64-4f7d-97c8-69b449afa280', N'order', NULL, NULL, CAST(0x00009D26011B6CA9 AS DateTime), NULL)
INSERT [cons].[NameProperty] ([NamePropertyID], [NameID], [NameClassPropertyID], [Value], [RelatedID], [Sequence], [AddedDate], [UpdatedDate]) VALUES (N'27dc7ead-4346-4b65-a54a-51562e85726d', N'ad9f9fca-db2c-449a-b977-5dca1a1422ea', N'1f64e93c-7ee8-40d7-8681-52b56060d750', N'Melosirales', NULL, NULL, CAST(0x00009D26011B6CA9 AS DateTime), NULL)
INSERT [cons].[NameProperty] ([NamePropertyID], [NameID], [NameClassPropertyID], [Value], [RelatedID], [Sequence], [AddedDate], [UpdatedDate]) VALUES (N'5cabfde2-b9fe-40f7-9cf6-522534170f42', N'a8436185-3868-4d48-b9fe-a4bbce1a85a6', N'a1d57520-3d64-4f7d-97c8-69b449afa280', N'order', NULL, NULL, CAST(0x00009D26011B6CA9 AS DateTime), NULL)
INSERT [cons].[NameProperty] ([NamePropertyID], [NameID], [NameClassPropertyID], [Value], [RelatedID], [Sequence], [AddedDate], [UpdatedDate]) VALUES (N'0f34e45a-c9e3-418e-b8e5-537108fa0e4a', N'c6be2031-45b3-4075-b98a-4ffe220f061b', N'a1d57520-3d64-4f7d-97c8-69b449afa280', N'order', NULL, NULL, CAST(0x00009D26011B6CA9 AS DateTime), NULL)
INSERT [cons].[NameProperty] ([NamePropertyID], [NameID], [NameClassPropertyID], [Value], [RelatedID], [Sequence], [AddedDate], [UpdatedDate]) VALUES (N'e55b7ac7-444f-4a7c-95c0-53f8b0299211', N'be89b7ff-7eda-4d3b-8dab-dca32717dad6', N'a1d57520-3d64-4f7d-97c8-69b449afa280', N'class', NULL, NULL, CAST(0x00009D26011B6CA9 AS DateTime), NULL)
INSERT [cons].[NameProperty] ([NamePropertyID], [NameID], [NameClassPropertyID], [Value], [RelatedID], [Sequence], [AddedDate], [UpdatedDate]) VALUES (N'5b3db1fb-2a1b-464a-9d7d-5404e3510d3d', N'7b5b90cc-b1ad-4ddd-9bea-3140b3723f04', N'a1d57520-3d64-4f7d-97c8-69b449afa280', N'order', NULL, NULL, CAST(0x00009D26011B6CA9 AS DateTime), NULL)
INSERT [cons].[NameProperty] ([NamePropertyID], [NameID], [NameClassPropertyID], [Value], [RelatedID], [Sequence], [AddedDate], [UpdatedDate]) VALUES (N'a9fbea0e-b256-487c-8547-546878557ea8', N'8e782cec-9821-4d22-ad1e-cd0bf3396f58', N'1f64e93c-7ee8-40d7-8681-52b56060d750', N'Ustomycetes', NULL, NULL, CAST(0x00009D26011B6CA9 AS DateTime), NULL)
INSERT [cons].[NameProperty] ([NamePropertyID], [NameID], [NameClassPropertyID], [Value], [RelatedID], [Sequence], [AddedDate], [UpdatedDate]) VALUES (N'df4d8693-c9eb-4b05-b0a3-54982c049a4e', N'99d3227d-9c72-40b4-aab5-1b24c5ca93ba', N'a1d57520-3d64-4f7d-97c8-69b449afa280', N'order', NULL, NULL, CAST(0x00009D26011B6CA9 AS DateTime), NULL)
INSERT [cons].[NameProperty] ([NamePropertyID], [NameID], [NameClassPropertyID], [Value], [RelatedID], [Sequence], [AddedDate], [UpdatedDate]) VALUES (N'10d56ba0-a889-4cb1-9016-549cd42ad1fe', N'60580d30-c56a-4bc1-ab08-6f7b53bff111', N'1f64e93c-7ee8-40d7-8681-52b56060d750', N'Colaciales', NULL, NULL, CAST(0x00009D26011B6CA9 AS DateTime), NULL)
INSERT [cons].[NameProperty] ([NamePropertyID], [NameID], [NameClassPropertyID], [Value], [RelatedID], [Sequence], [AddedDate], [UpdatedDate]) VALUES (N'e5648e6d-7828-4d87-8dca-552ce50119c0', N'e07a50c1-4f94-4874-8f90-995dc4a6ddfa', N'a1d57520-3d64-4f7d-97c8-69b449afa280', N'class', NULL, NULL, CAST(0x00009D26011B6CA9 AS DateTime), NULL)
INSERT [cons].[NameProperty] ([NamePropertyID], [NameID], [NameClassPropertyID], [Value], [RelatedID], [Sequence], [AddedDate], [UpdatedDate]) VALUES (N'4f427ad9-b26a-4cf0-8061-55be92ccc64b', N'8ab98ba9-5cba-4b3c-bf39-00e5f45a73d9', N'a1d57520-3d64-4f7d-97c8-69b449afa280', N'class', NULL, NULL, CAST(0x00009D26011B6CA9 AS DateTime), NULL)
INSERT [cons].[NameProperty] ([NamePropertyID], [NameID], [NameClassPropertyID], [Value], [RelatedID], [Sequence], [AddedDate], [UpdatedDate]) VALUES (N'a2f669d4-46bd-4b5e-967d-5602092f40df', N'17f0f53e-bbd5-417c-8948-75a1221ab4e7', N'1f64e93c-7ee8-40d7-8681-52b56060d750', N'Papaverales', NULL, NULL, CAST(0x00009D26011B6CA9 AS DateTime), NULL)
INSERT [cons].[NameProperty] ([NamePropertyID], [NameID], [NameClassPropertyID], [Value], [RelatedID], [Sequence], [AddedDate], [UpdatedDate]) VALUES (N'3b7a6e65-2bed-42e1-88a8-5620620df211', N'1b007f71-e3c5-4d37-b5e9-4b44405dd9a6', N'1f64e93c-7ee8-40d7-8681-52b56060d750', N'Desmidiales (Placodermae)', NULL, NULL, CAST(0x00009D26011B6CA9 AS DateTime), NULL)
INSERT [cons].[NameProperty] ([NamePropertyID], [NameID], [NameClassPropertyID], [Value], [RelatedID], [Sequence], [AddedDate], [UpdatedDate]) VALUES (N'6d848f2c-9c3e-42a6-8e87-564893e05b8d', N'f28b1bf4-ce20-4715-82f9-a7b0b76a806f', N'a1d57520-3d64-4f7d-97c8-69b449afa280', N'order', NULL, NULL, CAST(0x00009D26011B6CA9 AS DateTime), NULL)
INSERT [cons].[NameProperty] ([NamePropertyID], [NameID], [NameClassPropertyID], [Value], [RelatedID], [Sequence], [AddedDate], [UpdatedDate]) VALUES (N'2322a2f2-510c-4eb3-9863-56c7a617fbd4', N'fe5b0a6e-e4eb-446a-94ee-4ff006440363', N'a1d57520-3d64-4f7d-97c8-69b449afa280', N'order', NULL, NULL, CAST(0x00009D26011B6CA9 AS DateTime), NULL)
INSERT [cons].[NameProperty] ([NamePropertyID], [NameID], [NameClassPropertyID], [Value], [RelatedID], [Sequence], [AddedDate], [UpdatedDate]) VALUES (N'32131816-51c5-4e66-943b-56f14b007c88', N'b1554675-432e-40e1-b51f-b642cb2ea2d4', N'a1d57520-3d64-4f7d-97c8-69b449afa280', N'order', NULL, NULL, CAST(0x00009D26011B6CA9 AS DateTime), NULL)
INSERT [cons].[NameProperty] ([NamePropertyID], [NameID], [NameClassPropertyID], [Value], [RelatedID], [Sequence], [AddedDate], [UpdatedDate]) VALUES (N'1703627b-5bc7-457a-a756-57912afc29cf', N'dcd983d5-93dc-4a10-9c40-6b0d5b682ee3', N'a1d57520-3d64-4f7d-97c8-69b449afa280', N'class', NULL, NULL, CAST(0x00009D26011B6CA9 AS DateTime), NULL)
INSERT [cons].[NameProperty] ([NamePropertyID], [NameID], [NameClassPropertyID], [Value], [RelatedID], [Sequence], [AddedDate], [UpdatedDate]) VALUES (N'd261ec2d-8ddd-489d-aff8-58ece88e0e82', N'224cc511-5029-4107-b259-5c335b004a08', N'a1d57520-3d64-4f7d-97c8-69b449afa280', N'order', NULL, NULL, CAST(0x00009D26011B6CA9 AS DateTime), NULL)
INSERT [cons].[NameProperty] ([NamePropertyID], [NameID], [NameClassPropertyID], [Value], [RelatedID], [Sequence], [AddedDate], [UpdatedDate]) VALUES (N'226f93db-e06d-431d-b36f-5ab937df3e0f', N'0c21ec0f-63ec-4fb0-bc88-fa79ede197cc', N'1f64e93c-7ee8-40d7-8681-52b56060d750', N'coelomycetous anamorph', NULL, NULL, CAST(0x00009D26011B6CA9 AS DateTime), NULL)
INSERT [cons].[NameProperty] ([NamePropertyID], [NameID], [NameClassPropertyID], [Value], [RelatedID], [Sequence], [AddedDate], [UpdatedDate]) VALUES (N'7148f069-afc6-4283-8021-5aef0ecb522c', N'fbdd78bf-64f2-4434-a522-4e3a2e5a585f', N'a1d57520-3d64-4f7d-97c8-69b449afa280', N'order', NULL, NULL, CAST(0x00009D26011B6CA9 AS DateTime), NULL)
INSERT [cons].[NameProperty] ([NamePropertyID], [NameID], [NameClassPropertyID], [Value], [RelatedID], [Sequence], [AddedDate], [UpdatedDate]) VALUES (N'ea3fca45-4839-4e67-9fdb-5b0c8549101c', N'a27fdaca-ed81-4df9-8143-99664633fe57', N'1f64e93c-7ee8-40d7-8681-52b56060d750', N'Tetragonidiales', NULL, NULL, CAST(0x00009D26011B6CA9 AS DateTime), NULL)
INSERT [cons].[NameProperty] ([NamePropertyID], [NameID], [NameClassPropertyID], [Value], [RelatedID], [Sequence], [AddedDate], [UpdatedDate]) VALUES (N'39a791eb-f065-4ba9-8631-5b12accab7c3', N'3c304ebf-0d11-4e74-9134-e6c3b1c0c26d', N'1f64e93c-7ee8-40d7-8681-52b56060d750', N'Fungi', NULL, NULL, CAST(0x00009D26011B6CA9 AS DateTime), NULL)
INSERT [cons].[NameProperty] ([NamePropertyID], [NameID], [NameClassPropertyID], [Value], [RelatedID], [Sequence], [AddedDate], [UpdatedDate]) VALUES (N'100db6d6-caaa-48f4-9a2f-5bc83764f77e', N'fdd2d7e9-c4b1-4c71-865e-c42bfbe75371', N'a1d57520-3d64-4f7d-97c8-69b449afa280', N'order', NULL, NULL, CAST(0x00009D26011B6CA9 AS DateTime), NULL)
INSERT [cons].[NameProperty] ([NamePropertyID], [NameID], [NameClassPropertyID], [Value], [RelatedID], [Sequence], [AddedDate], [UpdatedDate]) VALUES (N'f4497712-0a0f-415b-ae32-5bcff296b661', N'7bb25bb4-c93f-40bf-ab23-5f66f4bb3cf3', N'a1d57520-3d64-4f7d-97c8-69b449afa280', N'phylum', NULL, NULL, CAST(0x00009D26011B6CA9 AS DateTime), NULL)
INSERT [cons].[NameProperty] ([NamePropertyID], [NameID], [NameClassPropertyID], [Value], [RelatedID], [Sequence], [AddedDate], [UpdatedDate]) VALUES (N'63d1b48d-8fcf-41d7-92b7-5c1707a633a9', N'156870d4-9de3-41c3-b937-04b12326cd62', N'c9e19d58-bd92-4f3c-96e8-de7fa6dcd5f7', N'1990', NULL, NULL, CAST(0x00009D26011B6CA9 AS DateTime), NULL)
INSERT [cons].[NameProperty] ([NamePropertyID], [NameID], [NameClassPropertyID], [Value], [RelatedID], [Sequence], [AddedDate], [UpdatedDate]) VALUES (N'a0333816-6463-4c4f-8f00-5cc4c475c713', N'353b5534-269e-43fc-b6b0-914bb0c04f78', N'a1d57520-3d64-4f7d-97c8-69b449afa280', N'order', NULL, NULL, CAST(0x00009D26011B6CA9 AS DateTime), NULL)
INSERT [cons].[NameProperty] ([NamePropertyID], [NameID], [NameClassPropertyID], [Value], [RelatedID], [Sequence], [AddedDate], [UpdatedDate]) VALUES (N'a94014fb-9b9e-4085-8d09-5cd4cc27d5e2', N'b72c6764-7883-4308-bb54-dc414484898c', N'1f64e93c-7ee8-40d7-8681-52b56060d750', N'Pyrenulales', NULL, NULL, CAST(0x00009D26011B6CA9 AS DateTime), NULL)
INSERT [cons].[NameProperty] ([NamePropertyID], [NameID], [NameClassPropertyID], [Value], [RelatedID], [Sequence], [AddedDate], [UpdatedDate]) VALUES (N'69da1122-0546-4d84-8e6c-5dbff642045b', N'ffb3ade9-fd21-4f70-9255-8c290c19a073', N'1f64e93c-7ee8-40d7-8681-52b56060d750', N'Theales', NULL, NULL, CAST(0x00009D26011B6CA9 AS DateTime), NULL)
INSERT [cons].[NameProperty] ([NamePropertyID], [NameID], [NameClassPropertyID], [Value], [RelatedID], [Sequence], [AddedDate], [UpdatedDate]) VALUES (N'a78b0d18-ca80-4436-ab60-5e6eba4ad464', N'e76b367e-3c76-46b6-a61e-4de1362af49b', N'a1d57520-3d64-4f7d-97c8-69b449afa280', N'order', NULL, NULL, CAST(0x00009D26011B6CA9 AS DateTime), NULL)
INSERT [cons].[NameProperty] ([NamePropertyID], [NameID], [NameClassPropertyID], [Value], [RelatedID], [Sequence], [AddedDate], [UpdatedDate]) VALUES (N'9f1489d1-1569-4043-aca2-5ec3ed011bdb', N'a2a92196-4416-4ba8-ba08-576da5529db6', N'a1d57520-3d64-4f7d-97c8-69b449afa280', N'order', NULL, NULL, CAST(0x00009D26011B6CA9 AS DateTime), NULL)
INSERT [cons].[NameProperty] ([NamePropertyID], [NameID], [NameClassPropertyID], [Value], [RelatedID], [Sequence], [AddedDate], [UpdatedDate]) VALUES (N'7dcf0186-b4d0-4da5-85d1-5ee3e5e73491', N'4c9aaf32-2475-4db8-b68d-cb3287fb97d6', N'1f64e93c-7ee8-40d7-8681-52b56060d750', N'Plumbaginales', NULL, NULL, CAST(0x00009D26011B6CA9 AS DateTime), NULL)
INSERT [cons].[NameProperty] ([NamePropertyID], [NameID], [NameClassPropertyID], [Value], [RelatedID], [Sequence], [AddedDate], [UpdatedDate]) VALUES (N'b13c4003-5b15-421d-90bd-5fb12b79fd68', N'a49351cc-646e-4310-89a9-66dcc2109b23', N'a1d57520-3d64-4f7d-97c8-69b449afa280', N'order', NULL, NULL, CAST(0x00009D26011B6CA9 AS DateTime), NULL)
INSERT [cons].[NameProperty] ([NamePropertyID], [NameID], [NameClassPropertyID], [Value], [RelatedID], [Sequence], [AddedDate], [UpdatedDate]) VALUES (N'b45be242-84fa-46de-9d90-60319597525d', N'f5c18eb3-8003-4956-a673-184a307bf6db', N'1f64e93c-7ee8-40d7-8681-52b56060d750', N'Trochodendrales', NULL, NULL, CAST(0x00009D26011B6CA9 AS DateTime), NULL)
INSERT [cons].[NameProperty] ([NamePropertyID], [NameID], [NameClassPropertyID], [Value], [RelatedID], [Sequence], [AddedDate], [UpdatedDate]) VALUES (N'cc8ea64e-9e8a-496d-a217-60ceafc1b804', N'284c31df-a1a6-421b-a95c-bf08db0d3e69', N'a1d57520-3d64-4f7d-97c8-69b449afa280', N'Division', NULL, NULL, CAST(0x00009D26011B6CA9 AS DateTime), NULL)
INSERT [cons].[NameProperty] ([NamePropertyID], [NameID], [NameClassPropertyID], [Value], [RelatedID], [Sequence], [AddedDate], [UpdatedDate]) VALUES (N'04f27352-7943-4798-adc8-60ebef2bcf6f', N'6383a8dd-0fcc-420a-9bb8-5985c60cfc0f', N'a1d57520-3d64-4f7d-97c8-69b449afa280', N'order', NULL, NULL, CAST(0x00009D26011B6CA9 AS DateTime), NULL)
INSERT [cons].[NameProperty] ([NamePropertyID], [NameID], [NameClassPropertyID], [Value], [RelatedID], [Sequence], [AddedDate], [UpdatedDate]) VALUES (N'd4f54069-2c86-4a61-9453-61194e4baf33', N'54ea86af-d347-446a-9bea-1f8393ad32ef', N'1f64e93c-7ee8-40d7-8681-52b56060d750', N'Cryptophyceae', NULL, NULL, CAST(0x00009D26011B6CA9 AS DateTime), NULL)
INSERT [cons].[NameProperty] ([NamePropertyID], [NameID], [NameClassPropertyID], [Value], [RelatedID], [Sequence], [AddedDate], [UpdatedDate]) VALUES (N'5ea960ac-240b-4549-b0bd-62af05a19d96', N'3c304ebf-0d11-4e74-9134-e6c3b1c0c26d', N'a1d57520-3d64-4f7d-97c8-69b449afa280', N'kingdom', NULL, NULL, CAST(0x00009D26011B6CA9 AS DateTime), NULL)
INSERT [cons].[NameProperty] ([NamePropertyID], [NameID], [NameClassPropertyID], [Value], [RelatedID], [Sequence], [AddedDate], [UpdatedDate]) VALUES (N'18f4ca0f-f6cd-458d-93c1-62fe5733f3ac', N'a63f5376-2d1d-4723-8abd-d0f213085aa7', N'a1d57520-3d64-4f7d-97c8-69b449afa280', N'order', NULL, NULL, CAST(0x00009D26011B6CA9 AS DateTime), NULL)
INSERT [cons].[NameProperty] ([NamePropertyID], [NameID], [NameClassPropertyID], [Value], [RelatedID], [Sequence], [AddedDate], [UpdatedDate]) VALUES (N'f8274df4-95e7-4251-ae73-630f19db5e7c', N'80152cc0-e097-4702-b8e8-de5537aa0fee', N'a1d57520-3d64-4f7d-97c8-69b449afa280', N'order', NULL, NULL, CAST(0x00009D26011B6CA9 AS DateTime), NULL)
INSERT [cons].[NameProperty] ([NamePropertyID], [NameID], [NameClassPropertyID], [Value], [RelatedID], [Sequence], [AddedDate], [UpdatedDate]) VALUES (N'60ec7cb5-621c-4d1a-94c1-635bf1d90e78', N'936efa4a-ad5a-4956-bd18-9b6dbcfe6a9d', N'1f64e93c-7ee8-40d7-8681-52b56060d750', N'Prymnesiales', NULL, NULL, CAST(0x00009D26011B6CA9 AS DateTime), NULL)
INSERT [cons].[NameProperty] ([NamePropertyID], [NameID], [NameClassPropertyID], [Value], [RelatedID], [Sequence], [AddedDate], [UpdatedDate]) VALUES (N'7dc95d91-7d9e-4624-96e1-660232d42e52', N'39d321aa-3fbf-4d1d-81a7-31004cb84c9f', N'1f64e93c-7ee8-40d7-8681-52b56060d750', N'Basidiomycetes', NULL, NULL, CAST(0x00009D26011B6CA9 AS DateTime), NULL)
INSERT [cons].[NameProperty] ([NamePropertyID], [NameID], [NameClassPropertyID], [Value], [RelatedID], [Sequence], [AddedDate], [UpdatedDate]) VALUES (N'6203e212-d01c-44a9-8bae-66f809147d2b', N'802f604a-74a3-4a11-9c4c-d9aebe6d49db', N'1f64e93c-7ee8-40d7-8681-52b56060d750', N'Triuridales', NULL, NULL, CAST(0x00009D26011B6CA9 AS DateTime), NULL)
INSERT [cons].[NameProperty] ([NamePropertyID], [NameID], [NameClassPropertyID], [Value], [RelatedID], [Sequence], [AddedDate], [UpdatedDate]) VALUES (N'4328f4fe-b853-4416-9d30-677034dadb8b', N'14659352-72e5-4248-be76-fcc1c9e25963', N'1f64e93c-7ee8-40d7-8681-52b56060d750', N'Celastrales', NULL, NULL, CAST(0x00009D26011B6CA9 AS DateTime), NULL)
INSERT [cons].[NameProperty] ([NamePropertyID], [NameID], [NameClassPropertyID], [Value], [RelatedID], [Sequence], [AddedDate], [UpdatedDate]) VALUES (N'e95a3fa0-f681-4257-8cdc-677ed47959db', N'58f4758d-1595-4336-b8cd-1c763ef05844', N'1f64e93c-7ee8-40d7-8681-52b56060d750', N'Solanales', NULL, NULL, CAST(0x00009D26011B6CA9 AS DateTime), NULL)
INSERT [cons].[NameProperty] ([NamePropertyID], [NameID], [NameClassPropertyID], [Value], [RelatedID], [Sequence], [AddedDate], [UpdatedDate]) VALUES (N'17885b03-1e8e-4131-98a6-6783efadf42f', N'81c6dd3f-47ef-4188-befd-481bdf0290bc', N'1f64e93c-7ee8-40d7-8681-52b56060d750', N'Chaetophorales', NULL, NULL, CAST(0x00009D26011B6CA9 AS DateTime), NULL)
INSERT [cons].[NameProperty] ([NamePropertyID], [NameID], [NameClassPropertyID], [Value], [RelatedID], [Sequence], [AddedDate], [UpdatedDate]) VALUES (N'bb52b227-f022-4b9b-a307-67bc540a2156', N'0b173300-37ad-441b-8d2f-4f7024ac90d8', N'a1d57520-3d64-4f7d-97c8-69b449afa280', N'order', NULL, NULL, CAST(0x00009D26011B6CA9 AS DateTime), NULL)
INSERT [cons].[NameProperty] ([NamePropertyID], [NameID], [NameClassPropertyID], [Value], [RelatedID], [Sequence], [AddedDate], [UpdatedDate]) VALUES (N'1ac52b8f-2007-4e68-8d21-67c16dbcdd74', N'bbe2f381-1bd3-470e-b3d9-ca24e6b9223a', N'c9e19d58-bd92-4f3c-96e8-de7fa6dcd5f7', N'1990', NULL, NULL, CAST(0x00009D26011B6CA9 AS DateTime), NULL)
INSERT [cons].[NameProperty] ([NamePropertyID], [NameID], [NameClassPropertyID], [Value], [RelatedID], [Sequence], [AddedDate], [UpdatedDate]) VALUES (N'a5783ccf-70e9-41d5-bff2-680ea5fbfd65', N'fa7fca76-3fe1-41d2-b23d-52f25a3d7fe5', N'006d86a8-08a5-4c1a-bc08-c07b0225e01b', N'Glezer & Makarova ', NULL, NULL, CAST(0x00009D26011B6CA9 AS DateTime), NULL)
INSERT [cons].[NameProperty] ([NamePropertyID], [NameID], [NameClassPropertyID], [Value], [RelatedID], [Sequence], [AddedDate], [UpdatedDate]) VALUES (N'2af3ce1d-fe47-4d66-8b6a-689beeecdb6a', N'a49351cc-646e-4310-89a9-66dcc2109b23', N'1f64e93c-7ee8-40d7-8681-52b56060d750', N'Coniferales', NULL, NULL, CAST(0x00009D26011B6CA9 AS DateTime), NULL)
INSERT [cons].[NameProperty] ([NamePropertyID], [NameID], [NameClassPropertyID], [Value], [RelatedID], [Sequence], [AddedDate], [UpdatedDate]) VALUES (N'89d6f446-5728-499f-9bf8-68ff1867648c', N'9b6b274f-3022-40ec-bf8c-e086edd78de6', N'a1d57520-3d64-4f7d-97c8-69b449afa280', N'order', NULL, NULL, CAST(0x00009D26011B6CA9 AS DateTime), NULL)
INSERT [cons].[NameProperty] ([NamePropertyID], [NameID], [NameClassPropertyID], [Value], [RelatedID], [Sequence], [AddedDate], [UpdatedDate]) VALUES (N'86e95128-a106-427c-b26d-69b82d4f8ae5', N'03b71286-e7fb-4009-abe0-7a8dd8112865', N'a1d57520-3d64-4f7d-97c8-69b449afa280', N'order', NULL, NULL, CAST(0x00009D26011B6CA9 AS DateTime), NULL)
INSERT [cons].[NameProperty] ([NamePropertyID], [NameID], [NameClassPropertyID], [Value], [RelatedID], [Sequence], [AddedDate], [UpdatedDate]) VALUES (N'987a6e43-9268-4c1f-b484-6a8e7b2c22b9', N'832a5346-21aa-444b-9574-b1b40dc1a530', N'1f64e93c-7ee8-40d7-8681-52b56060d750', N'Rhizosoleniales', NULL, NULL, CAST(0x00009D26011B6CA9 AS DateTime), NULL)
INSERT [cons].[NameProperty] ([NamePropertyID], [NameID], [NameClassPropertyID], [Value], [RelatedID], [Sequence], [AddedDate], [UpdatedDate]) VALUES (N'b2137635-771d-49de-8c35-6b99701aab2d', N'edf0af86-f13e-43f1-8ba6-499dd661775f', N'1f64e93c-7ee8-40d7-8681-52b56060d750', N'Myriangiales', NULL, NULL, CAST(0x00009D26011B6CA9 AS DateTime), NULL)
INSERT [cons].[NameProperty] ([NamePropertyID], [NameID], [NameClassPropertyID], [Value], [RelatedID], [Sequence], [AddedDate], [UpdatedDate]) VALUES (N'757051e1-dff6-4505-8311-6bdda8515637', N'6b411a2b-5f02-46d6-8152-d944816d93bd', N'a1d57520-3d64-4f7d-97c8-69b449afa280', N'order', NULL, NULL, CAST(0x00009D26011B6CA9 AS DateTime), NULL)
INSERT [cons].[NameProperty] ([NamePropertyID], [NameID], [NameClassPropertyID], [Value], [RelatedID], [Sequence], [AddedDate], [UpdatedDate]) VALUES (N'd8e05707-bc8f-4f33-96cc-6c25e8164c0b', N'd6e1de5d-5121-4ec1-82b3-b6c7ad3942a6', N'a1d57520-3d64-4f7d-97c8-69b449afa280', N'order', NULL, NULL, CAST(0x00009D26011B6CA9 AS DateTime), NULL)
INSERT [cons].[NameProperty] ([NamePropertyID], [NameID], [NameClassPropertyID], [Value], [RelatedID], [Sequence], [AddedDate], [UpdatedDate]) VALUES (N'db8b8a4d-db36-424b-8b75-6d21382ad6bf', N'fd7fc34d-2775-4031-a8db-6a30c7768878', N'a1d57520-3d64-4f7d-97c8-69b449afa280', N'order', NULL, NULL, CAST(0x00009D26011B6CA9 AS DateTime), NULL)
INSERT [cons].[NameProperty] ([NamePropertyID], [NameID], [NameClassPropertyID], [Value], [RelatedID], [Sequence], [AddedDate], [UpdatedDate]) VALUES (N'1d6c0898-aadf-4e58-aa2d-6dc813371748', N'ed2b29b1-413d-43b8-a106-9bebd9e0a4c9', N'a1d57520-3d64-4f7d-97c8-69b449afa280', N'order', NULL, NULL, CAST(0x00009D26011B6CA9 AS DateTime), NULL)
INSERT [cons].[NameProperty] ([NamePropertyID], [NameID], [NameClassPropertyID], [Value], [RelatedID], [Sequence], [AddedDate], [UpdatedDate]) VALUES (N'5384d76a-8cbd-4f9e-ab1d-6eb7f3fa6f4e', N'fb7d3ec0-085f-487a-9e8d-0b5fa0c486bd', N'a1d57520-3d64-4f7d-97c8-69b449afa280', N'class', NULL, NULL, CAST(0x00009D26011B6CA9 AS DateTime), NULL)
INSERT [cons].[NameProperty] ([NamePropertyID], [NameID], [NameClassPropertyID], [Value], [RelatedID], [Sequence], [AddedDate], [UpdatedDate]) VALUES (N'd01bd9fc-3dc5-4ebb-aa8b-6f762b577169', N'e07a50c1-4f94-4874-8f90-995dc4a6ddfa', N'1f64e93c-7ee8-40d7-8681-52b56060d750', N'Chrysophyceae', NULL, NULL, CAST(0x00009D26011B6CA9 AS DateTime), NULL)
INSERT [cons].[NameProperty] ([NamePropertyID], [NameID], [NameClassPropertyID], [Value], [RelatedID], [Sequence], [AddedDate], [UpdatedDate]) VALUES (N'249f6379-fc4e-4050-ac6e-71347f4bc1c6', N'5b2dce23-07d4-49b0-af04-c23aa2d97a7e', N'a1d57520-3d64-4f7d-97c8-69b449afa280', N'order', NULL, NULL, CAST(0x00009D26011B6CA9 AS DateTime), NULL)
INSERT [cons].[NameProperty] ([NamePropertyID], [NameID], [NameClassPropertyID], [Value], [RelatedID], [Sequence], [AddedDate], [UpdatedDate]) VALUES (N'b8504ec8-dc94-414d-a006-7168fc77b9ac', N'3431141e-dcd4-43f9-83a7-3da8c63a7e9f', N'1f64e93c-7ee8-40d7-8681-52b56060d750', N'Hamamelidales', NULL, NULL, CAST(0x00009D26011B6CA9 AS DateTime), NULL)
INSERT [cons].[NameProperty] ([NamePropertyID], [NameID], [NameClassPropertyID], [Value], [RelatedID], [Sequence], [AddedDate], [UpdatedDate]) VALUES (N'936a50be-b061-481a-9e8e-7239a14f2755', N'e91e266a-ad60-4629-b3ee-f285596bdbae', N'a1d57520-3d64-4f7d-97c8-69b449afa280', N'order', NULL, NULL, CAST(0x00009D26011B6CA9 AS DateTime), NULL)
INSERT [cons].[NameProperty] ([NamePropertyID], [NameID], [NameClassPropertyID], [Value], [RelatedID], [Sequence], [AddedDate], [UpdatedDate]) VALUES (N'e6699918-95f4-43ee-ac0f-72c47ece9386', N'e1faacf5-57b0-4e37-830b-8dba7b1b74ea', N'a1d57520-3d64-4f7d-97c8-69b449afa280', N'class', NULL, NULL, CAST(0x00009D26011B6CA9 AS DateTime), NULL)
INSERT [cons].[NameProperty] ([NamePropertyID], [NameID], [NameClassPropertyID], [Value], [RelatedID], [Sequence], [AddedDate], [UpdatedDate]) VALUES (N'b54cb013-121f-4f08-adc5-72e674892ab8', N'20a6ff77-4ce9-4d93-9322-9274261624a3', N'a1d57520-3d64-4f7d-97c8-69b449afa280', N'order', NULL, NULL, CAST(0x00009D26011B6CA9 AS DateTime), NULL)
INSERT [cons].[NameProperty] ([NamePropertyID], [NameID], [NameClassPropertyID], [Value], [RelatedID], [Sequence], [AddedDate], [UpdatedDate]) VALUES (N'9e4f56b5-692c-4a00-b18a-7305ff298cc4', N'3de65f2e-c133-4179-a18c-4a04b7035067', N'1f64e93c-7ee8-40d7-8681-52b56060d750', N'Anthocerotae', NULL, NULL, CAST(0x00009D26011B6CA9 AS DateTime), NULL)
INSERT [cons].[NameProperty] ([NamePropertyID], [NameID], [NameClassPropertyID], [Value], [RelatedID], [Sequence], [AddedDate], [UpdatedDate]) VALUES (N'35015c23-2c1e-4ee5-839a-73a7018d0ebc', N'3ab99e8d-3854-402a-ae05-7e3c8f4cdb7b', N'a1d57520-3d64-4f7d-97c8-69b449afa280', N'phylum', NULL, NULL, CAST(0x00009D26011B6CA9 AS DateTime), NULL)
INSERT [cons].[NameProperty] ([NamePropertyID], [NameID], [NameClassPropertyID], [Value], [RelatedID], [Sequence], [AddedDate], [UpdatedDate]) VALUES (N'92194be4-d0eb-4126-a651-743b983dfa28', N'1b007f71-e3c5-4d37-b5e9-4b44405dd9a6', N'a1d57520-3d64-4f7d-97c8-69b449afa280', N'order', NULL, NULL, CAST(0x00009D26011B6CA9 AS DateTime), NULL)
INSERT [cons].[NameProperty] ([NamePropertyID], [NameID], [NameClassPropertyID], [Value], [RelatedID], [Sequence], [AddedDate], [UpdatedDate]) VALUES (N'559c525f-f79b-460d-a0d9-743f4d008df3', N'3d40e437-60fd-42b3-9567-47770e090583', N'1f64e93c-7ee8-40d7-8681-52b56060d750', N'Glaucocystales', NULL, NULL, CAST(0x00009D26011B6CA9 AS DateTime), NULL)
INSERT [cons].[NameProperty] ([NamePropertyID], [NameID], [NameClassPropertyID], [Value], [RelatedID], [Sequence], [AddedDate], [UpdatedDate]) VALUES (N'76abcf53-7647-45d1-85ac-74afc379ae12', N'5895feeb-a95a-4613-8585-9e298e32d2ea', N'a1d57520-3d64-4f7d-97c8-69b449afa280', N'order', NULL, NULL, CAST(0x00009D26011B6CA9 AS DateTime), NULL)
INSERT [cons].[NameProperty] ([NamePropertyID], [NameID], [NameClassPropertyID], [Value], [RelatedID], [Sequence], [AddedDate], [UpdatedDate]) VALUES (N'4f0b0abe-c5f4-4a62-84c0-7503c5c86703', N'6047f458-3f93-4a7b-bc60-c45171be8cbb', N'a1d57520-3d64-4f7d-97c8-69b449afa280', N'class', NULL, NULL, CAST(0x00009D26011B6CA9 AS DateTime), NULL)
INSERT [cons].[NameProperty] ([NamePropertyID], [NameID], [NameClassPropertyID], [Value], [RelatedID], [Sequence], [AddedDate], [UpdatedDate]) VALUES (N'5674e032-5d9b-4159-8d01-757670cd94e1', N'6d3c959a-646e-4381-8d48-7a5f022d3510', N'1f64e93c-7ee8-40d7-8681-52b56060d750', N'Raphidomonadales', NULL, NULL, CAST(0x00009D26011B6CA9 AS DateTime), NULL)
INSERT [cons].[NameProperty] ([NamePropertyID], [NameID], [NameClassPropertyID], [Value], [RelatedID], [Sequence], [AddedDate], [UpdatedDate]) VALUES (N'39d29305-0244-4e18-9a8c-7581503d7a51', N'cb476b61-d7bc-47ec-bf42-b6b5b5689113', N'a1d57520-3d64-4f7d-97c8-69b449afa280', N'order', NULL, NULL, CAST(0x00009D26011B6CA9 AS DateTime), NULL)
INSERT [cons].[NameProperty] ([NamePropertyID], [NameID], [NameClassPropertyID], [Value], [RelatedID], [Sequence], [AddedDate], [UpdatedDate]) VALUES (N'4454dbd1-a4bb-49e6-913a-75b978f43ad3', N'33cfbb60-6ca3-4279-8cfe-c43c52dbd477', N'1f64e93c-7ee8-40d7-8681-52b56060d750', N'Magnoliales', NULL, NULL, CAST(0x00009D26011B6CA9 AS DateTime), NULL)
INSERT [cons].[NameProperty] ([NamePropertyID], [NameID], [NameClassPropertyID], [Value], [RelatedID], [Sequence], [AddedDate], [UpdatedDate]) VALUES (N'5d930f8d-e625-4946-ab13-75c4f54004a8', N'd965f7f8-f659-4dcc-ac1e-d3bc428b3951', N'1f64e93c-7ee8-40d7-8681-52b56060d750', N'Nepenthales', NULL, NULL, CAST(0x00009D26011B6CA9 AS DateTime), NULL)
INSERT [cons].[NameProperty] ([NamePropertyID], [NameID], [NameClassPropertyID], [Value], [RelatedID], [Sequence], [AddedDate], [UpdatedDate]) VALUES (N'dcbcca8c-7a1f-444c-89f8-75c5fc294293', N'fdd2d7e9-c4b1-4c71-865e-c42bfbe75371', N'1f64e93c-7ee8-40d7-8681-52b56060d750', N'Campanulales', NULL, NULL, CAST(0x00009D26011B6CA9 AS DateTime), NULL)
INSERT [cons].[NameProperty] ([NamePropertyID], [NameID], [NameClassPropertyID], [Value], [RelatedID], [Sequence], [AddedDate], [UpdatedDate]) VALUES (N'9ebbea13-8e08-408d-a0d5-75c60be32ff8', N'56feb1b8-f0e0-454d-9892-4dc68f7feca5', N'1f64e93c-7ee8-40d7-8681-52b56060d750', N'Fagales', NULL, NULL, CAST(0x00009D26011B6CA9 AS DateTime), NULL)
INSERT [cons].[NameProperty] ([NamePropertyID], [NameID], [NameClassPropertyID], [Value], [RelatedID], [Sequence], [AddedDate], [UpdatedDate]) VALUES (N'0d2b1728-18b4-4955-bf3e-766c87b77802', N'72bc4381-3617-4ca9-84c5-352339117134', N'a1d57520-3d64-4f7d-97c8-69b449afa280', N'class', NULL, NULL, CAST(0x00009D26011B6CA9 AS DateTime), NULL)
INSERT [cons].[NameProperty] ([NamePropertyID], [NameID], [NameClassPropertyID], [Value], [RelatedID], [Sequence], [AddedDate], [UpdatedDate]) VALUES (N'c59b68d7-dd15-4999-a51e-768860a9b5a3', N'76c933da-c054-453d-acab-2440ac26aa81', N'1f64e93c-7ee8-40d7-8681-52b56060d750', N'Marchantiales', NULL, NULL, CAST(0x00009D26011B6CA9 AS DateTime), NULL)
INSERT [cons].[NameProperty] ([NamePropertyID], [NameID], [NameClassPropertyID], [Value], [RelatedID], [Sequence], [AddedDate], [UpdatedDate]) VALUES (N'd6aca5ad-6e37-41b1-b12d-7693abe63cca', N'1a514225-c0e5-489f-b8bc-15874bd6f6dc', N'1f64e93c-7ee8-40d7-8681-52b56060d750', N'Ericales', NULL, NULL, CAST(0x00009D26011B6CA9 AS DateTime), NULL)
INSERT [cons].[NameProperty] ([NamePropertyID], [NameID], [NameClassPropertyID], [Value], [RelatedID], [Sequence], [AddedDate], [UpdatedDate]) VALUES (N'3f9f2d67-bda3-43f1-8376-7789eac43980', N'6d3c959a-646e-4381-8d48-7a5f022d3510', N'a1d57520-3d64-4f7d-97c8-69b449afa280', N'order', NULL, NULL, CAST(0x00009D26011B6CA9 AS DateTime), NULL)
INSERT [cons].[NameProperty] ([NamePropertyID], [NameID], [NameClassPropertyID], [Value], [RelatedID], [Sequence], [AddedDate], [UpdatedDate]) VALUES (N'ab52b926-8547-4ed7-a2e3-77b398d5564b', N'f80003af-fb56-4221-8456-451fd8e20e81', N'1f64e93c-7ee8-40d7-8681-52b56060d750', N'Rhodophyta', NULL, NULL, CAST(0x00009D26011B6CA9 AS DateTime), NULL)
INSERT [cons].[NameProperty] ([NamePropertyID], [NameID], [NameClassPropertyID], [Value], [RelatedID], [Sequence], [AddedDate], [UpdatedDate]) VALUES (N'0fd1f09a-2c63-41e7-b900-7861d7d62fe3', N'a63f5376-2d1d-4723-8abd-d0f213085aa7', N'1f64e93c-7ee8-40d7-8681-52b56060d750', N'Dilleniales', NULL, NULL, CAST(0x00009D26011B6CA9 AS DateTime), NULL)
INSERT [cons].[NameProperty] ([NamePropertyID], [NameID], [NameClassPropertyID], [Value], [RelatedID], [Sequence], [AddedDate], [UpdatedDate]) VALUES (N'1eadd8d4-552c-4227-bf2f-78e85c8d09dd', N'4834c263-a91e-4246-aa2e-a61604a088a4', N'a1d57520-3d64-4f7d-97c8-69b449afa280', N'order', NULL, NULL, CAST(0x00009D26011B6CA9 AS DateTime), NULL)
INSERT [cons].[NameProperty] ([NamePropertyID], [NameID], [NameClassPropertyID], [Value], [RelatedID], [Sequence], [AddedDate], [UpdatedDate]) VALUES (N'b5a83500-2148-441e-a9b1-79b669ff771e', N'18b4bae0-8065-45c8-a2c3-d3f8a7efb871', N'1f64e93c-7ee8-40d7-8681-52b56060d750', N'Tetrasporales', NULL, NULL, CAST(0x00009D26011B6CA9 AS DateTime), NULL)
INSERT [cons].[NameProperty] ([NamePropertyID], [NameID], [NameClassPropertyID], [Value], [RelatedID], [Sequence], [AddedDate], [UpdatedDate]) VALUES (N'330b63b6-30db-40e6-914d-7a9fc3f23a42', N'facd68b8-cdc4-43a2-be33-5b30584b4e4c', N'a1d57520-3d64-4f7d-97c8-69b449afa280', N'order', NULL, NULL, CAST(0x00009D26011B6CA9 AS DateTime), NULL)
INSERT [cons].[NameProperty] ([NamePropertyID], [NameID], [NameClassPropertyID], [Value], [RelatedID], [Sequence], [AddedDate], [UpdatedDate]) VALUES (N'ebcf8e84-9a0a-45cc-a445-7c5928481e85', N'53f29bb6-ac72-440e-9f59-28b3e96cc394', N'a1d57520-3d64-4f7d-97c8-69b449afa280', N'order', NULL, NULL, CAST(0x00009D26011B6CA9 AS DateTime), NULL)
INSERT [cons].[NameProperty] ([NamePropertyID], [NameID], [NameClassPropertyID], [Value], [RelatedID], [Sequence], [AddedDate], [UpdatedDate]) VALUES (N'76639306-b5a3-40c6-8b86-7c66f57c505c', N'7877d7d8-517e-419f-bc13-75a37682d97e', N'a1d57520-3d64-4f7d-97c8-69b449afa280', N'order', NULL, NULL, CAST(0x00009D26011B6CA9 AS DateTime), NULL)
INSERT [cons].[NameProperty] ([NamePropertyID], [NameID], [NameClassPropertyID], [Value], [RelatedID], [Sequence], [AddedDate], [UpdatedDate]) VALUES (N'1b635af2-e366-4e14-a6b3-7d157097f644', N'16178edb-d2be-4df4-abda-f37b77b43ad5', N'1f64e93c-7ee8-40d7-8681-52b56060d750', N'Plantaginales', NULL, NULL, CAST(0x00009D26011B6CA9 AS DateTime), NULL)
INSERT [cons].[NameProperty] ([NamePropertyID], [NameID], [NameClassPropertyID], [Value], [RelatedID], [Sequence], [AddedDate], [UpdatedDate]) VALUES (N'bd755628-0384-4daa-854a-7ddc0b831cbb', N'ee2057de-c9c3-45f9-a6d1-65e313e374c3', N'a1d57520-3d64-4f7d-97c8-69b449afa280', N'order', NULL, NULL, CAST(0x00009D26011B6CA9 AS DateTime), NULL)
INSERT [cons].[NameProperty] ([NamePropertyID], [NameID], [NameClassPropertyID], [Value], [RelatedID], [Sequence], [AddedDate], [UpdatedDate]) VALUES (N'46cbf1f9-aa53-4e8c-b641-7e242304607a', N'9b6b274f-3022-40ec-bf8c-e086edd78de6', N'1f64e93c-7ee8-40d7-8681-52b56060d750', N'Ebenales', NULL, NULL, CAST(0x00009D26011B6CA9 AS DateTime), NULL)
INSERT [cons].[NameProperty] ([NamePropertyID], [NameID], [NameClassPropertyID], [Value], [RelatedID], [Sequence], [AddedDate], [UpdatedDate]) VALUES (N'0208e679-eea5-42be-a4ca-7f9cfef1b070', N'2a35ad7f-f981-460e-b3a2-c1d777152880', N'1f64e93c-7ee8-40d7-8681-52b56060d750', N'Bromeliales', NULL, NULL, CAST(0x00009D26011B6CA9 AS DateTime), NULL)
INSERT [cons].[NameProperty] ([NamePropertyID], [NameID], [NameClassPropertyID], [Value], [RelatedID], [Sequence], [AddedDate], [UpdatedDate]) VALUES (N'15cac0cf-79c1-4748-a92d-7fec01ca3d58', N'7e66f5b7-1870-4202-8d26-53d652148600', N'1f64e93c-7ee8-40d7-8681-52b56060d750', N'Cyanoprokaryota', NULL, NULL, CAST(0x00009D26011B6CA9 AS DateTime), NULL)
INSERT [cons].[NameProperty] ([NamePropertyID], [NameID], [NameClassPropertyID], [Value], [RelatedID], [Sequence], [AddedDate], [UpdatedDate]) VALUES (N'fe4b8d73-937e-403a-9309-805c777d4628', N'e91e266a-ad60-4629-b3ee-f285596bdbae', N'1f64e93c-7ee8-40d7-8681-52b56060d750', N'Liliales', NULL, NULL, CAST(0x00009D26011B6CA9 AS DateTime), NULL)
INSERT [cons].[NameProperty] ([NamePropertyID], [NameID], [NameClassPropertyID], [Value], [RelatedID], [Sequence], [AddedDate], [UpdatedDate]) VALUES (N'4e211940-7e68-4a60-b3d8-80d6954a3365', N'628a5546-89a0-49b8-b3a4-15a5c347b598', N'1f64e93c-7ee8-40d7-8681-52b56060d750', N'Euglenophyceae', NULL, NULL, CAST(0x00009D26011B6CA9 AS DateTime), NULL)
INSERT [cons].[NameProperty] ([NamePropertyID], [NameID], [NameClassPropertyID], [Value], [RelatedID], [Sequence], [AddedDate], [UpdatedDate]) VALUES (N'd768c05a-356c-4c5a-8563-823849ea077c', N'db1d2bd9-3890-4147-9970-62f7962fbf30', N'1f64e93c-7ee8-40d7-8681-52b56060d750', N'Mamiellales', NULL, NULL, CAST(0x00009D26011B6CA9 AS DateTime), NULL)
INSERT [cons].[NameProperty] ([NamePropertyID], [NameID], [NameClassPropertyID], [Value], [RelatedID], [Sequence], [AddedDate], [UpdatedDate]) VALUES (N'6bb5047e-b6f8-47e7-91e0-825581c1316d', N'4a401b27-2491-4124-9f89-c7a5f278ab5e', N'a1d57520-3d64-4f7d-97c8-69b449afa280', N'phylum', NULL, NULL, CAST(0x00009D26011B6CA9 AS DateTime), NULL)
INSERT [cons].[NameProperty] ([NamePropertyID], [NameID], [NameClassPropertyID], [Value], [RelatedID], [Sequence], [AddedDate], [UpdatedDate]) VALUES (N'b1e15f25-8d2a-47fc-8591-82e6f932571d', N'a1187acd-76f6-427d-9cdb-23492cebb3a4', N'1f64e93c-7ee8-40d7-8681-52b56060d750', N'Eriocaulales', NULL, NULL, CAST(0x00009D26011B6CA9 AS DateTime), NULL)
INSERT [cons].[NameProperty] ([NamePropertyID], [NameID], [NameClassPropertyID], [Value], [RelatedID], [Sequence], [AddedDate], [UpdatedDate]) VALUES (N'8be108b9-5e64-4449-ad5b-830dce3d5de2', N'a39afaf7-637c-46d6-9a1d-ca0de0d73c87', N'a1d57520-3d64-4f7d-97c8-69b449afa280', N'phylum', NULL, NULL, CAST(0x00009D26011B6CA9 AS DateTime), NULL)
INSERT [cons].[NameProperty] ([NamePropertyID], [NameID], [NameClassPropertyID], [Value], [RelatedID], [Sequence], [AddedDate], [UpdatedDate]) VALUES (N'07152121-c201-4c79-8447-83775cda96f1', N'4c38578a-f950-4b41-ab8c-bccb9916d426', N'1f64e93c-7ee8-40d7-8681-52b56060d750', N'Cantharellales', NULL, NULL, CAST(0x00009D26011B6CA9 AS DateTime), NULL)
INSERT [cons].[NameProperty] ([NamePropertyID], [NameID], [NameClassPropertyID], [Value], [RelatedID], [Sequence], [AddedDate], [UpdatedDate]) VALUES (N'18af6b25-fba7-428b-803e-83cc37b42776', N'1629b26f-241b-4096-87a4-005dadf3c065', N'a1d57520-3d64-4f7d-97c8-69b449afa280', N'class', NULL, NULL, CAST(0x00009D26011B6CA9 AS DateTime), NULL)
INSERT [cons].[NameProperty] ([NamePropertyID], [NameID], [NameClassPropertyID], [Value], [RelatedID], [Sequence], [AddedDate], [UpdatedDate]) VALUES (N'e194c4f1-539d-4524-b4b2-844ad047de1c', N'e89db47d-d58a-419e-97c8-1aec22c6a476', N'1f64e93c-7ee8-40d7-8681-52b56060d750', N'Peltigerales', NULL, NULL, CAST(0x00009D26011B6CA9 AS DateTime), NULL)
INSERT [cons].[NameProperty] ([NamePropertyID], [NameID], [NameClassPropertyID], [Value], [RelatedID], [Sequence], [AddedDate], [UpdatedDate]) VALUES (N'17286117-6f83-41aa-8111-846c07a81852', N'122f4405-9171-4895-b172-761824b7cf62', N'a1d57520-3d64-4f7d-97c8-69b449afa280', N'order', NULL, NULL, CAST(0x00009D26011B6CA9 AS DateTime), NULL)
INSERT [cons].[NameProperty] ([NamePropertyID], [NameID], [NameClassPropertyID], [Value], [RelatedID], [Sequence], [AddedDate], [UpdatedDate]) VALUES (N'bbc1bbcb-e98c-4c3e-9fff-855ed057be97', N'ca673faa-eb8e-46b6-a991-a1c3efe83a2c', N'1f64e93c-7ee8-40d7-8681-52b56060d750', N'Synurales', NULL, NULL, CAST(0x00009D26011B6CA9 AS DateTime), NULL)
INSERT [cons].[NameProperty] ([NamePropertyID], [NameID], [NameClassPropertyID], [Value], [RelatedID], [Sequence], [AddedDate], [UpdatedDate]) VALUES (N'f3432737-96b7-492f-9cf0-859545a77ed1', N'f60ee738-be53-4591-8169-7106a6de8085', N'a1d57520-3d64-4f7d-97c8-69b449afa280', N'order', NULL, NULL, CAST(0x00009D26011B6CA9 AS DateTime), NULL)
INSERT [cons].[NameProperty] ([NamePropertyID], [NameID], [NameClassPropertyID], [Value], [RelatedID], [Sequence], [AddedDate], [UpdatedDate]) VALUES (N'dee8199f-fd6d-4b0f-81ea-8685233246a8', N'1697a454-2453-4079-a32f-491e1804e2a8', N'1f64e93c-7ee8-40d7-8681-52b56060d750', N'Aulacoseirales', NULL, NULL, CAST(0x00009D26011B6CA9 AS DateTime), NULL)
INSERT [cons].[NameProperty] ([NamePropertyID], [NameID], [NameClassPropertyID], [Value], [RelatedID], [Sequence], [AddedDate], [UpdatedDate]) VALUES (N'5b73cb17-0ecd-4b04-9709-8697e6e20e82', N'9fa30fa2-0929-4be5-8675-bf6adbe8bf2f', N'a1d57520-3d64-4f7d-97c8-69b449afa280', N'order', NULL, NULL, CAST(0x00009D26011B6CA9 AS DateTime), NULL)
INSERT [cons].[NameProperty] ([NamePropertyID], [NameID], [NameClassPropertyID], [Value], [RelatedID], [Sequence], [AddedDate], [UpdatedDate]) VALUES (N'27b45681-850a-4f7c-9212-86e1cafd0db3', N'40340f9d-7fad-49cf-a8cf-4b8323f776a8', N'a1d57520-3d64-4f7d-97c8-69b449afa280', N'phylum', NULL, NULL, CAST(0x00009D26011B6CA9 AS DateTime), NULL)
INSERT [cons].[NameProperty] ([NamePropertyID], [NameID], [NameClassPropertyID], [Value], [RelatedID], [Sequence], [AddedDate], [UpdatedDate]) VALUES (N'd99cc3cb-b271-44d6-a84d-86feafa67d69', N'7b5b90cc-b1ad-4ddd-9bea-3140b3723f04', N'c9e19d58-bd92-4f3c-96e8-de7fa6dcd5f7', N'1990', NULL, NULL, CAST(0x00009D26011B6CA9 AS DateTime), NULL)
INSERT [cons].[NameProperty] ([NamePropertyID], [NameID], [NameClassPropertyID], [Value], [RelatedID], [Sequence], [AddedDate], [UpdatedDate]) VALUES (N'e3c10a87-d8b9-4dc4-aa38-8795b9e30657', N'1acf5c0d-d991-4912-9f8b-0c1ef2dd8f8b', N'1f64e93c-7ee8-40d7-8681-52b56060d750', N'Haptophyta', NULL, NULL, CAST(0x00009D26011B6CA9 AS DateTime), NULL)
INSERT [cons].[NameProperty] ([NamePropertyID], [NameID], [NameClassPropertyID], [Value], [RelatedID], [Sequence], [AddedDate], [UpdatedDate]) VALUES (N'2d45c683-adde-4178-867f-88478759a2dc', N'2d3e2b83-4d22-48de-89f4-edb88aed6f64', N'a1d57520-3d64-4f7d-97c8-69b449afa280', N'order', NULL, NULL, CAST(0x00009D26011B6CA9 AS DateTime), NULL)
INSERT [cons].[NameProperty] ([NamePropertyID], [NameID], [NameClassPropertyID], [Value], [RelatedID], [Sequence], [AddedDate], [UpdatedDate]) VALUES (N'1a3e839d-ade2-42f8-b176-88be755e4227', N'f70d0429-279d-47b4-a5b0-34b9c686393d', N'1f64e93c-7ee8-40d7-8681-52b56060d750', N'Scrophulariales', NULL, NULL, CAST(0x00009D26011B6CA9 AS DateTime), NULL)
INSERT [cons].[NameProperty] ([NamePropertyID], [NameID], [NameClassPropertyID], [Value], [RelatedID], [Sequence], [AddedDate], [UpdatedDate]) VALUES (N'da8acecd-27c5-47c8-904c-8a62e9e56f65', N'a933e985-b822-4299-93a9-f7dc2e95d85f', N'a1d57520-3d64-4f7d-97c8-69b449afa280', N'order', NULL, NULL, CAST(0x00009D26011B6CA9 AS DateTime), NULL)
INSERT [cons].[NameProperty] ([NamePropertyID], [NameID], [NameClassPropertyID], [Value], [RelatedID], [Sequence], [AddedDate], [UpdatedDate]) VALUES (N'edc5f77a-8a4f-4cac-b1d7-8a9877670765', N'9e046cab-c4e4-4f2e-80c6-bf4398bd934f', N'1f64e93c-7ee8-40d7-8681-52b56060d750', N'Prasinophyceae', NULL, NULL, CAST(0x00009D26011B6CA9 AS DateTime), NULL)
INSERT [cons].[NameProperty] ([NamePropertyID], [NameID], [NameClassPropertyID], [Value], [RelatedID], [Sequence], [AddedDate], [UpdatedDate]) VALUES (N'dc5e076f-93c4-4979-9bca-8b930b92d533', N'14659352-72e5-4248-be76-fcc1c9e25963', N'a1d57520-3d64-4f7d-97c8-69b449afa280', N'order', NULL, NULL, CAST(0x00009D26011B6CA9 AS DateTime), NULL)
INSERT [cons].[NameProperty] ([NamePropertyID], [NameID], [NameClassPropertyID], [Value], [RelatedID], [Sequence], [AddedDate], [UpdatedDate]) VALUES (N'73034b7c-37a3-4010-9f0e-8bafd45ccd96', N'1694549c-fbd7-435d-9236-93d12e646c05', N'a1d57520-3d64-4f7d-97c8-69b449afa280', N'order', NULL, NULL, CAST(0x00009D26011B6CA9 AS DateTime), NULL)
INSERT [cons].[NameProperty] ([NamePropertyID], [NameID], [NameClassPropertyID], [Value], [RelatedID], [Sequence], [AddedDate], [UpdatedDate]) VALUES (N'4e09882a-3c31-47b8-9b9e-8c05ec35e5b0', N'56618d13-8d96-4b0e-a364-03f5cad49bee', N'a1d57520-3d64-4f7d-97c8-69b449afa280', N'order', NULL, NULL, CAST(0x00009D26011B6CA9 AS DateTime), NULL)
INSERT [cons].[NameProperty] ([NamePropertyID], [NameID], [NameClassPropertyID], [Value], [RelatedID], [Sequence], [AddedDate], [UpdatedDate]) VALUES (N'10d73dd9-c4d6-4965-9087-8c986c59ffbc', N'69042b0c-3b87-45e5-aa30-94715c09cd32', N'1f64e93c-7ee8-40d7-8681-52b56060d750', N'Rosales', NULL, NULL, CAST(0x00009D26011B6CA9 AS DateTime), NULL)
INSERT [cons].[NameProperty] ([NamePropertyID], [NameID], [NameClassPropertyID], [Value], [RelatedID], [Sequence], [AddedDate], [UpdatedDate]) VALUES (N'1723ac46-030d-46b9-8a6f-8caf68858d8d', N'd965f7f8-f659-4dcc-ac1e-d3bc428b3951', N'a1d57520-3d64-4f7d-97c8-69b449afa280', N'order', NULL, NULL, CAST(0x00009D26011B6CA9 AS DateTime), NULL)
INSERT [cons].[NameProperty] ([NamePropertyID], [NameID], [NameClassPropertyID], [Value], [RelatedID], [Sequence], [AddedDate], [UpdatedDate]) VALUES (N'56d2bae8-9520-4132-8e8d-8ce89c1a487a', N'fbdd78bf-64f2-4434-a522-4e3a2e5a585f', N'1f64e93c-7ee8-40d7-8681-52b56060d750', N'Chlorococcales', NULL, NULL, CAST(0x00009D26011B6CA9 AS DateTime), NULL)
INSERT [cons].[NameProperty] ([NamePropertyID], [NameID], [NameClassPropertyID], [Value], [RelatedID], [Sequence], [AddedDate], [UpdatedDate]) VALUES (N'2dbb61aa-faea-43a7-a7b1-8dab7d6708cc', N'fa7fca76-3fe1-41d2-b23d-52f25a3d7fe5', N'1f64e93c-7ee8-40d7-8681-52b56060d750', N'Thalassiosirales', NULL, NULL, CAST(0x00009D26011B6CA9 AS DateTime), NULL)
INSERT [cons].[NameProperty] ([NamePropertyID], [NameID], [NameClassPropertyID], [Value], [RelatedID], [Sequence], [AddedDate], [UpdatedDate]) VALUES (N'67804c9e-26b5-4397-b636-8e29666b5f60', N'5d78c9de-9389-48c4-8882-0a6eb467aecf', N'1f64e93c-7ee8-40d7-8681-52b56060d750', N'Illiciales', NULL, NULL, CAST(0x00009D26011B6CA9 AS DateTime), NULL)
INSERT [cons].[NameProperty] ([NamePropertyID], [NameID], [NameClassPropertyID], [Value], [RelatedID], [Sequence], [AddedDate], [UpdatedDate]) VALUES (N'7c5bb4e1-3f6d-4028-95f0-8e52db6f8444', N'ad2f6e5b-1814-40a3-9ced-7ca2f1dd8b53', N'1f64e93c-7ee8-40d7-8681-52b56060d750', N'Sphaeropleales', NULL, NULL, CAST(0x00009D26011B6CA9 AS DateTime), NULL)
INSERT [cons].[NameProperty] ([NamePropertyID], [NameID], [NameClassPropertyID], [Value], [RelatedID], [Sequence], [AddedDate], [UpdatedDate]) VALUES (N'1d725eb7-d73a-4f5c-a841-8f07e125dcd6', N'082759f3-9d87-4435-a626-d69be91d80dc', N'1f64e93c-7ee8-40d7-8681-52b56060d750', N'Pandanales', NULL, NULL, CAST(0x00009D26011B6CA9 AS DateTime), NULL)
INSERT [cons].[NameProperty] ([NamePropertyID], [NameID], [NameClassPropertyID], [Value], [RelatedID], [Sequence], [AddedDate], [UpdatedDate]) VALUES (N'49427cc6-05ad-4960-9eea-8f98d02e6206', N'214e7e2f-6232-408e-bd57-90411c770b07', N'1f64e93c-7ee8-40d7-8681-52b56060d750', N'Bryatae', NULL, NULL, CAST(0x00009D26011B6CA9 AS DateTime), NULL)
INSERT [cons].[NameProperty] ([NamePropertyID], [NameID], [NameClassPropertyID], [Value], [RelatedID], [Sequence], [AddedDate], [UpdatedDate]) VALUES (N'b8745e8e-222d-41c7-b06c-90b7d6ed2dc9', N'8ab98ba9-5cba-4b3c-bf39-00e5f45a73d9', N'1f64e93c-7ee8-40d7-8681-52b56060d750', N'Glaucophyceae', NULL, NULL, CAST(0x00009D26011B6CA9 AS DateTime), NULL)
INSERT [cons].[NameProperty] ([NamePropertyID], [NameID], [NameClassPropertyID], [Value], [RelatedID], [Sequence], [AddedDate], [UpdatedDate]) VALUES (N'0e75ba4b-5a38-4444-9244-9234cf889ce7', N'e20db620-df57-4ad1-93fe-998e2d094025', N'a1d57520-3d64-4f7d-97c8-69b449afa280', N'order', NULL, NULL, CAST(0x00009D26011B6CA9 AS DateTime), NULL)
INSERT [cons].[NameProperty] ([NamePropertyID], [NameID], [NameClassPropertyID], [Value], [RelatedID], [Sequence], [AddedDate], [UpdatedDate]) VALUES (N'f095527c-914d-4569-b353-936232b3c3a8', N'36a5e45d-3970-46c3-95f7-9e490a901f40', N'a1d57520-3d64-4f7d-97c8-69b449afa280', N'class', NULL, NULL, CAST(0x00009D26011B6CA9 AS DateTime), NULL)
INSERT [cons].[NameProperty] ([NamePropertyID], [NameID], [NameClassPropertyID], [Value], [RelatedID], [Sequence], [AddedDate], [UpdatedDate]) VALUES (N'761f808d-828f-43f7-b689-93b355e0cb94', N'5a29b366-015d-4a2c-9831-7b8d8c964ff0', N'a1d57520-3d64-4f7d-97c8-69b449afa280', N'order', NULL, NULL, CAST(0x00009D26011B6CA9 AS DateTime), NULL)
INSERT [cons].[NameProperty] ([NamePropertyID], [NameID], [NameClassPropertyID], [Value], [RelatedID], [Sequence], [AddedDate], [UpdatedDate]) VALUES (N'3f13449f-8bae-4638-9a0a-943d0c4307cf', N'21aea506-ffa2-41b6-bf45-ceecbcbac28c', N'1f64e93c-7ee8-40d7-8681-52b56060d750', N'Basidiomycota', NULL, NULL, CAST(0x00009D26011B6CA9 AS DateTime), NULL)
INSERT [cons].[NameProperty] ([NamePropertyID], [NameID], [NameClassPropertyID], [Value], [RelatedID], [Sequence], [AddedDate], [UpdatedDate]) VALUES (N'1e610666-e478-4873-813a-9448d6fa4a32', N'fd7fc34d-2775-4031-a8db-6a30c7768878', N'1f64e93c-7ee8-40d7-8681-52b56060d750', N'Zygnematales', NULL, NULL, CAST(0x00009D26011B6CA9 AS DateTime), NULL)
INSERT [cons].[NameProperty] ([NamePropertyID], [NameID], [NameClassPropertyID], [Value], [RelatedID], [Sequence], [AddedDate], [UpdatedDate]) VALUES (N'70fdcd62-0a23-4756-b4eb-94e5a42f68b7', N'f66f473c-9238-4009-be54-b2944abc9b47', N'a1d57520-3d64-4f7d-97c8-69b449afa280', N'order', NULL, NULL, CAST(0x00009D26011B6CA9 AS DateTime), NULL)
INSERT [cons].[NameProperty] ([NamePropertyID], [NameID], [NameClassPropertyID], [Value], [RelatedID], [Sequence], [AddedDate], [UpdatedDate]) VALUES (N'07997195-0cf2-4b99-9ce2-94f1266bbddd', N'1694549c-fbd7-435d-9236-93d12e646c05', N'1f64e93c-7ee8-40d7-8681-52b56060d750', N'Ulotrichales', NULL, NULL, CAST(0x00009D26011B6CA9 AS DateTime), NULL)
INSERT [cons].[NameProperty] ([NamePropertyID], [NameID], [NameClassPropertyID], [Value], [RelatedID], [Sequence], [AddedDate], [UpdatedDate]) VALUES (N'68af7d39-8abe-4c55-ae00-9619d6709859', N'9ab30f3c-24cc-4db2-886f-2666c2534ec9', N'a1d57520-3d64-4f7d-97c8-69b449afa280', N'class', NULL, NULL, CAST(0x00009D26011B6CA9 AS DateTime), NULL)
INSERT [cons].[NameProperty] ([NamePropertyID], [NameID], [NameClassPropertyID], [Value], [RelatedID], [Sequence], [AddedDate], [UpdatedDate]) VALUES (N'8be29248-62bd-41b6-874e-9693511e94e3', N'ad18065a-63a4-47e3-a53b-d3d243a233f8', N'1f64e93c-7ee8-40d7-8681-52b56060d750', N'Filicopsida', NULL, NULL, CAST(0x00009D26011B6CA9 AS DateTime), NULL)
INSERT [cons].[NameProperty] ([NamePropertyID], [NameID], [NameClassPropertyID], [Value], [RelatedID], [Sequence], [AddedDate], [UpdatedDate]) VALUES (N'e5ebf5cd-080c-40c3-a846-96a3ba244fbd', N'56024c01-cdd4-448a-baad-b04d73f503e0', N'a1d57520-3d64-4f7d-97c8-69b449afa280', N'order', NULL, NULL, CAST(0x00009D26011B6CA9 AS DateTime), NULL)
INSERT [cons].[NameProperty] ([NamePropertyID], [NameID], [NameClassPropertyID], [Value], [RelatedID], [Sequence], [AddedDate], [UpdatedDate]) VALUES (N'39bcbd98-9ec2-43f4-8826-96c5df4316b5', N'af16fead-8c01-4fd9-9339-8581fc123da6', N'1f64e93c-7ee8-40d7-8681-52b56060d750', N'Geraniales', NULL, NULL, CAST(0x00009D26011B6CA9 AS DateTime), NULL)
INSERT [cons].[NameProperty] ([NamePropertyID], [NameID], [NameClassPropertyID], [Value], [RelatedID], [Sequence], [AddedDate], [UpdatedDate]) VALUES (N'edbc03c7-783c-4943-9fbb-98ce2536f1ae', N'7c76e43d-37be-46b0-9513-befca8c7f64f', N'1f64e93c-7ee8-40d7-8681-52b56060d750', N'Equisetopsida', NULL, NULL, CAST(0x00009D26011B6CA9 AS DateTime), NULL)
INSERT [cons].[NameProperty] ([NamePropertyID], [NameID], [NameClassPropertyID], [Value], [RelatedID], [Sequence], [AddedDate], [UpdatedDate]) VALUES (N'09917697-4a67-4801-9d2f-99217042bce8', N'45b2ebda-ff3d-4fc0-a7c9-9df20c1f0b07', N'1f64e93c-7ee8-40d7-8681-52b56060d750', N'Gnetatae', NULL, NULL, CAST(0x00009D26011B6CA9 AS DateTime), NULL)
INSERT [cons].[NameProperty] ([NamePropertyID], [NameID], [NameClassPropertyID], [Value], [RelatedID], [Sequence], [AddedDate], [UpdatedDate]) VALUES (N'fd989bde-f7cb-48d5-b516-992cede0bf5e', N'f60ee738-be53-4591-8169-7106a6de8085', N'1f64e93c-7ee8-40d7-8681-52b56060d750', N'Pertusariales', NULL, NULL, CAST(0x00009D26011B6CA9 AS DateTime), NULL)
INSERT [cons].[NameProperty] ([NamePropertyID], [NameID], [NameClassPropertyID], [Value], [RelatedID], [Sequence], [AddedDate], [UpdatedDate]) VALUES (N'518a07a4-8695-4e71-bb80-99708af6f972', N'dd8bea28-4685-4277-9eac-76aa460366b0', N'1f64e93c-7ee8-40d7-8681-52b56060d750', N'Cornales', NULL, NULL, CAST(0x00009D26011B6CA9 AS DateTime), NULL)
INSERT [cons].[NameProperty] ([NamePropertyID], [NameID], [NameClassPropertyID], [Value], [RelatedID], [Sequence], [AddedDate], [UpdatedDate]) VALUES (N'fd81bb8e-78d6-4649-ae79-9991d5aa347c', N'2d7bda41-ea47-4863-83f7-d2d37bf1400b', N'1f64e93c-7ee8-40d7-8681-52b56060d750', N'Fabales', NULL, NULL, CAST(0x00009D26011B6CA9 AS DateTime), NULL)
INSERT [cons].[NameProperty] ([NamePropertyID], [NameID], [NameClassPropertyID], [Value], [RelatedID], [Sequence], [AddedDate], [UpdatedDate]) VALUES (N'f789c640-33cd-4b6d-8266-9994dcf0b1fb', N'c6be2031-45b3-4075-b98a-4ffe220f061b', N'1f64e93c-7ee8-40d7-8681-52b56060d750', N'Monocleales', NULL, NULL, CAST(0x00009D26011B6CA9 AS DateTime), NULL)
INSERT [cons].[NameProperty] ([NamePropertyID], [NameID], [NameClassPropertyID], [Value], [RelatedID], [Sequence], [AddedDate], [UpdatedDate]) VALUES (N'6fb6c0de-bfa4-48b8-8acc-99dd076851ce', N'3d40e437-60fd-42b3-9567-47770e090583', N'a1d57520-3d64-4f7d-97c8-69b449afa280', N'order', NULL, NULL, CAST(0x00009D26011B6CA9 AS DateTime), NULL)
INSERT [cons].[NameProperty] ([NamePropertyID], [NameID], [NameClassPropertyID], [Value], [RelatedID], [Sequence], [AddedDate], [UpdatedDate]) VALUES (N'61020e79-b899-4baa-b85b-9a4aa7c75f16', N'78cdb4ae-49be-4ce2-b0d5-3bd1b56afbed', N'a1d57520-3d64-4f7d-97c8-69b449afa280', N'none', NULL, NULL, CAST(0x00009D26011B6CA9 AS DateTime), NULL)
INSERT [cons].[NameProperty] ([NamePropertyID], [NameID], [NameClassPropertyID], [Value], [RelatedID], [Sequence], [AddedDate], [UpdatedDate]) VALUES (N'f5dfacfd-00d8-4604-8201-9a85523ca593', N'24d544dd-dec2-424d-9641-c262666b45d6', N'1f64e93c-7ee8-40d7-8681-52b56060d750', N'Polyporales', NULL, NULL, CAST(0x00009D26011B6CA9 AS DateTime), NULL)
INSERT [cons].[NameProperty] ([NamePropertyID], [NameID], [NameClassPropertyID], [Value], [RelatedID], [Sequence], [AddedDate], [UpdatedDate]) VALUES (N'69b5aa14-94a1-4fbc-bc24-9b36fc6dc300', N'5275e8df-8a82-433d-ab04-53799dffd3e4', N'1f64e93c-7ee8-40d7-8681-52b56060d750', N'Myrtales', NULL, NULL, CAST(0x00009D26011B6CA9 AS DateTime), NULL)
INSERT [cons].[NameProperty] ([NamePropertyID], [NameID], [NameClassPropertyID], [Value], [RelatedID], [Sequence], [AddedDate], [UpdatedDate]) VALUES (N'0bbd61da-69bb-4bea-8f3f-9b53a9e4202c', N'61003a1c-157f-4397-9f09-73aeada59d74', N'1f64e93c-7ee8-40d7-8681-52b56060d750', N'Prasiolales', NULL, NULL, CAST(0x00009D26011B6CA9 AS DateTime), NULL)
INSERT [cons].[NameProperty] ([NamePropertyID], [NameID], [NameClassPropertyID], [Value], [RelatedID], [Sequence], [AddedDate], [UpdatedDate]) VALUES (N'b7c6c954-15ba-4298-9be6-9b7ae87d5395', N'bf00c742-25fb-40c0-8997-7f45a2c2769b', N'1f64e93c-7ee8-40d7-8681-52b56060d750', N'Stigonematales', NULL, NULL, CAST(0x00009D26011B6CA9 AS DateTime), NULL)
INSERT [cons].[NameProperty] ([NamePropertyID], [NameID], [NameClassPropertyID], [Value], [RelatedID], [Sequence], [AddedDate], [UpdatedDate]) VALUES (N'0c23cbc1-c03c-4f6e-a928-9c48a07edb2d', N'3ff3d6b9-3f75-4b12-9227-a39e68925d60', N'1f64e93c-7ee8-40d7-8681-52b56060d750', N'Prymnesiophyceae', NULL, NULL, CAST(0x00009D26011B6CA9 AS DateTime), NULL)
INSERT [cons].[NameProperty] ([NamePropertyID], [NameID], [NameClassPropertyID], [Value], [RelatedID], [Sequence], [AddedDate], [UpdatedDate]) VALUES (N'a9e3fd7d-9a7b-42fe-a243-9c783211de4b', N'a1187acd-76f6-427d-9cdb-23492cebb3a4', N'a1d57520-3d64-4f7d-97c8-69b449afa280', N'order', NULL, NULL, CAST(0x00009D26011B6CA9 AS DateTime), NULL)
INSERT [cons].[NameProperty] ([NamePropertyID], [NameID], [NameClassPropertyID], [Value], [RelatedID], [Sequence], [AddedDate], [UpdatedDate]) VALUES (N'280f7dc5-3a55-4dca-a227-9d387a6ba723', N'69f39b05-8e35-46f7-94bf-5e1a85fa2fcb', N'a1d57520-3d64-4f7d-97c8-69b449afa280', N'order', NULL, NULL, CAST(0x00009D26011B6CA9 AS DateTime), NULL)
INSERT [cons].[NameProperty] ([NamePropertyID], [NameID], [NameClassPropertyID], [Value], [RelatedID], [Sequence], [AddedDate], [UpdatedDate]) VALUES (N'c66b1d0c-b420-4a9c-9fea-9eb2493c11d6', N'866a310d-7628-4a31-a306-10b83c268512', N'a1d57520-3d64-4f7d-97c8-69b449afa280', N'order', NULL, NULL, CAST(0x00009D26011B6CA9 AS DateTime), NULL)
INSERT [cons].[NameProperty] ([NamePropertyID], [NameID], [NameClassPropertyID], [Value], [RelatedID], [Sequence], [AddedDate], [UpdatedDate]) VALUES (N'aed7deed-27b4-428b-86a3-a0b7f863e416', N'376582d8-6f03-4e38-ae8c-e88dd41c04cd', N'a1d57520-3d64-4f7d-97c8-69b449afa280', N'Division', NULL, NULL, CAST(0x00009D26011B6CA9 AS DateTime), NULL)
INSERT [cons].[NameProperty] ([NamePropertyID], [NameID], [NameClassPropertyID], [Value], [RelatedID], [Sequence], [AddedDate], [UpdatedDate]) VALUES (N'07952117-f897-43dd-a91d-a100de0a333b', N'db1d2bd9-3890-4147-9970-62f7962fbf30', N'a1d57520-3d64-4f7d-97c8-69b449afa280', N'order', NULL, NULL, CAST(0x00009D26011B6CA9 AS DateTime), NULL)
INSERT [cons].[NameProperty] ([NamePropertyID], [NameID], [NameClassPropertyID], [Value], [RelatedID], [Sequence], [AddedDate], [UpdatedDate]) VALUES (N'3996ec1e-3040-432a-b563-a20b03b9351f', N'40340f9d-7fad-49cf-a8cf-4b8323f776a8', N'1f64e93c-7ee8-40d7-8681-52b56060d750', N'Chlorophyta', NULL, NULL, CAST(0x00009D26011B6CA9 AS DateTime), NULL)
INSERT [cons].[NameProperty] ([NamePropertyID], [NameID], [NameClassPropertyID], [Value], [RelatedID], [Sequence], [AddedDate], [UpdatedDate]) VALUES (N'89b49450-d1ca-4dab-a2f1-a23efaed2cb5', N'4834c263-a91e-4246-aa2e-a61604a088a4', N'1f64e93c-7ee8-40d7-8681-52b56060d750', N'Sordariales', NULL, NULL, CAST(0x00009D26011B6CA9 AS DateTime), NULL)
INSERT [cons].[NameProperty] ([NamePropertyID], [NameID], [NameClassPropertyID], [Value], [RelatedID], [Sequence], [AddedDate], [UpdatedDate]) VALUES (N'cae03f0f-4a52-48a9-95f4-a2b1086fc79c', N'e9d7f8a7-2041-45c9-8e21-14bdde411768', N'c9e19d58-bd92-4f3c-96e8-de7fa6dcd5f7', N'1990', NULL, NULL, CAST(0x00009D26011B6CA9 AS DateTime), NULL)
INSERT [cons].[NameProperty] ([NamePropertyID], [NameID], [NameClassPropertyID], [Value], [RelatedID], [Sequence], [AddedDate], [UpdatedDate]) VALUES (N'6dff97c1-1aff-4ec0-ac61-a4df0ca59cdb', N'6383a8dd-0fcc-420a-9bb8-5985c60cfc0f', N'1f64e93c-7ee8-40d7-8681-52b56060d750', N'Lecythidales', NULL, NULL, CAST(0x00009D26011B6CA9 AS DateTime), NULL)
INSERT [cons].[NameProperty] ([NamePropertyID], [NameID], [NameClassPropertyID], [Value], [RelatedID], [Sequence], [AddedDate], [UpdatedDate]) VALUES (N'86d314c8-5940-401a-bf65-a53c8814639c', N'832a5346-21aa-444b-9574-b1b40dc1a530', N'a1d57520-3d64-4f7d-97c8-69b449afa280', N'order', NULL, NULL, CAST(0x00009D26011B6CA9 AS DateTime), NULL)
INSERT [cons].[NameProperty] ([NamePropertyID], [NameID], [NameClassPropertyID], [Value], [RelatedID], [Sequence], [AddedDate], [UpdatedDate]) VALUES (N'71818530-d2eb-4a40-ad63-a590c67a0aa1', N'20a6ff77-4ce9-4d93-9322-9274261624a3', N'1f64e93c-7ee8-40d7-8681-52b56060d750', N'Microthyriales', NULL, NULL, CAST(0x00009D26011B6CA9 AS DateTime), NULL)
INSERT [cons].[NameProperty] ([NamePropertyID], [NameID], [NameClassPropertyID], [Value], [RelatedID], [Sequence], [AddedDate], [UpdatedDate]) VALUES (N'0d40997b-b265-4e75-9c71-a5e55cba3173', N'69f39b05-8e35-46f7-94bf-5e1a85fa2fcb', N'1f64e93c-7ee8-40d7-8681-52b56060d750', N'Nostocales', NULL, NULL, CAST(0x00009D26011B6CA9 AS DateTime), NULL)
INSERT [cons].[NameProperty] ([NamePropertyID], [NameID], [NameClassPropertyID], [Value], [RelatedID], [Sequence], [AddedDate], [UpdatedDate]) VALUES (N'3a68e1c3-e946-4e41-a941-a64f6b7a5742', N'b1554675-432e-40e1-b51f-b642cb2ea2d4', N'1f64e93c-7ee8-40d7-8681-52b56060d750', N'Calobryales', NULL, NULL, CAST(0x00009D26011B6CA9 AS DateTime), NULL)
INSERT [cons].[NameProperty] ([NamePropertyID], [NameID], [NameClassPropertyID], [Value], [RelatedID], [Sequence], [AddedDate], [UpdatedDate]) VALUES (N'c07fa550-36d5-4056-83cb-a6ca446e05b1', N'2d765b43-4edb-4d07-a23c-eba72a0b9098', N'a1d57520-3d64-4f7d-97c8-69b449afa280', N'order', NULL, NULL, CAST(0x00009D26011B6CA9 AS DateTime), NULL)
INSERT [cons].[NameProperty] ([NamePropertyID], [NameID], [NameClassPropertyID], [Value], [RelatedID], [Sequence], [AddedDate], [UpdatedDate]) VALUES (N'42e9e036-5eaa-4fd4-bf6d-a80d0aeff3b2', N'c0afa263-9a69-49c8-83f1-5d45c9ecfa30', N'a1d57520-3d64-4f7d-97c8-69b449afa280', N'order', NULL, NULL, CAST(0x00009D26011B6CA9 AS DateTime), NULL)
INSERT [cons].[NameProperty] ([NamePropertyID], [NameID], [NameClassPropertyID], [Value], [RelatedID], [Sequence], [AddedDate], [UpdatedDate]) VALUES (N'dcdb91d7-aad7-4ca4-9a7f-a82d1eb0dae3', N'1a37624c-85db-43df-80dc-77b791a77fa1', N'a1d57520-3d64-4f7d-97c8-69b449afa280', N'order', NULL, NULL, CAST(0x00009D26011B6CA9 AS DateTime), NULL)
INSERT [cons].[NameProperty] ([NamePropertyID], [NameID], [NameClassPropertyID], [Value], [RelatedID], [Sequence], [AddedDate], [UpdatedDate]) VALUES (N'56519ac4-52fe-43bb-8e4f-a8890698a83d', N'2c424a80-3bea-424e-98b4-3149ea4fbb90', N'1f64e93c-7ee8-40d7-8681-52b56060d750', N'Verrucariales', NULL, NULL, CAST(0x00009D26011B6CA9 AS DateTime), NULL)
INSERT [cons].[NameProperty] ([NamePropertyID], [NameID], [NameClassPropertyID], [Value], [RelatedID], [Sequence], [AddedDate], [UpdatedDate]) VALUES (N'e23f3b4a-e02f-4cbf-be0e-a8d46d9fea6c', N'07eb9578-eb7a-4625-8ca8-1b95b15a4c7c', N'a1d57520-3d64-4f7d-97c8-69b449afa280', N'order', NULL, NULL, CAST(0x00009D26011B6CA9 AS DateTime), NULL)
INSERT [cons].[NameProperty] ([NamePropertyID], [NameID], [NameClassPropertyID], [Value], [RelatedID], [Sequence], [AddedDate], [UpdatedDate]) VALUES (N'81475f85-21d5-430b-9875-a998df2350a8', N'fa8c095c-2a3d-44b8-8d1a-f9638787045f', N'1f64e93c-7ee8-40d7-8681-52b56060d750', N'Eustigmatophyceae', NULL, NULL, CAST(0x00009D26011B6CA9 AS DateTime), NULL)
INSERT [cons].[NameProperty] ([NamePropertyID], [NameID], [NameClassPropertyID], [Value], [RelatedID], [Sequence], [AddedDate], [UpdatedDate]) VALUES (N'c480a124-dcc2-44cd-b6c6-a9ad312acb02', N'47c41139-805c-42fb-8fb2-95637bab0355', N'a1d57520-3d64-4f7d-97c8-69b449afa280', N'class', NULL, NULL, CAST(0x00009D26011B6CA9 AS DateTime), NULL)
INSERT [cons].[NameProperty] ([NamePropertyID], [NameID], [NameClassPropertyID], [Value], [RelatedID], [Sequence], [AddedDate], [UpdatedDate]) VALUES (N'aa26c68e-e049-4d4c-902f-aa9d57a7e6da', N'4a401b27-2491-4124-9f89-c7a5f278ab5e', N'1f64e93c-7ee8-40d7-8681-52b56060d750', N'Euglenophyta', NULL, NULL, CAST(0x00009D26011B6CA9 AS DateTime), NULL)
INSERT [cons].[NameProperty] ([NamePropertyID], [NameID], [NameClassPropertyID], [Value], [RelatedID], [Sequence], [AddedDate], [UpdatedDate]) VALUES (N'6853c9d3-e605-4606-a721-ab9ced422bcc', N'5eda0650-254c-4ac7-9547-f4d15242353c', N'a1d57520-3d64-4f7d-97c8-69b449afa280', N'order', NULL, NULL, CAST(0x00009D26011B6CA9 AS DateTime), NULL)
INSERT [cons].[NameProperty] ([NamePropertyID], [NameID], [NameClassPropertyID], [Value], [RelatedID], [Sequence], [AddedDate], [UpdatedDate]) VALUES (N'810ab677-3572-4a8b-905b-ac4e60eb2c8a', N'8748aed6-db10-4fdb-aec2-3746b5534906', N'a1d57520-3d64-4f7d-97c8-69b449afa280', N'order', NULL, NULL, CAST(0x00009D26011B6CA9 AS DateTime), NULL)
INSERT [cons].[NameProperty] ([NamePropertyID], [NameID], [NameClassPropertyID], [Value], [RelatedID], [Sequence], [AddedDate], [UpdatedDate]) VALUES (N'0b5c1260-6cd9-4796-8765-ac6c951dda10', N'e410e2a7-77f1-4fcf-90d8-777a69d91d28', N'a1d57520-3d64-4f7d-97c8-69b449afa280', N'class', NULL, NULL, CAST(0x00009D26011B6CA9 AS DateTime), NULL)
INSERT [cons].[NameProperty] ([NamePropertyID], [NameID], [NameClassPropertyID], [Value], [RelatedID], [Sequence], [AddedDate], [UpdatedDate]) VALUES (N'77ac6b27-a605-4cbc-bd2f-ad294ee5645b', N'78cdb4ae-49be-4ce2-b0d5-3bd1b56afbed', N'1f64e93c-7ee8-40d7-8681-52b56060d750', N'biotic', NULL, NULL, CAST(0x00009D26011B6CA9 AS DateTime), NULL)
INSERT [cons].[NameProperty] ([NamePropertyID], [NameID], [NameClassPropertyID], [Value], [RelatedID], [Sequence], [AddedDate], [UpdatedDate]) VALUES (N'b6a92ec9-e3f3-4611-9486-ae7b2a9766f7', N'45873ba0-7c46-4141-bf9d-9ba6ed522889', N'a1d57520-3d64-4f7d-97c8-69b449afa280', N'Division', NULL, NULL, CAST(0x00009D26011B6CA9 AS DateTime), NULL)
INSERT [cons].[NameProperty] ([NamePropertyID], [NameID], [NameClassPropertyID], [Value], [RelatedID], [Sequence], [AddedDate], [UpdatedDate]) VALUES (N'5d97dc2c-f0f4-41c8-b284-b0068544790f', N'468faef9-b63d-4457-9e19-e00825d658dd', N'1f64e93c-7ee8-40d7-8681-52b56060d750', N'Bryophyta', NULL, NULL, CAST(0x00009D26011B6CA9 AS DateTime), NULL)
INSERT [cons].[NameProperty] ([NamePropertyID], [NameID], [NameClassPropertyID], [Value], [RelatedID], [Sequence], [AddedDate], [UpdatedDate]) VALUES (N'732fd8b1-2af2-4497-bde4-b04d153f63e5', N'c5005ddf-ece7-47da-8e91-18145cb690c4', N'a1d57520-3d64-4f7d-97c8-69b449afa280', N'order', NULL, NULL, CAST(0x00009D26011B6CA9 AS DateTime), NULL)
INSERT [cons].[NameProperty] ([NamePropertyID], [NameID], [NameClassPropertyID], [Value], [RelatedID], [Sequence], [AddedDate], [UpdatedDate]) VALUES (N'58e8c998-65e5-46b7-aae0-b09c26903074', N'468faef9-b63d-4457-9e19-e00825d658dd', N'a1d57520-3d64-4f7d-97c8-69b449afa280', N'Division', NULL, NULL, CAST(0x00009D26011B6CA9 AS DateTime), NULL)
INSERT [cons].[NameProperty] ([NamePropertyID], [NameID], [NameClassPropertyID], [Value], [RelatedID], [Sequence], [AddedDate], [UpdatedDate]) VALUES (N'31426f77-2c2e-4ec5-be80-b0f44abb1bca', N'f70d0429-279d-47b4-a5b0-34b9c686393d', N'a1d57520-3d64-4f7d-97c8-69b449afa280', N'order', NULL, NULL, CAST(0x00009D26011B6CA9 AS DateTime), NULL)
INSERT [cons].[NameProperty] ([NamePropertyID], [NameID], [NameClassPropertyID], [Value], [RelatedID], [Sequence], [AddedDate], [UpdatedDate]) VALUES (N'55b95a67-eafc-48cc-aa7b-b2f8a4e110f5', N'ad18065a-63a4-47e3-a53b-d3d243a233f8', N'a1d57520-3d64-4f7d-97c8-69b449afa280', N'class', NULL, NULL, CAST(0x00009D26011B6CA9 AS DateTime), NULL)
INSERT [cons].[NameProperty] ([NamePropertyID], [NameID], [NameClassPropertyID], [Value], [RelatedID], [Sequence], [AddedDate], [UpdatedDate]) VALUES (N'18a41626-201a-432f-91e6-b3cc26efe912', N'56024c01-cdd4-448a-baad-b04d73f503e0', N'1f64e93c-7ee8-40d7-8681-52b56060d750', N'Cyperales', NULL, NULL, CAST(0x00009D26011B6CA9 AS DateTime), NULL)
INSERT [cons].[NameProperty] ([NamePropertyID], [NameID], [NameClassPropertyID], [Value], [RelatedID], [Sequence], [AddedDate], [UpdatedDate]) VALUES (N'aa9db686-1935-49cc-aa9e-b4718af3a379', N'e89db47d-d58a-419e-97c8-1aec22c6a476', N'a1d57520-3d64-4f7d-97c8-69b449afa280', N'order', NULL, NULL, CAST(0x00009D26011B6CA9 AS DateTime), NULL)
INSERT [cons].[NameProperty] ([NamePropertyID], [NameID], [NameClassPropertyID], [Value], [RelatedID], [Sequence], [AddedDate], [UpdatedDate]) VALUES (N'fa714509-e6fa-4ada-abb1-b4f8d9cfe3cd', N'214e7e2f-6232-408e-bd57-90411c770b07', N'a1d57520-3d64-4f7d-97c8-69b449afa280', N'class', NULL, NULL, CAST(0x00009D26011B6CA9 AS DateTime), NULL)
INSERT [cons].[NameProperty] ([NamePropertyID], [NameID], [NameClassPropertyID], [Value], [RelatedID], [Sequence], [AddedDate], [UpdatedDate]) VALUES (N'41115c7e-0ffb-477e-b72f-b55929109c8f', N'4bf4119f-22f6-4a8b-8b2f-46d5247b7d75', N'1f64e93c-7ee8-40d7-8681-52b56060d750', N'Siphonocladales', NULL, NULL, CAST(0x00009D26011B6CA9 AS DateTime), NULL)
INSERT [cons].[NameProperty] ([NamePropertyID], [NameID], [NameClassPropertyID], [Value], [RelatedID], [Sequence], [AddedDate], [UpdatedDate]) VALUES (N'a1c0ad04-23ea-4f4e-b4d7-b5f91b598240', N'e05ca10e-f828-4f27-9a07-83e323e15a83', N'1f64e93c-7ee8-40d7-8681-52b56060d750', N'Patellariales', NULL, NULL, CAST(0x00009D26011B6CA9 AS DateTime), NULL)
INSERT [cons].[NameProperty] ([NamePropertyID], [NameID], [NameClassPropertyID], [Value], [RelatedID], [Sequence], [AddedDate], [UpdatedDate]) VALUES (N'775318bf-c457-41c7-b49c-b67d93bbecd9', N'e0422f26-1826-457f-8b82-7b77fd38ff11', N'a1d57520-3d64-4f7d-97c8-69b449afa280', N'order', NULL, NULL, CAST(0x00009D26011B6CA9 AS DateTime), NULL)
INSERT [cons].[NameProperty] ([NamePropertyID], [NameID], [NameClassPropertyID], [Value], [RelatedID], [Sequence], [AddedDate], [UpdatedDate]) VALUES (N'26f34bdd-441e-4448-b5cc-b71f7b6d5d86', N'c0afa263-9a69-49c8-83f1-5d45c9ecfa30', N'1f64e93c-7ee8-40d7-8681-52b56060d750', N'Hypocreales', NULL, NULL, CAST(0x00009D26011B6CA9 AS DateTime), NULL)
INSERT [cons].[NameProperty] ([NamePropertyID], [NameID], [NameClassPropertyID], [Value], [RelatedID], [Sequence], [AddedDate], [UpdatedDate]) VALUES (N'b2c90d36-5492-43c0-906f-b720151c10f6', N'5895feeb-a95a-4613-8585-9e298e32d2ea', N'1f64e93c-7ee8-40d7-8681-52b56060d750', N'Callitrichales', NULL, NULL, CAST(0x00009D26011B6CA9 AS DateTime), NULL)
INSERT [cons].[NameProperty] ([NamePropertyID], [NameID], [NameClassPropertyID], [Value], [RelatedID], [Sequence], [AddedDate], [UpdatedDate]) VALUES (N'0280ea27-c138-4137-8d8f-b72e9f141bce', N'cb476b61-d7bc-47ec-bf42-b6b5b5689113', N'1f64e93c-7ee8-40d7-8681-52b56060d750', N'Euphorbiales', NULL, NULL, CAST(0x00009D26011B6CA9 AS DateTime), NULL)
INSERT [cons].[NameProperty] ([NamePropertyID], [NameID], [NameClassPropertyID], [Value], [RelatedID], [Sequence], [AddedDate], [UpdatedDate]) VALUES (N'4340ad05-0f32-467f-8940-b7feb8c6c275', N'0bc7ef6a-76b0-48df-8205-f941544b7847', N'1f64e93c-7ee8-40d7-8681-52b56060d750', N'Eucommiales', NULL, NULL, CAST(0x00009D26011B6CA9 AS DateTime), NULL)
INSERT [cons].[NameProperty] ([NamePropertyID], [NameID], [NameClassPropertyID], [Value], [RelatedID], [Sequence], [AddedDate], [UpdatedDate]) VALUES (N'a02461e5-8988-4abc-9ec6-b855e6e18a2e', N'7a54e53b-0374-4398-8783-a76697cbe2be', N'1f64e93c-7ee8-40d7-8681-52b56060d750', N'Laurales', NULL, NULL, CAST(0x00009D26011B6CA9 AS DateTime), NULL)
INSERT [cons].[NameProperty] ([NamePropertyID], [NameID], [NameClassPropertyID], [Value], [RelatedID], [Sequence], [AddedDate], [UpdatedDate]) VALUES (N'53c63081-0364-4794-9d46-b87ce9556458', N'5b2dce23-07d4-49b0-af04-c23aa2d97a7e', N'1f64e93c-7ee8-40d7-8681-52b56060d750', N'Primulales', NULL, NULL, CAST(0x00009D26011B6CA9 AS DateTime), NULL)
INSERT [cons].[NameProperty] ([NamePropertyID], [NameID], [NameClassPropertyID], [Value], [RelatedID], [Sequence], [AddedDate], [UpdatedDate]) VALUES (N'b9853641-0ba2-476a-bdd6-b88248ed1312', N'754b5f42-2f05-4642-b07a-90a96ac1d2fc', N'1f64e93c-7ee8-40d7-8681-52b56060d750', N'Trichotheliales', NULL, NULL, CAST(0x00009D26011B6CA9 AS DateTime), NULL)
INSERT [cons].[NameProperty] ([NamePropertyID], [NameID], [NameClassPropertyID], [Value], [RelatedID], [Sequence], [AddedDate], [UpdatedDate]) VALUES (N'14cd5fb6-675e-4b75-bd5d-b95e540e2dbb', N'171377ff-c03d-4dde-b5c7-b11c02d69a92', N'a1d57520-3d64-4f7d-97c8-69b449afa280', N'order', NULL, NULL, CAST(0x00009D26011B6CA9 AS DateTime), NULL)
INSERT [cons].[NameProperty] ([NamePropertyID], [NameID], [NameClassPropertyID], [Value], [RelatedID], [Sequence], [AddedDate], [UpdatedDate]) VALUES (N'63407d2a-6e30-4515-9d8c-b9bde3e46682', N'a2bf3f53-7a29-44b7-9546-cee8d17e0526', N'a1d57520-3d64-4f7d-97c8-69b449afa280', N'class', NULL, NULL, CAST(0x00009D26011B6CA9 AS DateTime), NULL)
INSERT [cons].[NameProperty] ([NamePropertyID], [NameID], [NameClassPropertyID], [Value], [RelatedID], [Sequence], [AddedDate], [UpdatedDate]) VALUES (N'9c255ec8-c35d-4c6f-9ad1-ba9bf752beb2', N'e63c1f9a-a9eb-4b1e-8e23-6cf96c15fe66', N'a1d57520-3d64-4f7d-97c8-69b449afa280', N'order', NULL, NULL, CAST(0x00009D26011B6CA9 AS DateTime), NULL)
INSERT [cons].[NameProperty] ([NamePropertyID], [NameID], [NameClassPropertyID], [Value], [RelatedID], [Sequence], [AddedDate], [UpdatedDate]) VALUES (N'b30a0059-0284-4c97-986a-bae190deceea', N'73bfc72c-be6f-4060-97d8-e83cc48d7663', N'1f64e93c-7ee8-40d7-8681-52b56060d750', N'Lecanorales', NULL, NULL, CAST(0x00009D26011B6CA9 AS DateTime), NULL)
INSERT [cons].[NameProperty] ([NamePropertyID], [NameID], [NameClassPropertyID], [Value], [RelatedID], [Sequence], [AddedDate], [UpdatedDate]) VALUES (N'1d13a043-53ec-4038-b795-bae72af5fdd4', N'72ca968d-1a3d-4531-bccd-245c6c2c3e87', N'a1d57520-3d64-4f7d-97c8-69b449afa280', N'order', NULL, NULL, CAST(0x00009D26011B6CA9 AS DateTime), NULL)
INSERT [cons].[NameProperty] ([NamePropertyID], [NameID], [NameClassPropertyID], [Value], [RelatedID], [Sequence], [AddedDate], [UpdatedDate]) VALUES (N'a3374955-7306-4169-9041-bb104112eb18', N'f2365633-5d26-45c3-8dfb-6d9a4148d94e', N'a1d57520-3d64-4f7d-97c8-69b449afa280', N'order', NULL, NULL, CAST(0x00009D26011B6CA9 AS DateTime), NULL)
INSERT [cons].[NameProperty] ([NamePropertyID], [NameID], [NameClassPropertyID], [Value], [RelatedID], [Sequence], [AddedDate], [UpdatedDate]) VALUES (N'e5a80cb8-26b1-4f01-bf33-bbe7f813c35a', N'122f4405-9171-4895-b172-761824b7cf62', N'1f64e93c-7ee8-40d7-8681-52b56060d750', N'Mycosphaerellales', NULL, NULL, CAST(0x00009D26011B6CA9 AS DateTime), NULL)
INSERT [cons].[NameProperty] ([NamePropertyID], [NameID], [NameClassPropertyID], [Value], [RelatedID], [Sequence], [AddedDate], [UpdatedDate]) VALUES (N'683f0d21-1f75-4d72-8dc6-bc2482d9ec8f', N'284c31df-a1a6-421b-a95c-bf08db0d3e69', N'1f64e93c-7ee8-40d7-8681-52b56060d750', N'Magnoliophyta', NULL, NULL, CAST(0x00009D26011B6CA9 AS DateTime), NULL)
INSERT [cons].[NameProperty] ([NamePropertyID], [NameID], [NameClassPropertyID], [Value], [RelatedID], [Sequence], [AddedDate], [UpdatedDate]) VALUES (N'3a4bdad0-25ab-4eb7-8037-bc4b59522afe', N'e118be4c-6938-4e7e-b18c-3bd69d3f6684', N'a1d57520-3d64-4f7d-97c8-69b449afa280', N'class', NULL, NULL, CAST(0x00009D26011B6CA9 AS DateTime), NULL)
INSERT [cons].[NameProperty] ([NamePropertyID], [NameID], [NameClassPropertyID], [Value], [RelatedID], [Sequence], [AddedDate], [UpdatedDate]) VALUES (N'63a6eb8a-ae00-4bcc-b2d3-bce2afff1487', N'24d544dd-dec2-424d-9641-c262666b45d6', N'a1d57520-3d64-4f7d-97c8-69b449afa280', N'order', NULL, NULL, CAST(0x00009D26011B6CA9 AS DateTime), NULL)
INSERT [cons].[NameProperty] ([NamePropertyID], [NameID], [NameClassPropertyID], [Value], [RelatedID], [Sequence], [AddedDate], [UpdatedDate]) VALUES (N'e119918f-be11-4bf6-a8bc-bd44e44fd247', N'f4bd221d-bbb2-453e-b7fc-1ef2a4f4e622', N'1f64e93c-7ee8-40d7-8681-52b56060d750', N'Dinococcales', NULL, NULL, CAST(0x00009D26011B6CA9 AS DateTime), NULL)
INSERT [cons].[NameProperty] ([NamePropertyID], [NameID], [NameClassPropertyID], [Value], [RelatedID], [Sequence], [AddedDate], [UpdatedDate]) VALUES (N'c3e07f31-37fc-4741-8414-be8fb89f12b7', N'dcafd6eb-a2c4-4821-b839-e733b94e1aeb', N'1f64e93c-7ee8-40d7-8681-52b56060d750', N'Heterokontophyta', NULL, NULL, CAST(0x00009D26011B6CA9 AS DateTime), NULL)
INSERT [cons].[NameProperty] ([NamePropertyID], [NameID], [NameClassPropertyID], [Value], [RelatedID], [Sequence], [AddedDate], [UpdatedDate]) VALUES (N'8c99048a-f067-45f1-9d30-bebc6b503fbd', N'03bc2876-e095-4024-ba8d-207e50e29bd8', N'1f64e93c-7ee8-40d7-8681-52b56060d750', N'Dinophyta', NULL, NULL, CAST(0x00009D26011B6CA9 AS DateTime), NULL)
INSERT [cons].[NameProperty] ([NamePropertyID], [NameID], [NameClassPropertyID], [Value], [RelatedID], [Sequence], [AddedDate], [UpdatedDate]) VALUES (N'687c0fd0-1cdb-4999-ae93-bef0a18f98d9', N'ee2057de-c9c3-45f9-a6d1-65e313e374c3', N'1f64e93c-7ee8-40d7-8681-52b56060d750', N'Chroococcales', NULL, NULL, CAST(0x00009D26011B6CA9 AS DateTime), NULL)
INSERT [cons].[NameProperty] ([NamePropertyID], [NameID], [NameClassPropertyID], [Value], [RelatedID], [Sequence], [AddedDate], [UpdatedDate]) VALUES (N'db71ba0c-9abb-4f5c-9f27-bf6a812e99e1', N'80152cc0-e097-4702-b8e8-de5537aa0fee', N'1f64e93c-7ee8-40d7-8681-52b56060d750', N'Nymphaeales', NULL, NULL, CAST(0x00009D26011B6CA9 AS DateTime), NULL)
INSERT [cons].[NameProperty] ([NamePropertyID], [NameID], [NameClassPropertyID], [Value], [RelatedID], [Sequence], [AddedDate], [UpdatedDate]) VALUES (N'6640f440-8dfd-4ef9-87b1-c0f94dabbdf3', N'fb7d3ec0-085f-487a-9e8d-0b5fa0c486bd', N'1f64e93c-7ee8-40d7-8681-52b56060d750', N'Agaricomycetes', NULL, NULL, CAST(0x00009D26011B6CA9 AS DateTime), NULL)
INSERT [cons].[NameProperty] ([NamePropertyID], [NameID], [NameClassPropertyID], [Value], [RelatedID], [Sequence], [AddedDate], [UpdatedDate]) VALUES (N'90c42944-bb4b-4dda-8cce-c1ce4415fd96', N'bee8d5f7-7c0f-4873-adc8-c6fecea4f5df', N'a1d57520-3d64-4f7d-97c8-69b449afa280', N'order', NULL, NULL, CAST(0x00009D26011B6CA9 AS DateTime), NULL)
INSERT [cons].[NameProperty] ([NamePropertyID], [NameID], [NameClassPropertyID], [Value], [RelatedID], [Sequence], [AddedDate], [UpdatedDate]) VALUES (N'19437d79-d564-40c9-b50d-c27a8a396537', N'1a514225-c0e5-489f-b8bc-15874bd6f6dc', N'a1d57520-3d64-4f7d-97c8-69b449afa280', N'order', NULL, NULL, CAST(0x00009D26011B6CA9 AS DateTime), NULL)
INSERT [cons].[NameProperty] ([NamePropertyID], [NameID], [NameClassPropertyID], [Value], [RelatedID], [Sequence], [AddedDate], [UpdatedDate]) VALUES (N'9b912a71-210f-45fa-b154-c356d868709a', N'c937267a-f766-460c-995d-f1affb80c631', N'a1d57520-3d64-4f7d-97c8-69b449afa280', N'order', NULL, NULL, CAST(0x00009D26011B6CA9 AS DateTime), NULL)
INSERT [cons].[NameProperty] ([NamePropertyID], [NameID], [NameClassPropertyID], [Value], [RelatedID], [Sequence], [AddedDate], [UpdatedDate]) VALUES (N'affb037f-9744-408e-a32e-c395f8f02662', N'ad42b7f6-19ed-477b-879a-48e271b97aae', N'1f64e93c-7ee8-40d7-8681-52b56060d750', N'Platygloeales', NULL, NULL, CAST(0x00009D26011B6CA9 AS DateTime), NULL)
INSERT [cons].[NameProperty] ([NamePropertyID], [NameID], [NameClassPropertyID], [Value], [RelatedID], [Sequence], [AddedDate], [UpdatedDate]) VALUES (N'd31f41d1-76aa-4244-83a7-c42de2834b25', N'2a35ad7f-f981-460e-b3a2-c1d777152880', N'a1d57520-3d64-4f7d-97c8-69b449afa280', N'order', NULL, NULL, CAST(0x00009D26011B6CA9 AS DateTime), NULL)
INSERT [cons].[NameProperty] ([NamePropertyID], [NameID], [NameClassPropertyID], [Value], [RelatedID], [Sequence], [AddedDate], [UpdatedDate]) VALUES (N'53027075-6ec8-45a9-8850-c4d24eff8e6b', N'02230ce0-0b42-4b3c-9bc9-bf4a34bb5af3', N'a1d57520-3d64-4f7d-97c8-69b449afa280', N'phylum', NULL, NULL, CAST(0x00009D26011B6CA9 AS DateTime), NULL)
INSERT [cons].[NameProperty] ([NamePropertyID], [NameID], [NameClassPropertyID], [Value], [RelatedID], [Sequence], [AddedDate], [UpdatedDate]) VALUES (N'd1098efd-14f7-4459-bc57-c5156c24f9b5', N'f8157e5d-1ba0-4e5a-8fb9-a146cdd0268c', N'a1d57520-3d64-4f7d-97c8-69b449afa280', N'class', NULL, NULL, CAST(0x00009D26011B6CA9 AS DateTime), NULL)
INSERT [cons].[NameProperty] ([NamePropertyID], [NameID], [NameClassPropertyID], [Value], [RelatedID], [Sequence], [AddedDate], [UpdatedDate]) VALUES (N'54fdd5a3-9b35-4773-a793-c533116b08a5', N'e968244e-a475-40c7-af58-48ade6921f27', N'1f64e93c-7ee8-40d7-8681-52b56060d750', N'Mycocaliciales', NULL, NULL, CAST(0x00009D26011B6CA9 AS DateTime), NULL)
INSERT [cons].[NameProperty] ([NamePropertyID], [NameID], [NameClassPropertyID], [Value], [RelatedID], [Sequence], [AddedDate], [UpdatedDate]) VALUES (N'ebf534b2-63b1-4164-af9d-c55413493919', N'0c21ec0f-63ec-4fb0-bc88-fa79ede197cc', N'a1d57520-3d64-4f7d-97c8-69b449afa280', N'class', NULL, NULL, CAST(0x00009D26011B6CA9 AS DateTime), NULL)
INSERT [cons].[NameProperty] ([NamePropertyID], [NameID], [NameClassPropertyID], [Value], [RelatedID], [Sequence], [AddedDate], [UpdatedDate]) VALUES (N'34b081fd-6f6b-447e-bd54-c5a2682e5a12', N'832a5346-21aa-444b-9574-b1b40dc1a530', N'c9e19d58-bd92-4f3c-96e8-de7fa6dcd5f7', N'1962', NULL, NULL, CAST(0x00009D26011B6CA9 AS DateTime), NULL)
INSERT [cons].[NameProperty] ([NamePropertyID], [NameID], [NameClassPropertyID], [Value], [RelatedID], [Sequence], [AddedDate], [UpdatedDate]) VALUES (N'18b508ca-cd04-4be3-95dd-c5cbf642d6e9', N'49e6349c-c6f2-44be-a0d4-eabb8374b94d', N'1f64e93c-7ee8-40d7-8681-52b56060d750', N'Volvocales', NULL, NULL, CAST(0x00009D26011B6CA9 AS DateTime), NULL)
INSERT [cons].[NameProperty] ([NamePropertyID], [NameID], [NameClassPropertyID], [Value], [RelatedID], [Sequence], [AddedDate], [UpdatedDate]) VALUES (N'741483ef-f79e-4eef-ad91-c6cc5f09af1c', N'a8436185-3868-4d48-b9fe-a4bbce1a85a6', N'1f64e93c-7ee8-40d7-8681-52b56060d750', N'Polygonales', NULL, NULL, CAST(0x00009D26011B6CA9 AS DateTime), NULL)
INSERT [cons].[NameProperty] ([NamePropertyID], [NameID], [NameClassPropertyID], [Value], [RelatedID], [Sequence], [AddedDate], [UpdatedDate]) VALUES (N'b25c5c7c-6692-4072-b152-c872019d51e0', N'bf2c56b5-5aff-4c4e-a657-29b739b15bbb', N'a1d57520-3d64-4f7d-97c8-69b449afa280', N'order', NULL, NULL, CAST(0x00009D26011B6CA9 AS DateTime), NULL)
INSERT [cons].[NameProperty] ([NamePropertyID], [NameID], [NameClassPropertyID], [Value], [RelatedID], [Sequence], [AddedDate], [UpdatedDate]) VALUES (N'82b5ac78-634f-43e5-acbe-c946c5391dd6', N'45873ba0-7c46-4141-bf9d-9ba6ed522889', N'1f64e93c-7ee8-40d7-8681-52b56060d750', N'Pteridophyta', NULL, NULL, CAST(0x00009D26011B6CA9 AS DateTime), NULL)
INSERT [cons].[NameProperty] ([NamePropertyID], [NameID], [NameClassPropertyID], [Value], [RelatedID], [Sequence], [AddedDate], [UpdatedDate]) VALUES (N'088586c5-6ac3-403e-9ba0-c9818322a82e', N'd411004d-25f3-428e-b055-14c39d47be0b', N'a1d57520-3d64-4f7d-97c8-69b449afa280', N'order', NULL, NULL, CAST(0x00009D26011B6CA9 AS DateTime), NULL)
INSERT [cons].[NameProperty] ([NamePropertyID], [NameID], [NameClassPropertyID], [Value], [RelatedID], [Sequence], [AddedDate], [UpdatedDate]) VALUES (N'f4666436-d4cf-46a5-8a8b-c99e95a77f67', N'791ee3b4-f01e-4524-aa88-eb813bfde927', N'a1d57520-3d64-4f7d-97c8-69b449afa280', N'class', NULL, NULL, CAST(0x00009D26011B6CA9 AS DateTime), NULL)
INSERT [cons].[NameProperty] ([NamePropertyID], [NameID], [NameClassPropertyID], [Value], [RelatedID], [Sequence], [AddedDate], [UpdatedDate]) VALUES (N'6c1fb2e1-dd1c-4fb0-82f8-cb3c3e449b95', N'5eda0650-254c-4ac7-9547-f4d15242353c', N'1f64e93c-7ee8-40d7-8681-52b56060d750', N'Myricales', NULL, NULL, CAST(0x00009D26011B6CA9 AS DateTime), NULL)
INSERT [cons].[NameProperty] ([NamePropertyID], [NameID], [NameClassPropertyID], [Value], [RelatedID], [Sequence], [AddedDate], [UpdatedDate]) VALUES (N'f626566f-4252-460d-92b6-cb790bed3c6b', N'60580d30-c56a-4bc1-ab08-6f7b53bff111', N'a1d57520-3d64-4f7d-97c8-69b449afa280', N'order', NULL, NULL, CAST(0x00009D26011B6CA9 AS DateTime), NULL)
INSERT [cons].[NameProperty] ([NamePropertyID], [NameID], [NameClassPropertyID], [Value], [RelatedID], [Sequence], [AddedDate], [UpdatedDate]) VALUES (N'e8528bee-af13-497e-9e88-cc56a35a67ef', N'171377ff-c03d-4dde-b5c7-b11c02d69a92', N'1f64e93c-7ee8-40d7-8681-52b56060d750', N'Calycerales', NULL, NULL, CAST(0x00009D26011B6CA9 AS DateTime), NULL)
INSERT [cons].[NameProperty] ([NamePropertyID], [NameID], [NameClassPropertyID], [Value], [RelatedID], [Sequence], [AddedDate], [UpdatedDate]) VALUES (N'15a45d87-24cc-49ca-8202-cc778cb57ea9', N'728442ab-d329-4c96-a1e5-a7c69d418e4d', N'a1d57520-3d64-4f7d-97c8-69b449afa280', N'Division', NULL, NULL, CAST(0x00009D26011B6CA9 AS DateTime), NULL)
INSERT [cons].[NameProperty] ([NamePropertyID], [NameID], [NameClassPropertyID], [Value], [RelatedID], [Sequence], [AddedDate], [UpdatedDate]) VALUES (N'78536d25-5c50-49b0-9c87-cc84ec85d1bd', N'bb7e62a8-8779-4b6b-9233-f0e9842411bf', N'1f64e93c-7ee8-40d7-8681-52b56060d750', N'Dinophyceae', NULL, NULL, CAST(0x00009D26011B6CA9 AS DateTime), NULL)
INSERT [cons].[NameProperty] ([NamePropertyID], [NameID], [NameClassPropertyID], [Value], [RelatedID], [Sequence], [AddedDate], [UpdatedDate]) VALUES (N'09348b17-c8e2-4a3b-8ab6-cca15812364b', N'f66f473c-9238-4009-be54-b2944abc9b47', N'1f64e93c-7ee8-40d7-8681-52b56060d750', N'Batales', NULL, NULL, CAST(0x00009D26011B6CA9 AS DateTime), NULL)
INSERT [cons].[NameProperty] ([NamePropertyID], [NameID], [NameClassPropertyID], [Value], [RelatedID], [Sequence], [AddedDate], [UpdatedDate]) VALUES (N'098e6c44-3ce4-4166-b95f-cd567880258e', N'ceabaf4a-8fb7-4e50-9484-c9e0939a8f36', N'1f64e93c-7ee8-40d7-8681-52b56060d750', N'Ulotrichophyceae', NULL, NULL, CAST(0x00009D26011B6CA9 AS DateTime), NULL)
INSERT [cons].[NameProperty] ([NamePropertyID], [NameID], [NameClassPropertyID], [Value], [RelatedID], [Sequence], [AddedDate], [UpdatedDate]) VALUES (N'8635ea3b-ef96-4164-b3b1-cddcb6686404', N'a933e985-b822-4299-93a9-f7dc2e95d85f', N'1f64e93c-7ee8-40d7-8681-52b56060d750', N'Caliciales', NULL, NULL, CAST(0x00009D26011B6CA9 AS DateTime), NULL)
INSERT [cons].[NameProperty] ([NamePropertyID], [NameID], [NameClassPropertyID], [Value], [RelatedID], [Sequence], [AddedDate], [UpdatedDate]) VALUES (N'1ac3770f-a5a7-40f5-9251-ce19ed23fdfa', N'82f51131-a0ae-476a-a97f-0735acafc7e8', N'a1d57520-3d64-4f7d-97c8-69b449afa280', N'order', NULL, NULL, CAST(0x00009D26011B6CA9 AS DateTime), NULL)
INSERT [cons].[NameProperty] ([NamePropertyID], [NameID], [NameClassPropertyID], [Value], [RelatedID], [Sequence], [AddedDate], [UpdatedDate]) VALUES (N'58b02456-10e5-4ce9-adc0-ced0e4bcb5ae', N'1c1a5f34-fa0f-4302-a100-bbd123a6003f', N'a1d57520-3d64-4f7d-97c8-69b449afa280', N'class', NULL, NULL, CAST(0x00009D26011B6CA9 AS DateTime), NULL)
INSERT [cons].[NameProperty] ([NamePropertyID], [NameID], [NameClassPropertyID], [Value], [RelatedID], [Sequence], [AddedDate], [UpdatedDate]) VALUES (N'a652a02e-4344-4375-8863-cedaa8568f19', N'fbfc405a-2c4b-49f3-8f61-83a069c31f34', N'1f64e93c-7ee8-40d7-8681-52b56060d750', N'Agyriales', NULL, NULL, CAST(0x00009D26011B6CA9 AS DateTime), NULL)
INSERT [cons].[NameProperty] ([NamePropertyID], [NameID], [NameClassPropertyID], [Value], [RelatedID], [Sequence], [AddedDate], [UpdatedDate]) VALUES (N'0717d86d-5c2d-45e1-b15d-cf014d72fb44', N'5865624d-f492-4d75-a44b-3c71135babf4', N'a1d57520-3d64-4f7d-97c8-69b449afa280', N'order', NULL, NULL, CAST(0x00009D26011B6CA9 AS DateTime), NULL)
INSERT [cons].[NameProperty] ([NamePropertyID], [NameID], [NameClassPropertyID], [Value], [RelatedID], [Sequence], [AddedDate], [UpdatedDate]) VALUES (N'8f28a153-9320-4dd5-9e56-cfc9c1fd85da', N'8de5bd73-a9a3-4d26-bc37-89ed167d691c', N'a1d57520-3d64-4f7d-97c8-69b449afa280', N'order', NULL, NULL, CAST(0x00009D26011B6CA9 AS DateTime), NULL)
INSERT [cons].[NameProperty] ([NamePropertyID], [NameID], [NameClassPropertyID], [Value], [RelatedID], [Sequence], [AddedDate], [UpdatedDate]) VALUES (N'f66d3cdd-69b4-4b41-9f1a-cfe6f1392c60', N'5275e8df-8a82-433d-ab04-53799dffd3e4', N'a1d57520-3d64-4f7d-97c8-69b449afa280', N'order', NULL, NULL, CAST(0x00009D26011B6CA9 AS DateTime), NULL)
INSERT [cons].[NameProperty] ([NamePropertyID], [NameID], [NameClassPropertyID], [Value], [RelatedID], [Sequence], [AddedDate], [UpdatedDate]) VALUES (N'96233ce9-fc17-4d0e-8697-d07706d0cc1c', N'4837e5e6-3832-45e0-bb47-d80bc2f9605f', N'1f64e93c-7ee8-40d7-8681-52b56060d750', N'Restionales', NULL, NULL, CAST(0x00009D26011B6CA9 AS DateTime), NULL)
INSERT [cons].[NameProperty] ([NamePropertyID], [NameID], [NameClassPropertyID], [Value], [RelatedID], [Sequence], [AddedDate], [UpdatedDate]) VALUES (N'706cfb2e-ee5c-462b-9aef-d1e19eafcc70', N'8c45fbc3-b4e1-4ce0-addf-8f0d68411cd8', N'1f64e93c-7ee8-40d7-8681-52b56060d750', N'Hysteriales', NULL, NULL, CAST(0x00009D26011B6CA9 AS DateTime), NULL)
INSERT [cons].[NameProperty] ([NamePropertyID], [NameID], [NameClassPropertyID], [Value], [RelatedID], [Sequence], [AddedDate], [UpdatedDate]) VALUES (N'dcc83da0-3443-4aa5-94f5-d1f09fd92d12', N'82f51131-a0ae-476a-a97f-0735acafc7e8', N'1f64e93c-7ee8-40d7-8681-52b56060d750', N'Bicosoecales', NULL, NULL, CAST(0x00009D26011B6CA9 AS DateTime), NULL)
INSERT [cons].[NameProperty] ([NamePropertyID], [NameID], [NameClassPropertyID], [Value], [RelatedID], [Sequence], [AddedDate], [UpdatedDate]) VALUES (N'e49aa8dd-2bdc-4a71-866b-d2f7a9541045', N'bf2c56b5-5aff-4c4e-a657-29b739b15bbb', N'1f64e93c-7ee8-40d7-8681-52b56060d750', N'Capparales', NULL, NULL, CAST(0x00009D26011B6CA9 AS DateTime), NULL)
INSERT [cons].[NameProperty] ([NamePropertyID], [NameID], [NameClassPropertyID], [Value], [RelatedID], [Sequence], [AddedDate], [UpdatedDate]) VALUES (N'3816f14c-4891-4ba8-86ba-d341fe1db8a1', N'c13f23ff-a148-4ac5-9049-dec909bdcb97', N'a1d57520-3d64-4f7d-97c8-69b449afa280', N'order', NULL, NULL, CAST(0x00009D26011B6CA9 AS DateTime), NULL)
INSERT [cons].[NameProperty] ([NamePropertyID], [NameID], [NameClassPropertyID], [Value], [RelatedID], [Sequence], [AddedDate], [UpdatedDate]) VALUES (N'e3e414a9-9875-4ae1-9ae5-d3cb55f73bb2', N'e410e2a7-77f1-4fcf-90d8-777a69d91d28', N'1f64e93c-7ee8-40d7-8681-52b56060d750', N'Liliopsida', NULL, NULL, CAST(0x00009D26011B6CA9 AS DateTime), NULL)
INSERT [cons].[NameProperty] ([NamePropertyID], [NameID], [NameClassPropertyID], [Value], [RelatedID], [Sequence], [AddedDate], [UpdatedDate]) VALUES (N'e881c46e-6cc5-4903-8663-d3e8bf19fc8f', N'58f4758d-1595-4336-b8cd-1c763ef05844', N'a1d57520-3d64-4f7d-97c8-69b449afa280', N'order', NULL, NULL, CAST(0x00009D26011B6CA9 AS DateTime), NULL)
INSERT [cons].[NameProperty] ([NamePropertyID], [NameID], [NameClassPropertyID], [Value], [RelatedID], [Sequence], [AddedDate], [UpdatedDate]) VALUES (N'8b03ccfe-7a1c-4c25-a161-d4c698c6c99a', N'ca673faa-eb8e-46b6-a991-a1c3efe83a2c', N'a1d57520-3d64-4f7d-97c8-69b449afa280', N'order', NULL, NULL, CAST(0x00009D26011B6CA9 AS DateTime), NULL)
INSERT [cons].[NameProperty] ([NamePropertyID], [NameID], [NameClassPropertyID], [Value], [RelatedID], [Sequence], [AddedDate], [UpdatedDate]) VALUES (N'da5cd591-ceef-4005-b94b-d5378c0047e2', N'1629b26f-241b-4096-87a4-005dadf3c065', N'1f64e93c-7ee8-40d7-8681-52b56060d750', N'Ascomycetes', NULL, NULL, CAST(0x00009D26011B6CA9 AS DateTime), NULL)
INSERT [cons].[NameProperty] ([NamePropertyID], [NameID], [NameClassPropertyID], [Value], [RelatedID], [Sequence], [AddedDate], [UpdatedDate]) VALUES (N'4ff6490d-2860-4f7f-9d0b-d55ca918adaa', N'156870d4-9de3-41c3-b937-04b12326cd62', N'1f64e93c-7ee8-40d7-8681-52b56060d750', N'Coscinodiscales', NULL, NULL, CAST(0x00009D26011B6CA9 AS DateTime), NULL)
INSERT [cons].[NameProperty] ([NamePropertyID], [NameID], [NameClassPropertyID], [Value], [RelatedID], [Sequence], [AddedDate], [UpdatedDate]) VALUES (N'bec30d76-97be-4209-a729-d5ac0628b266', N'fe5b0a6e-e4eb-446a-94ee-4ff006440363', N'1f64e93c-7ee8-40d7-8681-52b56060d750', N'Rhizophorales', NULL, NULL, CAST(0x00009D26011B6CA9 AS DateTime), NULL)
INSERT [cons].[NameProperty] ([NamePropertyID], [NameID], [NameClassPropertyID], [Value], [RelatedID], [Sequence], [AddedDate], [UpdatedDate]) VALUES (N'0266846e-9cd3-46d9-b60e-d5c815022d23', N'edf0af86-f13e-43f1-8ba6-499dd661775f', N'a1d57520-3d64-4f7d-97c8-69b449afa280', N'order', NULL, NULL, CAST(0x00009D26011B6CA9 AS DateTime), NULL)
INSERT [cons].[NameProperty] ([NamePropertyID], [NameID], [NameClassPropertyID], [Value], [RelatedID], [Sequence], [AddedDate], [UpdatedDate]) VALUES (N'a1767a9c-8697-4072-bc1b-d5db6751784b', N'3ab99e8d-3854-402a-ae05-7e3c8f4cdb7b', N'1f64e93c-7ee8-40d7-8681-52b56060d750', N'Bacillariophyta', NULL, NULL, CAST(0x00009D26011B6CA9 AS DateTime), NULL)
INSERT [cons].[NameProperty] ([NamePropertyID], [NameID], [NameClassPropertyID], [Value], [RelatedID], [Sequence], [AddedDate], [UpdatedDate]) VALUES (N'75a5356b-c8c4-4b3f-9919-d635d756c95b', N'05ad729f-f03b-41f7-a333-76d7b5d33a23', N'a1d57520-3d64-4f7d-97c8-69b449afa280', N'order', NULL, NULL, CAST(0x00009D26011B6CA9 AS DateTime), NULL)
INSERT [cons].[NameProperty] ([NamePropertyID], [NameID], [NameClassPropertyID], [Value], [RelatedID], [Sequence], [AddedDate], [UpdatedDate]) VALUES (N'3bef909f-ce5a-4ef4-9274-d71ee328327c', N'af16fead-8c01-4fd9-9339-8581fc123da6', N'a1d57520-3d64-4f7d-97c8-69b449afa280', N'order', NULL, NULL, CAST(0x00009D26011B6CA9 AS DateTime), NULL)
INSERT [cons].[NameProperty] ([NamePropertyID], [NameID], [NameClassPropertyID], [Value], [RelatedID], [Sequence], [AddedDate], [UpdatedDate]) VALUES (N'814e180e-0192-4db6-a38b-d7377185d58f', N'56feb1b8-f0e0-454d-9892-4dc68f7feca5', N'a1d57520-3d64-4f7d-97c8-69b449afa280', N'order', NULL, NULL, CAST(0x00009D26011B6CA9 AS DateTime), NULL)
INSERT [cons].[NameProperty] ([NamePropertyID], [NameID], [NameClassPropertyID], [Value], [RelatedID], [Sequence], [AddedDate], [UpdatedDate]) VALUES (N'77a03fbe-ba7b-4e74-8cff-d750c8ead3fb', N'd08cc833-ac87-423f-869a-383aed10aebf', N'a1d57520-3d64-4f7d-97c8-69b449afa280', N'class', NULL, NULL, CAST(0x00009D26011B6CA9 AS DateTime), NULL)
INSERT [cons].[NameProperty] ([NamePropertyID], [NameID], [NameClassPropertyID], [Value], [RelatedID], [Sequence], [AddedDate], [UpdatedDate]) VALUES (N'ec52d00c-8a73-42a0-b53a-d7f03c39d17e', N'8fb43fef-1c13-408d-9e18-0af5c51fe5f7', N'a1d57520-3d64-4f7d-97c8-69b449afa280', N'order', NULL, NULL, CAST(0x00009D26011B6CA9 AS DateTime), NULL)
INSERT [cons].[NameProperty] ([NamePropertyID], [NameID], [NameClassPropertyID], [Value], [RelatedID], [Sequence], [AddedDate], [UpdatedDate]) VALUES (N'6886b0c6-e4a8-4a66-946c-d80cf512198f', N'93515f48-1aab-4aa8-897f-5ebcc69aca6b', N'1f64e93c-7ee8-40d7-8681-52b56060d750', N'Apiales', NULL, NULL, CAST(0x00009D26011B6CA9 AS DateTime), NULL)
INSERT [cons].[NameProperty] ([NamePropertyID], [NameID], [NameClassPropertyID], [Value], [RelatedID], [Sequence], [AddedDate], [UpdatedDate]) VALUES (N'e4c6bda9-0428-46d4-8524-d811106448bb', N'156870d4-9de3-41c3-b937-04b12326cd62', N'a1d57520-3d64-4f7d-97c8-69b449afa280', N'order', NULL, NULL, CAST(0x00009D26011B6CA9 AS DateTime), NULL)
INSERT [cons].[NameProperty] ([NamePropertyID], [NameID], [NameClassPropertyID], [Value], [RelatedID], [Sequence], [AddedDate], [UpdatedDate]) VALUES (N'609d520b-ffd1-4fcf-befd-d86a350ccdd3', N'e0ce828f-ddf7-4ae5-ae0c-125d5c3145d1', N'1f64e93c-7ee8-40d7-8681-52b56060d750', N'Phaeothamniophyceae', NULL, NULL, CAST(0x00009D26011B6CA9 AS DateTime), NULL)
INSERT [cons].[NameProperty] ([NamePropertyID], [NameID], [NameClassPropertyID], [Value], [RelatedID], [Sequence], [AddedDate], [UpdatedDate]) VALUES (N'd4b8d959-a4c7-42e5-bbea-d8855fa2178a', N'39d321aa-3fbf-4d1d-81a7-31004cb84c9f', N'a1d57520-3d64-4f7d-97c8-69b449afa280', N'class', NULL, NULL, CAST(0x00009D26011B6CA9 AS DateTime), NULL)
INSERT [cons].[NameProperty] ([NamePropertyID], [NameID], [NameClassPropertyID], [Value], [RelatedID], [Sequence], [AddedDate], [UpdatedDate]) VALUES (N'ec122471-32e8-4bea-b812-d981e27faa55', N'89bc25fb-3891-4db5-ab80-45c718ed4aff', N'1f64e93c-7ee8-40d7-8681-52b56060d750', N'Lichinales', NULL, NULL, CAST(0x00009D26011B6CA9 AS DateTime), NULL)
INSERT [cons].[NameProperty] ([NamePropertyID], [NameID], [NameClassPropertyID], [Value], [RelatedID], [Sequence], [AddedDate], [UpdatedDate]) VALUES (N'f1d442d3-f903-43c1-aec0-d9e395a99b3d', N'6b411a2b-5f02-46d6-8152-d944816d93bd', N'1f64e93c-7ee8-40d7-8681-52b56060d750', N'Leitneriales', NULL, NULL, CAST(0x00009D26011B6CA9 AS DateTime), NULL)
INSERT [cons].[NameProperty] ([NamePropertyID], [NameID], [NameClassPropertyID], [Value], [RelatedID], [Sequence], [AddedDate], [UpdatedDate]) VALUES (N'e2ea0643-249b-4e45-9aca-d9e6ed6f75f7', N'2121d538-4b42-4849-8a4b-0fa34bd9f7be', N'a1d57520-3d64-4f7d-97c8-69b449afa280', N'order', NULL, NULL, CAST(0x00009D26011B6CA9 AS DateTime), NULL)
INSERT [cons].[NameProperty] ([NamePropertyID], [NameID], [NameClassPropertyID], [Value], [RelatedID], [Sequence], [AddedDate], [UpdatedDate]) VALUES (N'4a4c2f3f-e370-4f24-b7a1-daa6d3147d53', N'1e565a91-b224-4c6d-8b31-4ca0d19e92df', N'1f64e93c-7ee8-40d7-8681-52b56060d750', N'Peridiniales', NULL, NULL, CAST(0x00009D26011B6CA9 AS DateTime), NULL)
INSERT [cons].[NameProperty] ([NamePropertyID], [NameID], [NameClassPropertyID], [Value], [RelatedID], [Sequence], [AddedDate], [UpdatedDate]) VALUES (N'c898723a-934e-418d-a3f9-db054abc5152', N'b72c6764-7883-4308-bb54-dc414484898c', N'a1d57520-3d64-4f7d-97c8-69b449afa280', N'order', NULL, NULL, CAST(0x00009D26011B6CA9 AS DateTime), NULL)
INSERT [cons].[NameProperty] ([NamePropertyID], [NameID], [NameClassPropertyID], [Value], [RelatedID], [Sequence], [AddedDate], [UpdatedDate]) VALUES (N'40dbade1-1069-4d0d-87a6-db43b1657224', N'ad9f9fca-db2c-449a-b977-5dca1a1422ea', N'c9e19d58-bd92-4f3c-96e8-de7fa6dcd5f7', N'1990', NULL, NULL, CAST(0x00009D26011B6CA9 AS DateTime), NULL)
INSERT [cons].[NameProperty] ([NamePropertyID], [NameID], [NameClassPropertyID], [Value], [RelatedID], [Sequence], [AddedDate], [UpdatedDate]) VALUES (N'176c87c2-2484-47da-8e63-dc7e69abfd01', N'5a29b366-015d-4a2c-9831-7b8d8c964ff0', N'1f64e93c-7ee8-40d7-8681-52b56060d750', N'Euglenales', NULL, NULL, CAST(0x00009D26011B6CA9 AS DateTime), NULL)
INSERT [cons].[NameProperty] ([NamePropertyID], [NameID], [NameClassPropertyID], [Value], [RelatedID], [Sequence], [AddedDate], [UpdatedDate]) VALUES (N'47abe321-2b7d-4e52-bc7f-dc8be8423c89', N'bee8d5f7-7c0f-4873-adc8-c6fecea4f5df', N'1f64e93c-7ee8-40d7-8681-52b56060d750', N'Santalales', NULL, NULL, CAST(0x00009D26011B6CA9 AS DateTime), NULL)
INSERT [cons].[NameProperty] ([NamePropertyID], [NameID], [NameClassPropertyID], [Value], [RelatedID], [Sequence], [AddedDate], [UpdatedDate]) VALUES (N'af3d480c-c5e2-49a0-83fc-dcdf050a6d8e', N'791ee3b4-f01e-4524-aa88-eb813bfde927', N'1f64e93c-7ee8-40d7-8681-52b56060d750', N'Synurophyceae', NULL, NULL, CAST(0x00009D26011B6CA9 AS DateTime), NULL)
INSERT [cons].[NameProperty] ([NamePropertyID], [NameID], [NameClassPropertyID], [Value], [RelatedID], [Sequence], [AddedDate], [UpdatedDate]) VALUES (N'6304ad6c-45c5-4ca0-b214-dcf3f81d7823', N'16178edb-d2be-4df4-abda-f37b77b43ad5', N'a1d57520-3d64-4f7d-97c8-69b449afa280', N'order', NULL, NULL, CAST(0x00009D26011B6CA9 AS DateTime), NULL)
INSERT [cons].[NameProperty] ([NamePropertyID], [NameID], [NameClassPropertyID], [Value], [RelatedID], [Sequence], [AddedDate], [UpdatedDate]) VALUES (N'65a07850-7a6c-4636-a32a-dcfd1ede8f94', N'e0932acf-2182-49d3-aa9c-cc649acaf406', N'a1d57520-3d64-4f7d-97c8-69b449afa280', N'order', NULL, NULL, CAST(0x00009D26011B6CA9 AS DateTime), NULL)
INSERT [cons].[NameProperty] ([NamePropertyID], [NameID], [NameClassPropertyID], [Value], [RelatedID], [Sequence], [AddedDate], [UpdatedDate]) VALUES (N'db817564-c976-4a4f-a2fa-dd54962e565b', N'ee35dbea-566d-4aba-a946-f49afde7b225', N'a1d57520-3d64-4f7d-97c8-69b449afa280', N'order', NULL, NULL, CAST(0x00009D26011B6CA9 AS DateTime), NULL)
INSERT [cons].[NameProperty] ([NamePropertyID], [NameID], [NameClassPropertyID], [Value], [RelatedID], [Sequence], [AddedDate], [UpdatedDate]) VALUES (N'b4d91449-1dbb-4e75-be5c-de96bd49120e', N'866a310d-7628-4a31-a306-10b83c268512', N'1f64e93c-7ee8-40d7-8681-52b56060d750', N'Rhizochloridales', NULL, NULL, CAST(0x00009D26011B6CA9 AS DateTime), NULL)
INSERT [cons].[NameProperty] ([NamePropertyID], [NameID], [NameClassPropertyID], [Value], [RelatedID], [Sequence], [AddedDate], [UpdatedDate]) VALUES (N'026e26dd-058e-43eb-a56c-df0dadffbb48', N'20e5d16b-9201-4c4f-bd5f-bb4313c95b2b', N'a1d57520-3d64-4f7d-97c8-69b449afa280', N'order', NULL, NULL, CAST(0x00009D26011B6CA9 AS DateTime), NULL)
INSERT [cons].[NameProperty] ([NamePropertyID], [NameID], [NameClassPropertyID], [Value], [RelatedID], [Sequence], [AddedDate], [UpdatedDate]) VALUES (N'3ff5b9a4-f21e-45ce-bd35-df380d7d5a21', N'e0422f26-1826-457f-8b82-7b77fd38ff11', N'1f64e93c-7ee8-40d7-8681-52b56060d750', N'Piperales', NULL, NULL, CAST(0x00009D26011B6CA9 AS DateTime), NULL)
INSERT [cons].[NameProperty] ([NamePropertyID], [NameID], [NameClassPropertyID], [Value], [RelatedID], [Sequence], [AddedDate], [UpdatedDate]) VALUES (N'bc8b9e42-2b56-41bc-a0c8-e02c670af2c1', N'1697a454-2453-4079-a32f-491e1804e2a8', N'006d86a8-08a5-4c1a-bc08-c07b0225e01b', N'Crawford ', NULL, NULL, CAST(0x00009D26011B6CA9 AS DateTime), NULL)
INSERT [cons].[NameProperty] ([NamePropertyID], [NameID], [NameClassPropertyID], [Value], [RelatedID], [Sequence], [AddedDate], [UpdatedDate]) VALUES (N'ba181a82-e238-417b-8788-e0f8b70149e0', N'a39afaf7-637c-46d6-9a1d-ca0de0d73c87', N'1f64e93c-7ee8-40d7-8681-52b56060d750', N'Glaucophyta', NULL, NULL, CAST(0x00009D26011B6CA9 AS DateTime), NULL)
INSERT [cons].[NameProperty] ([NamePropertyID], [NameID], [NameClassPropertyID], [Value], [RelatedID], [Sequence], [AddedDate], [UpdatedDate]) VALUES (N'a503862b-720b-4dba-93f8-e118e3580562', N'05ad729f-f03b-41f7-a333-76d7b5d33a23', N'1f64e93c-7ee8-40d7-8681-52b56060d750', N'Hibberdiales', NULL, NULL, CAST(0x00009D26011B6CA9 AS DateTime), NULL)
INSERT [cons].[NameProperty] ([NamePropertyID], [NameID], [NameClassPropertyID], [Value], [RelatedID], [Sequence], [AddedDate], [UpdatedDate]) VALUES (N'1ec08968-cb66-48ac-8b2e-e13b5050933c', N'fa7fca76-3fe1-41d2-b23d-52f25a3d7fe5', N'a1d57520-3d64-4f7d-97c8-69b449afa280', N'order', NULL, NULL, CAST(0x00009D26011B6CA9 AS DateTime), NULL)
INSERT [cons].[NameProperty] ([NamePropertyID], [NameID], [NameClassPropertyID], [Value], [RelatedID], [Sequence], [AddedDate], [UpdatedDate]) VALUES (N'794e061e-39bf-4c2e-8b26-e3ca014bdeb2', N'21323143-8282-46ab-8b38-4ebc4711748a', N'a1d57520-3d64-4f7d-97c8-69b449afa280', N'order', NULL, NULL, CAST(0x00009D26011B6CA9 AS DateTime), NULL)
INSERT [cons].[NameProperty] ([NamePropertyID], [NameID], [NameClassPropertyID], [Value], [RelatedID], [Sequence], [AddedDate], [UpdatedDate]) VALUES (N'ecbe02c6-dbf3-450f-9f83-e43f8a842a56', N'07eb9578-eb7a-4625-8ca8-1b95b15a4c7c', N'1f64e93c-7ee8-40d7-8681-52b56060d750', N'Haloragales', NULL, NULL, CAST(0x00009D26011B6CA9 AS DateTime), NULL)
INSERT [cons].[NameProperty] ([NamePropertyID], [NameID], [NameClassPropertyID], [Value], [RelatedID], [Sequence], [AddedDate], [UpdatedDate]) VALUES (N'f109cbd5-f745-482c-bfdd-e47e75028857', N'3e350b89-19f0-45c1-b734-142e5b431850', N'a1d57520-3d64-4f7d-97c8-69b449afa280', N'order', NULL, NULL, CAST(0x00009D26011B6CA9 AS DateTime), NULL)
INSERT [cons].[NameProperty] ([NamePropertyID], [NameID], [NameClassPropertyID], [Value], [RelatedID], [Sequence], [AddedDate], [UpdatedDate]) VALUES (N'79841143-36a8-4fe2-9270-e4860fa7cfca', N'bbb6e350-5ec7-4b98-ae89-2fe9a1559712', N'a1d57520-3d64-4f7d-97c8-69b449afa280', N'class', NULL, NULL, CAST(0x00009D26011B6CA9 AS DateTime), NULL)
INSERT [cons].[NameProperty] ([NamePropertyID], [NameID], [NameClassPropertyID], [Value], [RelatedID], [Sequence], [AddedDate], [UpdatedDate]) VALUES (N'60fac15d-3771-4b2c-809d-e4fc26345331', N'89bc25fb-3891-4db5-ab80-45c718ed4aff', N'a1d57520-3d64-4f7d-97c8-69b449afa280', N'order', NULL, NULL, CAST(0x00009D26011B6CA9 AS DateTime), NULL)
INSERT [cons].[NameProperty] ([NamePropertyID], [NameID], [NameClassPropertyID], [Value], [RelatedID], [Sequence], [AddedDate], [UpdatedDate]) VALUES (N'7aec89c1-fba4-47fc-ac78-e637f1369452', N'c67b829b-cd86-4d86-9c97-50398dbf5d68', N'a1d57520-3d64-4f7d-97c8-69b449afa280', N'phylum', NULL, NULL, CAST(0x00009D26011B6CA9 AS DateTime), NULL)
INSERT [cons].[NameProperty] ([NamePropertyID], [NameID], [NameClassPropertyID], [Value], [RelatedID], [Sequence], [AddedDate], [UpdatedDate]) VALUES (N'cd4e3aa0-1c0f-4949-978b-e7178011226d', N'440a5c74-9fb3-4347-8237-e6ff51b8589e', N'1f64e93c-7ee8-40d7-8681-52b56060d750', N'Lycopsida', NULL, NULL, CAST(0x00009D26011B6CA9 AS DateTime), NULL)
INSERT [cons].[NameProperty] ([NamePropertyID], [NameID], [NameClassPropertyID], [Value], [RelatedID], [Sequence], [AddedDate], [UpdatedDate]) VALUES (N'df246942-ce3b-4fee-8af8-e71877544b16', N'353b5534-269e-43fc-b6b0-914bb0c04f78', N'1f64e93c-7ee8-40d7-8681-52b56060d750', N'Salicales', NULL, NULL, CAST(0x00009D26011B6CA9 AS DateTime), NULL)
INSERT [cons].[NameProperty] ([NamePropertyID], [NameID], [NameClassPropertyID], [Value], [RelatedID], [Sequence], [AddedDate], [UpdatedDate]) VALUES (N'59b0389a-f7e9-4481-87fc-e74cd4c93015', N'1a37624c-85db-43df-80dc-77b791a77fa1', N'1f64e93c-7ee8-40d7-8681-52b56060d750', N'Corticales', NULL, NULL, CAST(0x00009D26011B6CA9 AS DateTime), NULL)
INSERT [cons].[NameProperty] ([NamePropertyID], [NameID], [NameClassPropertyID], [Value], [RelatedID], [Sequence], [AddedDate], [UpdatedDate]) VALUES (N'2c242c4a-ce62-468d-87a9-e7d9e9f23446', N'e48fd377-7381-49ae-b74d-cb3353ff0a79', N'a1d57520-3d64-4f7d-97c8-69b449afa280', N'none', NULL, NULL, CAST(0x00009D26011B6CA9 AS DateTime), NULL)
INSERT [cons].[NameProperty] ([NamePropertyID], [NameID], [NameClassPropertyID], [Value], [RelatedID], [Sequence], [AddedDate], [UpdatedDate]) VALUES (N'82959e41-6e72-4031-a6a0-e94b36ad067d', N'54ea86af-d347-446a-9bea-1f8393ad32ef', N'a1d57520-3d64-4f7d-97c8-69b449afa280', N'class', NULL, NULL, CAST(0x00009D26011B6CA9 AS DateTime), NULL)
INSERT [cons].[NameProperty] ([NamePropertyID], [NameID], [NameClassPropertyID], [Value], [RelatedID], [Sequence], [AddedDate], [UpdatedDate]) VALUES (N'2140d4bf-4920-4b56-a61d-e9e6ce40b782', N'e48fd377-7381-49ae-b74d-cb3353ff0a79', N'1f64e93c-7ee8-40d7-8681-52b56060d750', N'ROOT', NULL, NULL, CAST(0x00009D26011B6CA9 AS DateTime), NULL)
INSERT [cons].[NameProperty] ([NamePropertyID], [NameID], [NameClassPropertyID], [Value], [RelatedID], [Sequence], [AddedDate], [UpdatedDate]) VALUES (N'3bd5ef10-fce8-4311-93f8-eba76b2ab5b3', N'7b5b90cc-b1ad-4ddd-9bea-3140b3723f04', N'006d86a8-08a5-4c1a-bc08-c07b0225e01b', N'Round & Crawford ', NULL, NULL, CAST(0x00009D26011B6CA9 AS DateTime), NULL)
INSERT [cons].[NameProperty] ([NamePropertyID], [NameID], [NameClassPropertyID], [Value], [RelatedID], [Sequence], [AddedDate], [UpdatedDate]) VALUES (N'ee488581-aa6b-401a-8911-ebded2081955', N'd6c9fd8a-ce35-4841-aa77-de43c2c4d712', N'c9e19d58-bd92-4f3c-96e8-de7fa6dcd5f7', N'1990', NULL, NULL, CAST(0x00009D26011B6CA9 AS DateTime), NULL)
INSERT [cons].[NameProperty] ([NamePropertyID], [NameID], [NameClassPropertyID], [Value], [RelatedID], [Sequence], [AddedDate], [UpdatedDate]) VALUES (N'714077c1-3b13-4f1e-914c-ec8e6fa487b0', N'1697a454-2453-4079-a32f-491e1804e2a8', N'c9e19d58-bd92-4f3c-96e8-de7fa6dcd5f7', N'1990', NULL, NULL, CAST(0x00009D26011B6CA9 AS DateTime), NULL)
INSERT [cons].[NameProperty] ([NamePropertyID], [NameID], [NameClassPropertyID], [Value], [RelatedID], [Sequence], [AddedDate], [UpdatedDate]) VALUES (N'009c9033-d00e-4142-8d98-ed4738dbbf06', N'3409223d-a7e4-4b49-899b-4d644622ab4f', N'a1d57520-3d64-4f7d-97c8-69b449afa280', N'order', NULL, NULL, CAST(0x00009D26011B6CA9 AS DateTime), NULL)
INSERT [cons].[NameProperty] ([NamePropertyID], [NameID], [NameClassPropertyID], [Value], [RelatedID], [Sequence], [AddedDate], [UpdatedDate]) VALUES (N'0949ba1e-343f-4adc-831b-edd95ab7ec00', N'd411004d-25f3-428e-b055-14c39d47be0b', N'1f64e93c-7ee8-40d7-8681-52b56060d750', N'Cryptomonadales', NULL, NULL, CAST(0x00009D26011B6CA9 AS DateTime), NULL)
INSERT [cons].[NameProperty] ([NamePropertyID], [NameID], [NameClassPropertyID], [Value], [RelatedID], [Sequence], [AddedDate], [UpdatedDate]) VALUES (N'38c030f0-b6f0-4fc1-a244-ede893af9d60', N'628a5546-89a0-49b8-b3a4-15a5c347b598', N'a1d57520-3d64-4f7d-97c8-69b449afa280', N'class', NULL, NULL, CAST(0x00009D26011B6CA9 AS DateTime), NULL)
INSERT [cons].[NameProperty] ([NamePropertyID], [NameID], [NameClassPropertyID], [Value], [RelatedID], [Sequence], [AddedDate], [UpdatedDate]) VALUES (N'04b27a84-672b-4a24-bdeb-ee74cd52deea', N'e4d18d85-9112-4a1c-b890-0e115450c71b', N'1f64e93c-7ee8-40d7-8681-52b56060d750', N'Oscillatoriales', NULL, NULL, CAST(0x00009D26011B6CA9 AS DateTime), NULL)
INSERT [cons].[NameProperty] ([NamePropertyID], [NameID], [NameClassPropertyID], [Value], [RelatedID], [Sequence], [AddedDate], [UpdatedDate]) VALUES (N'989e4064-24ae-4c49-b389-eef09589a273', N'ee35dbea-566d-4aba-a946-f49afde7b225', N'1f64e93c-7ee8-40d7-8681-52b56060d750', N'Casuarinales', NULL, NULL, CAST(0x00009D26011B6CA9 AS DateTime), NULL)
INSERT [cons].[NameProperty] ([NamePropertyID], [NameID], [NameClassPropertyID], [Value], [RelatedID], [Sequence], [AddedDate], [UpdatedDate]) VALUES (N'382f46cf-5c30-45ef-9943-ef332d50855b', N'6d351a09-999c-488c-a25e-9e100ae59924', N'1f64e93c-7ee8-40d7-8681-52b56060d750', N'Oedogoniales', NULL, NULL, CAST(0x00009D26011B6CA9 AS DateTime), NULL)
INSERT [cons].[NameProperty] ([NamePropertyID], [NameID], [NameClassPropertyID], [Value], [RelatedID], [Sequence], [AddedDate], [UpdatedDate]) VALUES (N'711b0785-3fd2-430b-9dff-efa283dce079', N'cc2115ad-ac5e-40d5-8815-32f5a0c72731', N'a1d57520-3d64-4f7d-97c8-69b449afa280', N'order', NULL, NULL, CAST(0x00009D26011B6CA9 AS DateTime), NULL)
INSERT [cons].[NameProperty] ([NamePropertyID], [NameID], [NameClassPropertyID], [Value], [RelatedID], [Sequence], [AddedDate], [UpdatedDate]) VALUES (N'333c2219-6f47-414e-8bb8-f08317ae7136', N'936efa4a-ad5a-4956-bd18-9b6dbcfe6a9d', N'a1d57520-3d64-4f7d-97c8-69b449afa280', N'order', NULL, NULL, CAST(0x00009D26011B6CA9 AS DateTime), NULL)
INSERT [cons].[NameProperty] ([NamePropertyID], [NameID], [NameClassPropertyID], [Value], [RelatedID], [Sequence], [AddedDate], [UpdatedDate]) VALUES (N'c2658bf7-4ea9-4de7-83e4-f1104233c7bd', N'3ff3d6b9-3f75-4b12-9227-a39e68925d60', N'a1d57520-3d64-4f7d-97c8-69b449afa280', N'class', NULL, NULL, CAST(0x00009D26011B6CA9 AS DateTime), NULL)
INSERT [cons].[NameProperty] ([NamePropertyID], [NameID], [NameClassPropertyID], [Value], [RelatedID], [Sequence], [AddedDate], [UpdatedDate]) VALUES (N'7a898b65-91c7-4c24-8fe2-f1a3fb4feef5', N'0d28e84a-19ec-463b-9680-488d12fc1d03', N'a1d57520-3d64-4f7d-97c8-69b449afa280', N'order', NULL, NULL, CAST(0x00009D26011B6CA9 AS DateTime), NULL)
INSERT [cons].[NameProperty] ([NamePropertyID], [NameID], [NameClassPropertyID], [Value], [RelatedID], [Sequence], [AddedDate], [UpdatedDate]) VALUES (N'278cbc2a-6fc3-4ba6-845d-f386f937cc69', N'1697a454-2453-4079-a32f-491e1804e2a8', N'a1d57520-3d64-4f7d-97c8-69b449afa280', N'order', NULL, NULL, CAST(0x00009D26011B6CA9 AS DateTime), NULL)
INSERT [cons].[NameProperty] ([NamePropertyID], [NameID], [NameClassPropertyID], [Value], [RelatedID], [Sequence], [AddedDate], [UpdatedDate]) VALUES (N'0a869250-570b-4431-93d0-f3a33f3fe6bb', N'528465d5-69c1-4f15-9381-b9b288ffaf07', N'1f64e93c-7ee8-40d7-8681-52b56060d750', N'Ostropales', NULL, NULL, CAST(0x00009D26011B6CA9 AS DateTime), NULL)
INSERT [cons].[NameProperty] ([NamePropertyID], [NameID], [NameClassPropertyID], [Value], [RelatedID], [Sequence], [AddedDate], [UpdatedDate]) VALUES (N'9e64df83-51db-439b-8609-f407c1f357f4', N'56618d13-8d96-4b0e-a364-03f5cad49bee', N'1f64e93c-7ee8-40d7-8681-52b56060d750', N'Juncales', NULL, NULL, CAST(0x00009D26011B6CA9 AS DateTime), NULL)
INSERT [cons].[NameProperty] ([NamePropertyID], [NameID], [NameClassPropertyID], [Value], [RelatedID], [Sequence], [AddedDate], [UpdatedDate]) VALUES (N'1a655b81-891f-4414-b92a-f48966256ec6', N'4c9aaf32-2475-4db8-b68d-cb3287fb97d6', N'a1d57520-3d64-4f7d-97c8-69b449afa280', N'order', NULL, NULL, CAST(0x00009D26011B6CA9 AS DateTime), NULL)
INSERT [cons].[NameProperty] ([NamePropertyID], [NameID], [NameClassPropertyID], [Value], [RelatedID], [Sequence], [AddedDate], [UpdatedDate]) VALUES (N'1aaffb77-293f-40f3-847f-f493f504001d', N'ad3ada71-589b-4160-831f-d289cbfe974d', N'1f64e93c-7ee8-40d7-8681-52b56060d750', N'Plantae', NULL, NULL, CAST(0x00009D26011B6CA9 AS DateTime), NULL)
INSERT [cons].[NameProperty] ([NamePropertyID], [NameID], [NameClassPropertyID], [Value], [RelatedID], [Sequence], [AddedDate], [UpdatedDate]) VALUES (N'c426b41e-5490-4db1-aab5-f49bf0a6a790', N'76c933da-c054-453d-acab-2440ac26aa81', N'a1d57520-3d64-4f7d-97c8-69b449afa280', N'order', NULL, NULL, CAST(0x00009D26011B6CA9 AS DateTime), NULL)
INSERT [cons].[NameProperty] ([NamePropertyID], [NameID], [NameClassPropertyID], [Value], [RelatedID], [Sequence], [AddedDate], [UpdatedDate]) VALUES (N'4794b98c-23fa-425b-9763-f528c2c1eed1', N'69042b0c-3b87-45e5-aa30-94715c09cd32', N'a1d57520-3d64-4f7d-97c8-69b449afa280', N'order', NULL, NULL, CAST(0x00009D26011B6CA9 AS DateTime), NULL)
INSERT [cons].[NameProperty] ([NamePropertyID], [NameID], [NameClassPropertyID], [Value], [RelatedID], [Sequence], [AddedDate], [UpdatedDate]) VALUES (N'd4673056-fa72-4647-96bd-f618e6d6954f', N'e9d7f8a7-2041-45c9-8e21-14bdde411768', N'006d86a8-08a5-4c1a-bc08-c07b0225e01b', N'Round & Crawford ', NULL, NULL, CAST(0x00009D26011B6CA9 AS DateTime), NULL)
INSERT [cons].[NameProperty] ([NamePropertyID], [NameID], [NameClassPropertyID], [Value], [RelatedID], [Sequence], [AddedDate], [UpdatedDate]) VALUES (N'f435ecc6-15bc-44be-827a-f6a14067cf50', N'802f604a-74a3-4a11-9c4c-d9aebe6d49db', N'a1d57520-3d64-4f7d-97c8-69b449afa280', N'order', NULL, NULL, CAST(0x00009D26011B6CA9 AS DateTime), NULL)
INSERT [cons].[NameProperty] ([NamePropertyID], [NameID], [NameClassPropertyID], [Value], [RelatedID], [Sequence], [AddedDate], [UpdatedDate]) VALUES (N'09861a85-8270-4f62-ba89-f6ef3cc06c74', N'f5857011-8472-4501-b8a3-3ccb7e6e5b9e', N'1f64e93c-7ee8-40d7-8681-52b56060d750', N'Juglandales', NULL, NULL, CAST(0x00009D26011B6CA9 AS DateTime), NULL)
INSERT [cons].[NameProperty] ([NamePropertyID], [NameID], [NameClassPropertyID], [Value], [RelatedID], [Sequence], [AddedDate], [UpdatedDate]) VALUES (N'ad55e71f-7e37-4565-9c4f-f7237353f01a', N'c67b829b-cd86-4d86-9c97-50398dbf5d68', N'1f64e93c-7ee8-40d7-8681-52b56060d750', N'Incertae sedis', NULL, NULL, CAST(0x00009D26011B6CA9 AS DateTime), NULL)
INSERT [cons].[NameProperty] ([NamePropertyID], [NameID], [NameClassPropertyID], [Value], [RelatedID], [Sequence], [AddedDate], [UpdatedDate]) VALUES (N'a867929d-9e50-4d7e-8def-f738726e59ae', N'93515f48-1aab-4aa8-897f-5ebcc69aca6b', N'a1d57520-3d64-4f7d-97c8-69b449afa280', N'order', NULL, NULL, CAST(0x00009D26011B6CA9 AS DateTime), NULL)
INSERT [cons].[NameProperty] ([NamePropertyID], [NameID], [NameClassPropertyID], [Value], [RelatedID], [Sequence], [AddedDate], [UpdatedDate]) VALUES (N'c297217b-855f-46c8-8878-f79304b18c04', N'99d3227d-9c72-40b4-aab5-1b24c5ca93ba', N'1f64e93c-7ee8-40d7-8681-52b56060d750', N'Arthoniales', NULL, NULL, CAST(0x00009D26011B6CA9 AS DateTime), NULL)
INSERT [cons].[NameProperty] ([NamePropertyID], [NameID], [NameClassPropertyID], [Value], [RelatedID], [Sequence], [AddedDate], [UpdatedDate]) VALUES (N'cbcb39b4-c953-40e5-947f-f8eab5f4b774', N'72ca968d-1a3d-4531-bccd-245c6c2c3e87', N'006d86a8-08a5-4c1a-bc08-c07b0225e01b', N'Crawford ', NULL, NULL, CAST(0x00009D26011B6CA9 AS DateTime), NULL)
INSERT [cons].[NameProperty] ([NamePropertyID], [NameID], [NameClassPropertyID], [Value], [RelatedID], [Sequence], [AddedDate], [UpdatedDate]) VALUES (N'17683bbf-f424-4656-bf43-f97613ae0437', N'f5857011-8472-4501-b8a3-3ccb7e6e5b9e', N'a1d57520-3d64-4f7d-97c8-69b449afa280', N'order', NULL, NULL, CAST(0x00009D26011B6CA9 AS DateTime), NULL)
INSERT [cons].[NameProperty] ([NamePropertyID], [NameID], [NameClassPropertyID], [Value], [RelatedID], [Sequence], [AddedDate], [UpdatedDate]) VALUES (N'b1e0e7af-6ce0-499e-89b2-fadffa105163', N'c937267a-f766-460c-995d-f1affb80c631', N'1f64e93c-7ee8-40d7-8681-52b56060d750', N'Alismatales', NULL, NULL, CAST(0x00009D26011B6CA9 AS DateTime), NULL)
INSERT [cons].[NameProperty] ([NamePropertyID], [NameID], [NameClassPropertyID], [Value], [RelatedID], [Sequence], [AddedDate], [UpdatedDate]) VALUES (N'0a3f81f3-8130-48cb-aab8-fb4f2f2ea2a2', N'fbfc405a-2c4b-49f3-8f61-83a069c31f34', N'a1d57520-3d64-4f7d-97c8-69b449afa280', N'order', NULL, NULL, CAST(0x00009D26011B6CA9 AS DateTime), NULL)
INSERT [cons].[NameProperty] ([NamePropertyID], [NameID], [NameClassPropertyID], [Value], [RelatedID], [Sequence], [AddedDate], [UpdatedDate]) VALUES (N'f0c09c3f-f93d-46bb-81d7-fb5607e15789', N'7877d7d8-517e-419f-bc13-75a37682d97e', N'1f64e93c-7ee8-40d7-8681-52b56060d750', N'Ranunculales', NULL, NULL, CAST(0x00009D26011B6CA9 AS DateTime), NULL)
INSERT [cons].[NameProperty] ([NamePropertyID], [NameID], [NameClassPropertyID], [Value], [RelatedID], [Sequence], [AddedDate], [UpdatedDate]) VALUES (N'1c389a65-7e44-4526-8671-fba44f8acfa6', N'18b4bae0-8065-45c8-a2c3-d3f8a7efb871', N'a1d57520-3d64-4f7d-97c8-69b449afa280', N'order', NULL, NULL, CAST(0x00009D26011B6CA9 AS DateTime), NULL)
INSERT [cons].[NameProperty] ([NamePropertyID], [NameID], [NameClassPropertyID], [Value], [RelatedID], [Sequence], [AddedDate], [UpdatedDate]) VALUES (N'7397c89b-5784-4007-be13-fbde307cb454', N'1001deea-4c40-4b48-92d9-d1660cff2536', N'1f64e93c-7ee8-40d7-8681-52b56060d750', N'Rhamnales', NULL, NULL, CAST(0x00009D26011B6CA9 AS DateTime), NULL)
INSERT [cons].[NameProperty] ([NamePropertyID], [NameID], [NameClassPropertyID], [Value], [RelatedID], [Sequence], [AddedDate], [UpdatedDate]) VALUES (N'3750ac2e-2b31-43ad-b5a1-fd09c080c6d7', N'e58f90d3-5187-4be9-adba-304833bd3244', N'a1d57520-3d64-4f7d-97c8-69b449afa280', N'order', NULL, NULL, CAST(0x00009D26011B6CA9 AS DateTime), NULL)
INSERT [cons].[NameProperty] ([NamePropertyID], [NameID], [NameClassPropertyID], [Value], [RelatedID], [Sequence], [AddedDate], [UpdatedDate]) VALUES (N'dc360dd2-10da-4377-8b33-fd3cbf97f8e3', N'29634d18-4e8d-41f8-bd4a-ce140692ab48', N'1f64e93c-7ee8-40d7-8681-52b56060d750', N'Hydrocharitales', NULL, NULL, CAST(0x00009D26011B6CA9 AS DateTime), NULL)
INSERT [cons].[NameProperty] ([NamePropertyID], [NameID], [NameClassPropertyID], [Value], [RelatedID], [Sequence], [AddedDate], [UpdatedDate]) VALUES (N'2028f69e-27df-4126-878b-fd993f18c33a', N'ffb3ade9-fd21-4f70-9255-8c290c19a073', N'a1d57520-3d64-4f7d-97c8-69b449afa280', N'order', NULL, NULL, CAST(0x00009D26011B6CA9 AS DateTime), NULL)
INSERT [cons].[NameProperty] ([NamePropertyID], [NameID], [NameClassPropertyID], [Value], [RelatedID], [Sequence], [AddedDate], [UpdatedDate]) VALUES (N'6681ba03-de5b-4b39-b523-fde8d0310ae7', N'ed2b29b1-413d-43b8-a106-9bebd9e0a4c9', N'1f64e93c-7ee8-40d7-8681-52b56060d750', N'Chaetothyriales', NULL, NULL, CAST(0x00009D26011B6CA9 AS DateTime), NULL)
INSERT [cons].[NameProperty] ([NamePropertyID], [NameID], [NameClassPropertyID], [Value], [RelatedID], [Sequence], [AddedDate], [UpdatedDate]) VALUES (N'8220ea93-7cc2-4858-b162-feb277654046', N'd8b7b09a-8269-43a9-b4e9-c318f4f3cc6e', N'1f64e93c-7ee8-40d7-8681-52b56060d750', N'Agaricales', NULL, NULL, CAST(0x00009D26011B6CA9 AS DateTime), NULL)
INSERT [cons].[NameProperty] ([NamePropertyID], [NameID], [NameClassPropertyID], [Value], [RelatedID], [Sequence], [AddedDate], [UpdatedDate]) VALUES (N'f3fb64e3-08c6-4d30-92b1-feed22dea95e', N'5d78c9de-9389-48c4-8882-0a6eb467aecf', N'a1d57520-3d64-4f7d-97c8-69b449afa280', N'order', NULL, NULL, CAST(0x00009D26011B6CA9 AS DateTime), NULL)
INSERT [cons].[NameProperty] ([NamePropertyID], [NameID], [NameClassPropertyID], [Value], [RelatedID], [Sequence], [AddedDate], [UpdatedDate]) VALUES (N'70addb9e-272c-4637-9da7-ffb2a87f89cc', N'6047f458-3f93-4a7b-bc60-c45171be8cbb', N'1f64e93c-7ee8-40d7-8681-52b56060d750', N'Pinatae', NULL, NULL, CAST(0x00009D26011B6CA9 AS DateTime), NULL)


--cons.Concept
INSERT [cons].[Concept] ([ConceptID], [NameID], [AccordingToReferenceID], [Orthography], [AddedDate], [UpdatedDate]) VALUES (N'443e9815-c8dc-4ae3-b376-06d9ac9e15d6', N'ad18065a-63a4-47e3-a53b-d3d243a233f8', N'ba736863-1597-4cff-bcb2-6e6a5b3be703', NULL, CAST(0x00009D26011B7723 AS DateTime), NULL)
INSERT [cons].[Concept] ([ConceptID], [NameID], [AccordingToReferenceID], [Orthography], [AddedDate], [UpdatedDate]) VALUES (N'75e11f67-1d22-4135-b8d3-225a7861d65c', N'e118be4c-6938-4e7e-b18c-3bd69d3f6684', N'ba736863-1597-4cff-bcb2-6e6a5b3be703', NULL, CAST(0x00009D26011B7723 AS DateTime), NULL)
INSERT [cons].[Concept] ([ConceptID], [NameID], [AccordingToReferenceID], [Orthography], [AddedDate], [UpdatedDate]) VALUES (N'8cebbf5e-49ae-4495-a097-243772e3da66', N'832a5346-21aa-444b-9574-b1b40dc1a530', N'8637bd57-2b66-4d07-b08e-7c2ff0d6f0aa', NULL, CAST(0x00009D26011B7723 AS DateTime), NULL)
INSERT [cons].[Concept] ([ConceptID], [NameID], [AccordingToReferenceID], [Orthography], [AddedDate], [UpdatedDate]) VALUES (N'f8c457fb-f657-4d3c-aeeb-482708de53ec', N'63707033-44c0-4ee0-af00-21b594db8e55', N'e92399f5-0cab-4340-ac50-7d1435112de5', NULL, CAST(0x00009D26011B7723 AS DateTime), NULL)
INSERT [cons].[Concept] ([ConceptID], [NameID], [AccordingToReferenceID], [Orthography], [AddedDate], [UpdatedDate]) VALUES (N'152aabfb-226e-429d-93a6-611861430d97', N'3ab99e8d-3854-402a-ae05-7e3c8f4cdb7b', N'8637bd57-2b66-4d07-b08e-7c2ff0d6f0aa', NULL, CAST(0x00009D26011B7723 AS DateTime), NULL)
INSERT [cons].[Concept] ([ConceptID], [NameID], [AccordingToReferenceID], [Orthography], [AddedDate], [UpdatedDate]) VALUES (N'6106e91e-6af2-4274-8e60-677c85d323b7', N'440a5c74-9fb3-4347-8237-e6ff51b8589e', N'ba736863-1597-4cff-bcb2-6e6a5b3be703', NULL, CAST(0x00009D26011B7723 AS DateTime), NULL)
INSERT [cons].[Concept] ([ConceptID], [NameID], [AccordingToReferenceID], [Orthography], [AddedDate], [UpdatedDate]) VALUES (N'43cc9932-aa6a-478a-b151-6bc1bf57958c', N'bbe2f381-1bd3-470e-b3d9-ca24e6b9223a', N'8637bd57-2b66-4d07-b08e-7c2ff0d6f0aa', NULL, CAST(0x00009D26011B7723 AS DateTime), NULL)
INSERT [cons].[Concept] ([ConceptID], [NameID], [AccordingToReferenceID], [Orthography], [AddedDate], [UpdatedDate]) VALUES (N'540d2f0b-e938-496d-a10c-83f87361c026', N'dd8bea28-4685-4277-9eac-76aa460366b0', N'9c8e7a41-6f2f-4140-af40-8efd86efbc21', NULL, CAST(0x00009D26011B7723 AS DateTime), NULL)
INSERT [cons].[Concept] ([ConceptID], [NameID], [AccordingToReferenceID], [Orthography], [AddedDate], [UpdatedDate]) VALUES (N'1dd1604d-1fa7-4612-b596-88d2557d9e60', N'1697a454-2453-4079-a32f-491e1804e2a8', N'8637bd57-2b66-4d07-b08e-7c2ff0d6f0aa', NULL, CAST(0x00009D26011B7723 AS DateTime), NULL)
INSERT [cons].[Concept] ([ConceptID], [NameID], [AccordingToReferenceID], [Orthography], [AddedDate], [UpdatedDate]) VALUES (N'b9421dd8-4d14-43b4-8fde-8bab589b95cd', N'14659352-72e5-4248-be76-fcc1c9e25963', N'9c8e7a41-6f2f-4140-af40-8efd86efbc21', NULL, CAST(0x00009D26011B7723 AS DateTime), NULL)
INSERT [cons].[Concept] ([ConceptID], [NameID], [AccordingToReferenceID], [Orthography], [AddedDate], [UpdatedDate]) VALUES (N'6c103597-4e87-4c1b-b95c-8c02c4371140', N'45873ba0-7c46-4141-bf9d-9ba6ed522889', N'ba736863-1597-4cff-bcb2-6e6a5b3be703', NULL, CAST(0x00009D26011B7723 AS DateTime), NULL)
INSERT [cons].[Concept] ([ConceptID], [NameID], [AccordingToReferenceID], [Orthography], [AddedDate], [UpdatedDate]) VALUES (N'402b10de-0dda-4ded-ae9a-9d3f779e9ea7', N'7b5b90cc-b1ad-4ddd-9bea-3140b3723f04', N'8637bd57-2b66-4d07-b08e-7c2ff0d6f0aa', NULL, CAST(0x00009D26011B7723 AS DateTime), NULL)
INSERT [cons].[Concept] ([ConceptID], [NameID], [AccordingToReferenceID], [Orthography], [AddedDate], [UpdatedDate]) VALUES (N'5f1402e9-9f80-446c-9c20-9e6979d3f3a5', N'69042b0c-3b87-45e5-aa30-94715c09cd32', N'9c8e7a41-6f2f-4140-af40-8efd86efbc21', NULL, CAST(0x00009D26011B7723 AS DateTime), NULL)
INSERT [cons].[Concept] ([ConceptID], [NameID], [AccordingToReferenceID], [Orthography], [AddedDate], [UpdatedDate]) VALUES (N'05a34b62-ed6c-426c-b2a3-a22b48ffa92f', N'1a514225-c0e5-489f-b8bc-15874bd6f6dc', N'9c8e7a41-6f2f-4140-af40-8efd86efbc21', NULL, CAST(0x00009D26011B7723 AS DateTime), NULL)
INSERT [cons].[Concept] ([ConceptID], [NameID], [AccordingToReferenceID], [Orthography], [AddedDate], [UpdatedDate]) VALUES (N'7b8c258d-a3c7-493e-8f11-a910cfa13ac9', N'd6c9fd8a-ce35-4841-aa77-de43c2c4d712', N'8637bd57-2b66-4d07-b08e-7c2ff0d6f0aa', NULL, CAST(0x00009D26011B7723 AS DateTime), NULL)
INSERT [cons].[Concept] ([ConceptID], [NameID], [AccordingToReferenceID], [Orthography], [AddedDate], [UpdatedDate]) VALUES (N'19d871f3-8df5-478c-bcbe-b1de76c596bd', N'e58f90d3-5187-4be9-adba-304833bd3244', N'8637bd57-2b66-4d07-b08e-7c2ff0d6f0aa', NULL, CAST(0x00009D26011B7723 AS DateTime), NULL)
INSERT [cons].[Concept] ([ConceptID], [NameID], [AccordingToReferenceID], [Orthography], [AddedDate], [UpdatedDate]) VALUES (N'fc450fb3-be92-410c-98b7-b95ff21e6c06', N'36a5e45d-3970-46c3-95f7-9e490a901f40', N'8637bd57-2b66-4d07-b08e-7c2ff0d6f0aa', NULL, CAST(0x00009D26011B7723 AS DateTime), NULL)
INSERT [cons].[Concept] ([ConceptID], [NameID], [AccordingToReferenceID], [Orthography], [AddedDate], [UpdatedDate]) VALUES (N'edc7030c-e40c-4ee6-96f4-bcc1c42c952a', N'fa7fca76-3fe1-41d2-b23d-52f25a3d7fe5', N'8637bd57-2b66-4d07-b08e-7c2ff0d6f0aa', NULL, CAST(0x00009D26011B7723 AS DateTime), NULL)
INSERT [cons].[Concept] ([ConceptID], [NameID], [AccordingToReferenceID], [Orthography], [AddedDate], [UpdatedDate]) VALUES (N'39cb3d23-88e7-4209-accd-be10e8d28148', N'156870d4-9de3-41c3-b937-04b12326cd62', N'8637bd57-2b66-4d07-b08e-7c2ff0d6f0aa', NULL, CAST(0x00009D26011B7723 AS DateTime), NULL)
INSERT [cons].[Concept] ([ConceptID], [NameID], [AccordingToReferenceID], [Orthography], [AddedDate], [UpdatedDate]) VALUES (N'020adc10-40fc-4e2a-affb-c6f103ce3e73', N'e9d7f8a7-2041-45c9-8e21-14bdde411768', N'8637bd57-2b66-4d07-b08e-7c2ff0d6f0aa', NULL, CAST(0x00009D26011B7723 AS DateTime), NULL)
INSERT [cons].[Concept] ([ConceptID], [NameID], [AccordingToReferenceID], [Orthography], [AddedDate], [UpdatedDate]) VALUES (N'5d3ab038-9095-4ed5-8153-c82a8f8b5e49', N'd08cc833-ac87-423f-869a-383aed10aebf', N'8637bd57-2b66-4d07-b08e-7c2ff0d6f0aa', NULL, CAST(0x00009D26011B7723 AS DateTime), NULL)
INSERT [cons].[Concept] ([ConceptID], [NameID], [AccordingToReferenceID], [Orthography], [AddedDate], [UpdatedDate]) VALUES (N'8048c75b-a24c-4479-b579-e7a5cf0c3693', N'72ca968d-1a3d-4531-bccd-245c6c2c3e87', N'8637bd57-2b66-4d07-b08e-7c2ff0d6f0aa', NULL, CAST(0x00009D26011B7723 AS DateTime), NULL)
INSERT [cons].[Concept] ([ConceptID], [NameID], [AccordingToReferenceID], [Orthography], [AddedDate], [UpdatedDate]) VALUES (N'263b2d19-c8d6-4657-bff5-e93693821f06', N'ad9f9fca-db2c-449a-b977-5dca1a1422ea', N'8637bd57-2b66-4d07-b08e-7c2ff0d6f0aa', NULL, CAST(0x00009D26011B7723 AS DateTime), NULL)


--cons.ConceptRelationship
INSERT [cons].[ConceptRelationship] ([ConceptRelationshipID], [FromConceptID], [ToConceptID], [ConceptRelationshipTypeID], [Sequence], [AddedDate], [UpdatedDate]) VALUES (N'0fa30b59-1cc6-4385-a785-08231896d8cc', N'fc450fb3-be92-410c-98b7-b95ff21e6c06', N'fc450fb3-be92-410c-98b7-b95ff21e6c06', N'0ca79ab3-e213-4f51-88b9-4ce01f735a1d', NULL, CAST(0x00009D26011B78F3 AS DateTime), NULL)
INSERT [cons].[ConceptRelationship] ([ConceptRelationshipID], [FromConceptID], [ToConceptID], [ConceptRelationshipTypeID], [Sequence], [AddedDate], [UpdatedDate]) VALUES (N'2a1c785f-c582-4f2f-9cdd-1d87b2dc2016', N'19d871f3-8df5-478c-bcbe-b1de76c596bd', N'19d871f3-8df5-478c-bcbe-b1de76c596bd', N'0ca79ab3-e213-4f51-88b9-4ce01f735a1d', NULL, CAST(0x00009D26011B78F3 AS DateTime), NULL)
INSERT [cons].[ConceptRelationship] ([ConceptRelationshipID], [FromConceptID], [ToConceptID], [ConceptRelationshipTypeID], [Sequence], [AddedDate], [UpdatedDate]) VALUES (N'b0fb0d22-9851-4afd-abd3-263490a37fe5', N'f8c457fb-f657-4d3c-aeeb-482708de53ec', N'f8c457fb-f657-4d3c-aeeb-482708de53ec', N'0ca79ab3-e213-4f51-88b9-4ce01f735a1d', NULL, CAST(0x00009D26011B78F3 AS DateTime), NULL)
INSERT [cons].[ConceptRelationship] ([ConceptRelationshipID], [FromConceptID], [ToConceptID], [ConceptRelationshipTypeID], [Sequence], [AddedDate], [UpdatedDate]) VALUES (N'9ce873a6-9067-4106-82fa-28fe41790a5b', N'7b8c258d-a3c7-493e-8f11-a910cfa13ac9', N'7b8c258d-a3c7-493e-8f11-a910cfa13ac9', N'0ca79ab3-e213-4f51-88b9-4ce01f735a1d', NULL, CAST(0x00009D26011B78F3 AS DateTime), NULL)
INSERT [cons].[ConceptRelationship] ([ConceptRelationshipID], [FromConceptID], [ToConceptID], [ConceptRelationshipTypeID], [Sequence], [AddedDate], [UpdatedDate]) VALUES (N'54a4024d-10c8-476e-b652-4395aeac4101', N'8048c75b-a24c-4479-b579-e7a5cf0c3693', N'8048c75b-a24c-4479-b579-e7a5cf0c3693', N'0ca79ab3-e213-4f51-88b9-4ce01f735a1d', NULL, CAST(0x00009D26011B78F3 AS DateTime), NULL)
INSERT [cons].[ConceptRelationship] ([ConceptRelationshipID], [FromConceptID], [ToConceptID], [ConceptRelationshipTypeID], [Sequence], [AddedDate], [UpdatedDate]) VALUES (N'b616de5a-f7ca-443d-8736-5405381905e8', N'402b10de-0dda-4ded-ae9a-9d3f779e9ea7', N'402b10de-0dda-4ded-ae9a-9d3f779e9ea7', N'0ca79ab3-e213-4f51-88b9-4ce01f735a1d', NULL, CAST(0x00009D26011B78F3 AS DateTime), NULL)
INSERT [cons].[ConceptRelationship] ([ConceptRelationshipID], [FromConceptID], [ToConceptID], [ConceptRelationshipTypeID], [Sequence], [AddedDate], [UpdatedDate]) VALUES (N'caf6326f-8ef8-4122-865b-55ba6003a590', N'443e9815-c8dc-4ae3-b376-06d9ac9e15d6', N'6c103597-4e87-4c1b-b95c-8c02c4371140', N'6a11b466-1907-446f-9229-d604579aa155', NULL, CAST(0x00009D26011B78F3 AS DateTime), NULL)
INSERT [cons].[ConceptRelationship] ([ConceptRelationshipID], [FromConceptID], [ToConceptID], [ConceptRelationshipTypeID], [Sequence], [AddedDate], [UpdatedDate]) VALUES (N'5889179e-462b-4f9e-8369-73e83c51731b', N'edc7030c-e40c-4ee6-96f4-bcc1c42c952a', N'edc7030c-e40c-4ee6-96f4-bcc1c42c952a', N'0ca79ab3-e213-4f51-88b9-4ce01f735a1d', NULL, CAST(0x00009D26011B78F3 AS DateTime), NULL)
INSERT [cons].[ConceptRelationship] ([ConceptRelationshipID], [FromConceptID], [ToConceptID], [ConceptRelationshipTypeID], [Sequence], [AddedDate], [UpdatedDate]) VALUES (N'92a4b5d8-5082-4c0c-9213-7e3e140e78d3', N'5d3ab038-9095-4ed5-8153-c82a8f8b5e49', N'5d3ab038-9095-4ed5-8153-c82a8f8b5e49', N'0ca79ab3-e213-4f51-88b9-4ce01f735a1d', NULL, CAST(0x00009D26011B78F3 AS DateTime), NULL)
INSERT [cons].[ConceptRelationship] ([ConceptRelationshipID], [FromConceptID], [ToConceptID], [ConceptRelationshipTypeID], [Sequence], [AddedDate], [UpdatedDate]) VALUES (N'504e2852-625f-4317-8ca5-80a4f46a9d50', N'39cb3d23-88e7-4209-accd-be10e8d28148', N'39cb3d23-88e7-4209-accd-be10e8d28148', N'0ca79ab3-e213-4f51-88b9-4ce01f735a1d', NULL, CAST(0x00009D26011B78F3 AS DateTime), NULL)
INSERT [cons].[ConceptRelationship] ([ConceptRelationshipID], [FromConceptID], [ToConceptID], [ConceptRelationshipTypeID], [Sequence], [AddedDate], [UpdatedDate]) VALUES (N'7292fbef-b442-46d1-a08b-878afd0adc27', N'263b2d19-c8d6-4657-bff5-e93693821f06', N'263b2d19-c8d6-4657-bff5-e93693821f06', N'0ca79ab3-e213-4f51-88b9-4ce01f735a1d', NULL, CAST(0x00009D26011B78F3 AS DateTime), NULL)
INSERT [cons].[ConceptRelationship] ([ConceptRelationshipID], [FromConceptID], [ToConceptID], [ConceptRelationshipTypeID], [Sequence], [AddedDate], [UpdatedDate]) VALUES (N'7ce7d824-a9d1-466b-86f0-90f5bbe4761d', N'020adc10-40fc-4e2a-affb-c6f103ce3e73', N'020adc10-40fc-4e2a-affb-c6f103ce3e73', N'0ca79ab3-e213-4f51-88b9-4ce01f735a1d', NULL, CAST(0x00009D26011B78F3 AS DateTime), NULL)
INSERT [cons].[ConceptRelationship] ([ConceptRelationshipID], [FromConceptID], [ToConceptID], [ConceptRelationshipTypeID], [Sequence], [AddedDate], [UpdatedDate]) VALUES (N'6dd79b08-bfd7-4b4f-bac1-a5ce0f784b95', N'6106e91e-6af2-4274-8e60-677c85d323b7', N'6c103597-4e87-4c1b-b95c-8c02c4371140', N'6a11b466-1907-446f-9229-d604579aa155', NULL, CAST(0x00009D26011B78F3 AS DateTime), NULL)
INSERT [cons].[ConceptRelationship] ([ConceptRelationshipID], [FromConceptID], [ToConceptID], [ConceptRelationshipTypeID], [Sequence], [AddedDate], [UpdatedDate]) VALUES (N'27ddcd4a-6c55-438a-9ce6-a9a6e07f5415', N'152aabfb-226e-429d-93a6-611861430d97', N'152aabfb-226e-429d-93a6-611861430d97', N'0ca79ab3-e213-4f51-88b9-4ce01f735a1d', NULL, CAST(0x00009D26011B78F3 AS DateTime), NULL)
INSERT [cons].[ConceptRelationship] ([ConceptRelationshipID], [FromConceptID], [ToConceptID], [ConceptRelationshipTypeID], [Sequence], [AddedDate], [UpdatedDate]) VALUES (N'073277c4-1e37-4111-a6c8-b4dbfc0661dc', N'75e11f67-1d22-4135-b8d3-225a7861d65c', N'6c103597-4e87-4c1b-b95c-8c02c4371140', N'6a11b466-1907-446f-9229-d604579aa155', NULL, CAST(0x00009D26011B78F3 AS DateTime), NULL)
INSERT [cons].[ConceptRelationship] ([ConceptRelationshipID], [FromConceptID], [ToConceptID], [ConceptRelationshipTypeID], [Sequence], [AddedDate], [UpdatedDate]) VALUES (N'7382f6a2-2e61-401d-aff2-c1fc790bf08e', N'43cc9932-aa6a-478a-b151-6bc1bf57958c', N'43cc9932-aa6a-478a-b151-6bc1bf57958c', N'0ca79ab3-e213-4f51-88b9-4ce01f735a1d', NULL, CAST(0x00009D26011B78F3 AS DateTime), NULL)
INSERT [cons].[ConceptRelationship] ([ConceptRelationshipID], [FromConceptID], [ToConceptID], [ConceptRelationshipTypeID], [Sequence], [AddedDate], [UpdatedDate]) VALUES (N'bb048dc0-6d06-4223-bc82-f22ca894b038', N'8cebbf5e-49ae-4495-a097-243772e3da66', N'8cebbf5e-49ae-4495-a097-243772e3da66', N'0ca79ab3-e213-4f51-88b9-4ce01f735a1d', NULL, CAST(0x00009D26011B78F3 AS DateTime), NULL)
INSERT [cons].[ConceptRelationship] ([ConceptRelationshipID], [FromConceptID], [ToConceptID], [ConceptRelationshipTypeID], [Sequence], [AddedDate], [UpdatedDate]) VALUES (N'353b9661-9f02-4619-8a2f-fa96ca3d8bca', N'1dd1604d-1fa7-4612-b596-88d2557d9e60', N'1dd1604d-1fa7-4612-b596-88d2557d9e60', N'0ca79ab3-e213-4f51-88b9-4ce01f735a1d', NULL, CAST(0x00009D26011B78F3 AS DateTime), NULL)


--cons.TaxonProperty

--cons.TaxonPropertyValue
