 USE [NZOR_Data_Test]

INSERT [dbo].[TaxonPropertyLookup] ([TaxonPropertyLookupID], [TaxonPropertyTypeId], [ParentLookupId], [Value], [AlternativeStrings]) VALUES (N'0c45d8bc-d412-457d-b37f-06950a8284e2', N'9bb63b14-0208-4070-a575-94f90dfd47b0', N'398f39e8-619c-4976-aa29-c3be2cffe4cb', N'Eradicated/Destroyed', NULL)
INSERT [dbo].[TaxonPropertyLookup] ([TaxonPropertyLookupID], [TaxonPropertyTypeId], [ParentLookupId], [Value], [AlternativeStrings]) VALUES (N'2f6e4255-917b-4a1d-903e-096deb73858f', N'd955ad6e-4678-4ac9-b752-6a94f1c07080', N'0efa75da-12d3-4a54-9f07-8be55c2cf0da', N'Non-endemic', NULL)
INSERT [dbo].[TaxonPropertyLookup] ([TaxonPropertyLookupID], [TaxonPropertyTypeId], [ParentLookupId], [Value], [AlternativeStrings]) VALUES (N'59da29ab-3a86-409c-bcf5-0dca98cc1ff4', N'9233fe71-4c27-4ce0-86b9-f1b2b392658e', NULL, N'Marine', NULL)
INSERT [dbo].[TaxonPropertyLookup] ([TaxonPropertyLookupID], [TaxonPropertyTypeId], [ParentLookupId], [Value], [AlternativeStrings]) VALUES (N'f90406e0-4843-4879-9857-157fc12d34ae', N'9bb63b14-0208-4070-a575-94f90dfd47b0', N'f7de4387-0d1c-4eb4-945e-6597ecdbb8d0', N'Fossil Record', NULL)
INSERT [dbo].[TaxonPropertyLookup] ([TaxonPropertyLookupID], [TaxonPropertyTypeId], [ParentLookupId], [Value], [AlternativeStrings]) VALUES (N'd92665bb-ab57-4600-80f4-2500d7debc9a', N'7cdb8d51-55fb-4f1d-8897-c93de6f1001d', NULL, N'Cultivation/Captivity', NULL)
INSERT [dbo].[TaxonPropertyLookup] ([TaxonPropertyLookupID], [TaxonPropertyTypeId], [ParentLookupId], [Value], [AlternativeStrings]) VALUES (N'dff82296-afca-4158-b222-2cba3fe1146e', N'9bb63b14-0208-4070-a575-94f90dfd47b0', NULL, N'Uncertain', NULL)
INSERT [dbo].[TaxonPropertyLookup] ([TaxonPropertyLookupID], [TaxonPropertyTypeId], [ParentLookupId], [Value], [AlternativeStrings]) VALUES (N'0d7595ba-ac05-4499-8af2-2d81b7877ba6', N'9bb63b14-0208-4070-a575-94f90dfd47b0', N'398f39e8-619c-4976-aa29-c3be2cffe4cb', N'Recorded in error', NULL)
INSERT [dbo].[TaxonPropertyLookup] ([TaxonPropertyLookupID], [TaxonPropertyTypeId], [ParentLookupId], [Value], [AlternativeStrings]) VALUES (N'7bca0167-3f68-4880-ab9a-362e53c6950f', N'd955ad6e-4678-4ac9-b752-6a94f1c07080', NULL, N'Exotic', NULL)
INSERT [dbo].[TaxonPropertyLookup] ([TaxonPropertyLookupID], [TaxonPropertyTypeId], [ParentLookupId], [Value], [AlternativeStrings]) VALUES (N'4aa592bc-2a56-4548-8ec8-3e25e0b8ac42', N'9bb63b14-0208-4070-a575-94f90dfd47b0', NULL, N'Unknown', NULL)
INSERT [dbo].[TaxonPropertyLookup] ([TaxonPropertyLookupID], [TaxonPropertyTypeId], [ParentLookupId], [Value], [AlternativeStrings]) VALUES (N'60f9853c-91cd-4e77-96b5-3e5a0cf02ff0', N'9bb63b14-0208-4070-a575-94f90dfd47b0', N'f7de4387-0d1c-4eb4-945e-6597ecdbb8d0', N'Recent extinction', NULL)
INSERT [dbo].[TaxonPropertyLookup] ([TaxonPropertyLookupID], [TaxonPropertyTypeId], [ParentLookupId], [Value], [AlternativeStrings]) VALUES (N'be7d8363-ce0c-40c0-82fc-456c33225082', N'7cdb8d51-55fb-4f1d-8897-c93de6f1001d', NULL, N'Wild', NULL)
INSERT [dbo].[TaxonPropertyLookup] ([TaxonPropertyLookupID], [TaxonPropertyTypeId], [ParentLookupId], [Value], [AlternativeStrings]) VALUES (N'e5aeb0b8-a8dd-439d-945a-49a3c9604f3f', N'7cdb8d51-55fb-4f1d-8897-c93de6f1001d', N'be7d8363-ce0c-40c0-82fc-456c33225082', N'Rural environment', NULL)
INSERT [dbo].[TaxonPropertyLookup] ([TaxonPropertyLookupID], [TaxonPropertyTypeId], [ParentLookupId], [Value], [AlternativeStrings]) VALUES (N'ffbfc290-8d5d-470d-b4ea-5d906dc88537', N'9233fe71-4c27-4ce0-86b9-f1b2b392658e', NULL, N'Brackish', NULL)
INSERT [dbo].[TaxonPropertyLookup] ([TaxonPropertyLookupID], [TaxonPropertyTypeId], [ParentLookupId], [Value], [AlternativeStrings]) VALUES (N'f7de4387-0d1c-4eb4-945e-6597ecdbb8d0', N'9bb63b14-0208-4070-a575-94f90dfd47b0', N'398f39e8-619c-4976-aa29-c3be2cffe4cb', N'Extinct', NULL)
INSERT [dbo].[TaxonPropertyLookup] ([TaxonPropertyLookupID], [TaxonPropertyTypeId], [ParentLookupId], [Value], [AlternativeStrings]) VALUES (N'5acee880-1aad-4227-8e78-79751f79f604', N'7cdb8d51-55fb-4f1d-8897-c93de6f1001d', NULL, N'Containment', NULL)
INSERT [dbo].[TaxonPropertyLookup] ([TaxonPropertyLookupID], [TaxonPropertyTypeId], [ParentLookupId], [Value], [AlternativeStrings]) VALUES (N'0efa75da-12d3-4a54-9f07-8be55c2cf0da', N'd955ad6e-4678-4ac9-b752-6a94f1c07080', NULL, N'Indigenous', NULL)
INSERT [dbo].[TaxonPropertyLookup] ([TaxonPropertyLookupID], [TaxonPropertyTypeId], [ParentLookupId], [Value], [AlternativeStrings]) VALUES (N'193b125f-9f02-4157-85a8-927a5fc3593f', N'9bb63b14-0208-4070-a575-94f90dfd47b0', N'398f39e8-619c-4976-aa29-c3be2cffe4cb', N'Recorded historically', NULL)
INSERT [dbo].[TaxonPropertyLookup] ([TaxonPropertyLookupID], [TaxonPropertyTypeId], [ParentLookupId], [Value], [AlternativeStrings]) VALUES (N'f389ac1f-7f22-4cb0-bb8c-9c80cb78bd23', N'd955ad6e-4678-4ac9-b752-6a94f1c07080', NULL, N'Uncertain', NULL)
INSERT [dbo].[TaxonPropertyLookup] ([TaxonPropertyLookupID], [TaxonPropertyTypeId], [ParentLookupId], [Value], [AlternativeStrings]) VALUES (N'3794b21c-c87b-4045-914b-a28d79ef7b43', N'9233fe71-4c27-4ce0-86b9-f1b2b392658e', NULL, N'Unknown', NULL)
INSERT [dbo].[TaxonPropertyLookup] ([TaxonPropertyLookupID], [TaxonPropertyTypeId], [ParentLookupId], [Value], [AlternativeStrings]) VALUES (N'2f2a029c-f606-4e75-8eca-a4192ea1a2a0', N'7cdb8d51-55fb-4f1d-8897-c93de6f1001d', N'be7d8363-ce0c-40c0-82fc-456c33225082', N'Built environment', NULL)
INSERT [dbo].[TaxonPropertyLookup] ([TaxonPropertyLookupID], [TaxonPropertyTypeId], [ParentLookupId], [Value], [AlternativeStrings]) VALUES (N'821246d8-600a-4d00-8b4e-c38411356e1d', N'9bb63b14-0208-4070-a575-94f90dfd47b0', NULL, N'Present', NULL)
INSERT [dbo].[TaxonPropertyLookup] ([TaxonPropertyLookupID], [TaxonPropertyTypeId], [ParentLookupId], [Value], [AlternativeStrings]) VALUES (N'398f39e8-619c-4976-aa29-c3be2cffe4cb', N'9bb63b14-0208-4070-a575-94f90dfd47b0', NULL, N'Absent', NULL)
INSERT [dbo].[TaxonPropertyLookup] ([TaxonPropertyLookupID], [TaxonPropertyTypeId], [ParentLookupId], [Value], [AlternativeStrings]) VALUES (N'8a880bf0-57d5-42cf-a1dc-c6ecf8c30328', N'9bb63b14-0208-4070-a575-94f90dfd47b0', N'398f39e8-619c-4976-aa29-c3be2cffe4cb', N'Border Intercept', NULL)
INSERT [dbo].[TaxonPropertyLookup] ([TaxonPropertyLookupID], [TaxonPropertyTypeId], [ParentLookupId], [Value], [AlternativeStrings]) VALUES (N'80cca214-e854-4d75-a0fa-da71ef21da6c', N'9233fe71-4c27-4ce0-86b9-f1b2b392658e', NULL, N'Freshwater', NULL)
INSERT [dbo].[TaxonPropertyLookup] ([TaxonPropertyLookupID], [TaxonPropertyTypeId], [ParentLookupId], [Value], [AlternativeStrings]) VALUES (N'ab490d5e-b342-409e-95ec-df48044c461d', N'9233fe71-4c27-4ce0-86b9-f1b2b392658e', NULL, N'Terrestrial', NULL)
INSERT [dbo].[TaxonPropertyLookup] ([TaxonPropertyLookupID], [TaxonPropertyTypeId], [ParentLookupId], [Value], [AlternativeStrings]) VALUES (N'2604deae-6d7c-4ad4-9663-e1e5f3ca8278', N'9bb63b14-0208-4070-a575-94f90dfd47b0', NULL, N'Sometimes present', NULL)
INSERT [dbo].[TaxonPropertyLookup] ([TaxonPropertyLookupID], [TaxonPropertyTypeId], [ParentLookupId], [Value], [AlternativeStrings]) VALUES (N'be3b126f-e630-4700-b433-ea77be90f94a', N'd955ad6e-4678-4ac9-b752-6a94f1c07080', N'0efa75da-12d3-4a54-9f07-8be55c2cf0da', N'Endemic', NULL)
INSERT [dbo].[TaxonPropertyLookup] ([TaxonPropertyLookupID], [TaxonPropertyTypeId], [ParentLookupId], [Value], [AlternativeStrings]) VALUES (N'88cc4ace-9e91-4507-9b9d-f59d5801d7d0', N'7cdb8d51-55fb-4f1d-8897-c93de6f1001d', N'be7d8363-ce0c-40c0-82fc-456c33225082', N'Natural environment', NULL)
INSERT [dbo].[TaxonPropertyLookup] ([TaxonPropertyLookupID], [TaxonPropertyTypeId], [ParentLookupId], [Value], [AlternativeStrings]) VALUES (N'5d339187-9173-47cf-bd04-ff1156c7282f', N'd955ad6e-4678-4ac9-b752-6a94f1c07080', NULL, N'Unknown', NULL)


INSERT [dbo].[TaxonPropertyClass] ([TaxonPropertyClassID], [Name], [Description]) VALUES (N'11eeacae-c29d-47a0-a5f5-1e862707bda8', N'Management Status', N'Management Status of taxon with the specified region')
INSERT [dbo].[TaxonPropertyClass] ([TaxonPropertyClassID], [Name], [Description]) VALUES (N'cfa152d5-831c-4a4e-ba4f-50f9f18e7b70', N'Biostatus', N'Biostatus of taxon with the specified region, including origin and occurrence')


INSERT [dbo].[ReferenceType] ([ReferenceTypeID], [Type], [Description]) VALUES (N'810048ef-0449-4200-9a60-174e139d8398', N'Chapter', N'Chapter')
INSERT [dbo].[ReferenceType] ([ReferenceTypeID], [Type], [Description]) VALUES (N'fe30f9f1-5c42-4c8b-8256-189ad0d3825d', N'Unpublished', N'Unpublished work')
INSERT [dbo].[ReferenceType] ([ReferenceTypeID], [Type], [Description]) VALUES (N'3bb00cfa-5bfd-477a-b257-2a19e2a5b1e5', N'Book', N'Book')
INSERT [dbo].[ReferenceType] ([ReferenceTypeID], [Type], [Description]) VALUES (N'e1e65b51-5461-4d4d-9ba9-34a534ca5fe3', N'Serial', N'Serial (book/monograph) in series')
INSERT [dbo].[ReferenceType] ([ReferenceTypeID], [Type], [Description]) VALUES (N'20723e4e-44c0-438d-be89-6e3ae20566d0', N'Series', N'Series')
INSERT [dbo].[ReferenceType] ([ReferenceTypeID], [Type], [Description]) VALUES (N'f8725863-5387-403e-a612-82276d9d676a', N'In press', N'Work submitted for publication')
INSERT [dbo].[ReferenceType] ([ReferenceTypeID], [Type], [Description]) VALUES (N'678dd535-6778-4830-b7bf-9f3ee613f31a', N'Magazine', N'Magazine')
INSERT [dbo].[ReferenceType] ([ReferenceTypeID], [Type], [Description]) VALUES (N'70caefca-c71e-4f85-95d1-a08198a48b4b', N'Abstract', N'Abstract')
INSERT [dbo].[ReferenceType] ([ReferenceTypeID], [Type], [Description]) VALUES (N'9bf657d9-f6f2-4147-892a-ad1acbec5c24', N'Catalog', N'Catalog')
INSERT [dbo].[ReferenceType] ([ReferenceTypeID], [Type], [Description]) VALUES (N'a032d0aa-7b53-4d68-9801-ba7f0ce0d324', N'Article', N'Article')
INSERT [dbo].[ReferenceType] ([ReferenceTypeID], [Type], [Description]) VALUES (N'84e6427b-6cf4-4f93-a1c9-bcc182b6c6ad', N'Pamphlet', N'Pamphlet')
INSERT [dbo].[ReferenceType] ([ReferenceTypeID], [Type], [Description]) VALUES (N'dd0dd918-8209-4975-b02d-bcebd361da0d', N'Journal', N'Name of Journal')
INSERT [dbo].[ReferenceType] ([ReferenceTypeID], [Type], [Description]) VALUES (N'7b585a15-d654-40c2-8640-faf4fde7a384', N'Electronic Source', N'Electronic source')


INSERT [dbo].[ReferencePropertyType] ([ReferencePropertyTypeID], [Type], [Description]) VALUES (N'38b41b0a-e58c-4923-8a9a-031b32ad16f2', N'Title', '')
INSERT [dbo].[ReferencePropertyType] ([ReferencePropertyTypeID], [Type], [Description]) VALUES (N'4e562f80-2d41-444f-a273-08fc4dd91eba', N'Start Page', '')
INSERT [dbo].[ReferencePropertyType] ([ReferencePropertyTypeID], [Type], [Description]) VALUES (N'037d1485-c6c1-47d2-9619-234f743e9ff6', N'Author', '')
INSERT [dbo].[ReferencePropertyType] ([ReferencePropertyTypeID], [Type], [Description]) VALUES (N'6e716610-0dc2-495a-b3a0-99ca3ba5fc8b', N'End Page', '')
INSERT [dbo].[ReferencePropertyType] ([ReferencePropertyTypeID], [Type], [Description]) VALUES (N'8d5027bd-39f1-408d-acef-a728599a216f', N'Date', '')
INSERT [dbo].[ReferencePropertyType] ([ReferencePropertyTypeID], [Type], [Description]) VALUES (N'8600068c-ede7-4f3a-a8fb-c8a9b59e8fe3', N'ParentReferenceID', '')


INSERT [dbo].[NameClass] ([NameClassID], [Name], [Description]) VALUES (N'a5233111-61a0-4ae6-9c2b-5e8e71f1473a', N'Scientific Name', N'A scientific name published according to one of the codes of nomenclature')
INSERT [dbo].[NameClass] ([NameClassID], [Name], [Description]) VALUES (N'3d3a13b8-c673-459c-b98d-8a5b08e3ca44', N'Trade Name', N'A trade name')
INSERT [dbo].[NameClass] ([NameClassID], [Name], [Description]) VALUES (N'05bcc19c-27e8-492c-8add-ec5f73325bc5', N'Vernacular Name', N'A vernacular name')


INSERT [dbo].[ConceptRelationshipType] ([ConceptRelationshipTypeID], [Relationship], [MinOccurrences], [MaxOccurrences]) VALUES (N'348913dd-d273-41f6-8664-46f0ad536a11', N'is vernacular for', 0, NULL)
INSERT [dbo].[ConceptRelationshipType] ([ConceptRelationshipTypeID], [Relationship], [MinOccurrences], [MaxOccurrences]) VALUES (N'0ca79ab3-e213-4f51-88b9-4ce01f735a1d', N'is synonym of', 0, 1)
INSERT [dbo].[ConceptRelationshipType] ([ConceptRelationshipTypeID], [Relationship], [MinOccurrences], [MaxOccurrences]) VALUES (N'6a11b466-1907-446f-9229-d604579aa155', N'is child of', 0, 1)


INSERT [dbo].[Provider] ([ProviderID], [Name], Code) VALUES (N'e5afbf6d-d7f7-4f01-b107-70e3a8bfcd91', N'NIWA', 'NIWA')
INSERT [dbo].[Provider] ([ProviderID], [Name], Code) VALUES (N'b8e1ef06-1f7d-43ce-bf30-71735e600a96', N'Plant Names Database', 'NZFLORA')

insert dbo.SubDataSet values('D06B4545-1925-421F-A539-986F14E57C51', 'b8e1ef06-1f7d-43ce-bf30-71735e600a96', 'PND')

INSERT [dbo].[TaxonRank] ([TaxonRankID], [Name], [KnownAbbreviations], [SortOrder], [IncludeInFullName], [AncestorRankID], [MatchRuleSetID], [AddedBy], [AddedDate], [ModifiedBy], [ModifiedDate]) VALUES (N'97641e2d-500c-4578-b787-0719ce7d6aae', N'subsection', N'@subsection@subsect.@', 3600, NULL, NULL, 1, N'migration', CAST(0x00009CB8011102A0 AS DateTime), NULL, NULL)
INSERT [dbo].[TaxonRank] ([TaxonRankID], [Name], [KnownAbbreviations], [SortOrder], [IncludeInFullName], [AncestorRankID], [MatchRuleSetID], [AddedBy], [AddedDate], [ModifiedBy], [ModifiedDate]) VALUES (N'dd891344-2665-41cb-83c3-08d1935d6ab5', N'superphylum', N'@superphylum@superphyl.@', 700, NULL, NULL, 4, N'migration', CAST(0x00009CB8011102A0 AS DateTime), NULL, NULL)
INSERT [dbo].[TaxonRank] ([TaxonRankID], [Name], [KnownAbbreviations], [SortOrder], [IncludeInFullName], [AncestorRankID], [MatchRuleSetID], [AddedBy], [AddedDate], [ModifiedBy], [ModifiedDate]) VALUES (N'afaa738b-7ee2-4f78-a4e5-0c0aba21963e', N'subclass', N'@subclass@subcl.@', 1300, NULL, NULL, 4, N'migration', CAST(0x00009CB8011102A0 AS DateTime), NULL, NULL)
INSERT [dbo].[TaxonRank] ([TaxonRankID], [Name], [KnownAbbreviations], [SortOrder], [IncludeInFullName], [AncestorRankID], [MatchRuleSetID], [AddedBy], [AddedDate], [ModifiedBy], [ModifiedDate]) VALUES (N'2b1966d4-720b-4f58-9c01-1280e1bb0dab', N'order', N'@order@ord.@', 1600, NULL, NULL, 4, N'migration', CAST(0x00009CB8011102A0 AS DateTime), NULL, NULL)
INSERT [dbo].[TaxonRank] ([TaxonRankID], [Name], [KnownAbbreviations], [SortOrder], [IncludeInFullName], [AncestorRankID], [MatchRuleSetID], [AddedBy], [AddedDate], [ModifiedBy], [ModifiedDate]) VALUES (N'0004b5c3-d08c-4a64-9bf1-15d317f7088d', N'?', N'@?@', 5600, NULL, NULL, 1, N'migration', CAST(0x00009CB8011102A0 AS DateTime), NULL, NULL)
INSERT [dbo].[TaxonRank] ([TaxonRankID], [Name], [KnownAbbreviations], [SortOrder], [IncludeInFullName], [AncestorRankID], [MatchRuleSetID], [AddedBy], [AddedDate], [ModifiedBy], [ModifiedDate]) VALUES (N'2afa15e1-8bac-46f7-8008-173ad214609c', N'subseries', N'@subseries@subser.@', 4000, NULL, NULL, 1, N'migration', CAST(0x00009CB8011102A0 AS DateTime), NULL, NULL)
INSERT [dbo].[TaxonRank] ([TaxonRankID], [Name], [KnownAbbreviations], [SortOrder], [IncludeInFullName], [AncestorRankID], [MatchRuleSetID], [AddedBy], [AddedDate], [ModifiedBy], [ModifiedDate]) VALUES (N'8cafab16-ff2a-4c9d-a923-23202760cbbe', N'?', N'@?@', 5600, NULL, NULL, 1, N'migration', CAST(0x00009CB8011102A0 AS DateTime), NULL, NULL)
INSERT [dbo].[TaxonRank] ([TaxonRankID], [Name], [KnownAbbreviations], [SortOrder], [IncludeInFullName], [AncestorRankID], [MatchRuleSetID], [AddedBy], [AddedDate], [ModifiedBy], [ModifiedDate]) VALUES (N'ed1b5291-bdfe-4aea-a368-27531905a32f', N'subkingdom', N'@subkingdom@subreg@', 600, NULL, NULL, 4, N'migration', CAST(0x00009CB8011102A0 AS DateTime), NULL, NULL)
INSERT [dbo].[TaxonRank] ([TaxonRankID], [Name], [KnownAbbreviations], [SortOrder], [IncludeInFullName], [AncestorRankID], [MatchRuleSetID], [AddedBy], [AddedDate], [ModifiedBy], [ModifiedDate]) VALUES (N'95d480f8-c36a-4dd2-91df-30c86131b5d3', N'graft hybrid', N'@graft hybrid@', 5800, NULL, NULL, 1, N'migration', CAST(0x00009CB8011102A0 AS DateTime), NULL, NULL)
INSERT [dbo].[TaxonRank] ([TaxonRankID], [Name], [KnownAbbreviations], [SortOrder], [IncludeInFullName], [AncestorRankID], [MatchRuleSetID], [AddedBy], [AddedDate], [ModifiedBy], [ModifiedDate]) VALUES (N'f351a7bc-1bfe-4404-b2b3-3edf96d51388', N'biovar', N'@biovar@biovar.@', 5400, NULL, NULL, 1, N'migration', CAST(0x00009CB8011102A0 AS DateTime), NULL, NULL)
INSERT [dbo].[TaxonRank] ([TaxonRankID], [Name], [KnownAbbreviations], [SortOrder], [IncludeInFullName], [AncestorRankID], [MatchRuleSetID], [AddedBy], [AddedDate], [ModifiedBy], [ModifiedDate]) VALUES (N'c65ce8b4-ef37-4dad-9214-40f26dc28f3d', N'subgenus', N'@subgenus@subgen.@subg.@', 3200, NULL, NULL, 1, N'migration', CAST(0x00009CB8011102A0 AS DateTime), NULL, NULL)
INSERT [dbo].[TaxonRank] ([TaxonRankID], [Name], [KnownAbbreviations], [SortOrder], [IncludeInFullName], [AncestorRankID], [MatchRuleSetID], [AddedBy], [AddedDate], [ModifiedBy], [ModifiedDate]) VALUES (N'057d6434-a12a-460d-b705-4510603fae4f', N'none', N'@none@unranked@', 200, NULL, NULL, 4, N'migration', CAST(0x00009CB8011102A0 AS DateTime), NULL, NULL)
INSERT [dbo].[TaxonRank] ([TaxonRankID], [Name], [KnownAbbreviations], [SortOrder], [IncludeInFullName], [AncestorRankID], [MatchRuleSetID], [AddedBy], [AddedDate], [ModifiedBy], [ModifiedDate]) VALUES (N'853aa64f-fcbe-4a5f-b705-4b3daa0244f2', N'f.sp.', NULL, 5400, NULL, NULL, NULL, N'migration', CAST(0x00009CB8011102A0 AS DateTime), NULL, NULL)
INSERT [dbo].[TaxonRank] ([TaxonRankID], [Name], [KnownAbbreviations], [SortOrder], [IncludeInFullName], [AncestorRankID], [MatchRuleSetID], [AddedBy], [AddedDate], [ModifiedBy], [ModifiedDate]) VALUES (N'228535fe-6f1d-4a4d-bfd5-53a79db1a8cc', N'superclass', N'@superclass@supercl.@', 1100, NULL, NULL, 4, N'migration', CAST(0x00009CB8011102A0 AS DateTime), NULL, NULL)
INSERT [dbo].[TaxonRank] ([TaxonRankID], [Name], [KnownAbbreviations], [SortOrder], [IncludeInFullName], [AncestorRankID], [MatchRuleSetID], [AddedBy], [AddedDate], [ModifiedBy], [ModifiedDate]) VALUES (N'c21bb221-5291-4540-94d1-55a12d1bd0ad', N'species', N'@species@sp.@spec.@', 4200, NULL, N'20552eb6-1bf0-4073-a021-a6c7a89b7f14', 1, N'migration', CAST(0x00009CB8011102A0 AS DateTime), NULL, NULL)
INSERT [dbo].[TaxonRank] ([TaxonRankID], [Name], [KnownAbbreviations], [SortOrder], [IncludeInFullName], [AncestorRankID], [MatchRuleSetID], [AddedBy], [AddedDate], [ModifiedBy], [ModifiedDate]) VALUES (N'4683cf13-2092-49b8-ba5a-5bb187463b81', N'Division', N'@Division@div.@', 800, NULL, NULL, 4, N'migration', CAST(0x00009CB8011102A0 AS DateTime), NULL, NULL)
INSERT [dbo].[TaxonRank] ([TaxonRankID], [Name], [KnownAbbreviations], [SortOrder], [IncludeInFullName], [AncestorRankID], [MatchRuleSetID], [AddedBy], [AddedDate], [ModifiedBy], [ModifiedDate]) VALUES (N'677b3abb-aba1-4dda-bbd5-5e33f7130184', N'supertribe', N'@supertribe@supertrib.@', 2300, NULL, NULL, 4, N'migration', CAST(0x00009CB8011102A0 AS DateTime), NULL, NULL)
INSERT [dbo].[TaxonRank] ([TaxonRankID], [Name], [KnownAbbreviations], [SortOrder], [IncludeInFullName], [AncestorRankID], [MatchRuleSetID], [AddedBy], [AddedDate], [ModifiedBy], [ModifiedDate]) VALUES (N'4ccaef11-b97b-4a90-a01a-60548fa9eb36', N'subfamily', N'@subfamily@subfam.@', 2200, NULL, NULL, 4, N'migration', CAST(0x00009CB8011102A0 AS DateTime), NULL, NULL)
INSERT [dbo].[TaxonRank] ([TaxonRankID], [Name], [KnownAbbreviations], [SortOrder], [IncludeInFullName], [AncestorRankID], [MatchRuleSetID], [AddedBy], [AddedDate], [ModifiedBy], [ModifiedDate]) VALUES (N'f3185c6e-58c1-4b6a-8f42-60ec005a571b', N'hybrid formula', N'@hybrid formula@', 5800, NULL, NULL, 1, N'migration', CAST(0x00009CB8011102A0 AS DateTime), NULL, NULL)
INSERT [dbo].[TaxonRank] ([TaxonRankID], [Name], [KnownAbbreviations], [SortOrder], [IncludeInFullName], [AncestorRankID], [MatchRuleSetID], [AddedBy], [AddedDate], [ModifiedBy], [ModifiedDate]) VALUES (N'e25f8ec4-0a5f-42bc-b0dc-6774646360b0', N'anamorph', N'@anamorph@', 2800, NULL, NULL, 1, N'migration', CAST(0x00009CB8011102A0 AS DateTime), NULL, NULL)
INSERT [dbo].[TaxonRank] ([TaxonRankID], [Name], [KnownAbbreviations], [SortOrder], [IncludeInFullName], [AncestorRankID], [MatchRuleSetID], [AddedBy], [AddedDate], [ModifiedBy], [ModifiedDate]) VALUES (N'724024ad-7fbe-4db2-a0ac-725c236e5555', N'subsp.', NULL, 4400, NULL, NULL, NULL, N'migration', CAST(0x00009CB8011102A0 AS DateTime), NULL, NULL)
INSERT [dbo].[TaxonRank] ([TaxonRankID], [Name], [KnownAbbreviations], [SortOrder], [IncludeInFullName], [AncestorRankID], [MatchRuleSetID], [AddedBy], [AddedDate], [ModifiedBy], [ModifiedDate]) VALUES (N'522bc641-d1e3-4fe5-96d7-757cc744ed21', N'subvar.', NULL, 4800, NULL, NULL, NULL, N'migration', CAST(0x00009CB8011102A0 AS DateTime), NULL, NULL)
INSERT [dbo].[TaxonRank] ([TaxonRankID], [Name], [KnownAbbreviations], [SortOrder], [IncludeInFullName], [AncestorRankID], [MatchRuleSetID], [AddedBy], [AddedDate], [ModifiedBy], [ModifiedDate]) VALUES (N'7d83f513-2cea-4e65-a58b-7cc4cc6c840d', N'?', N'@?@[alpha]@', 5600, NULL, NULL, 1, N'migration', CAST(0x00009CB8011102A0 AS DateTime), NULL, NULL)
INSERT [dbo].[TaxonRank] ([TaxonRankID], [Name], [KnownAbbreviations], [SortOrder], [IncludeInFullName], [AncestorRankID], [MatchRuleSetID], [AddedBy], [AddedDate], [ModifiedBy], [ModifiedDate]) VALUES (N'abbcc4fd-017f-49dd-9f62-83a7764a605d', N'subtribe', N'@subtribe@subtrib.@', 2600, NULL, NULL, 4, N'migration', CAST(0x00009CB8011102A0 AS DateTime), NULL, NULL)
INSERT [dbo].[TaxonRank] ([TaxonRankID], [Name], [KnownAbbreviations], [SortOrder], [IncludeInFullName], [AncestorRankID], [MatchRuleSetID], [AddedBy], [AddedDate], [ModifiedBy], [ModifiedDate]) VALUES (N'48d9de4b-9093-4962-b535-8dba8cc89628', N'f.', NULL, 5000, NULL, NULL, NULL, N'migration', CAST(0x00009CB8011102A0 AS DateTime), NULL, NULL)
INSERT [dbo].[TaxonRank] ([TaxonRankID], [Name], [KnownAbbreviations], [SortOrder], [IncludeInFullName], [AncestorRankID], [MatchRuleSetID], [AddedBy], [AddedDate], [ModifiedBy], [ModifiedDate]) VALUES (N'140cf1a4-9a5e-4bb3-8d5f-93bfceb0c042', N'subforma', N'@subforma@subf.@subfo.@', 5200, NULL, NULL, 1, N'migration', CAST(0x00009CB8011102A0 AS DateTime), NULL, NULL)
INSERT [dbo].[TaxonRank] ([TaxonRankID], [Name], [KnownAbbreviations], [SortOrder], [IncludeInFullName], [AncestorRankID], [MatchRuleSetID], [AddedBy], [AddedDate], [ModifiedBy], [ModifiedDate]) VALUES (N'd8680813-141d-4031-9fee-943862f4e4b2', N'var.', NULL, 4600, NULL, NULL, NULL, N'migration', CAST(0x00009CB8011102A0 AS DateTime), NULL, NULL)
INSERT [dbo].[TaxonRank] ([TaxonRankID], [Name], [KnownAbbreviations], [SortOrder], [IncludeInFullName], [AncestorRankID], [MatchRuleSetID], [AddedBy], [AddedDate], [ModifiedBy], [ModifiedDate]) VALUES (N'e8be9953-b6f7-419a-9bfa-9e6f29e0d525', N'subphylum', N'@subphylum@subphyl.@', 1000, NULL, NULL, 4, N'migration', CAST(0x00009CB8011102A0 AS DateTime), NULL, NULL)
INSERT [dbo].[TaxonRank] ([TaxonRankID], [Name], [KnownAbbreviations], [SortOrder], [IncludeInFullName], [AncestorRankID], [MatchRuleSetID], [AddedBy], [AddedDate], [ModifiedBy], [ModifiedDate]) VALUES (N'708f4b9f-4994-428f-a141-a0769fa92a6d', N'section', N'@section@sect.@', 3400, NULL, NULL, 1, N'migration', CAST(0x00009CB8011102A0 AS DateTime), NULL, NULL)
INSERT [dbo].[TaxonRank] ([TaxonRankID], [Name], [KnownAbbreviations], [SortOrder], [IncludeInFullName], [AncestorRankID], [MatchRuleSetID], [AddedBy], [AddedDate], [ModifiedBy], [ModifiedDate]) VALUES (N'de860ea0-d36b-4663-a9e1-a45a64c11e93', N'phylum', N'@phylum@phyl.@', 800, NULL, NULL, 4, N'migration', CAST(0x00009CB8011102A0 AS DateTime), NULL, NULL)
INSERT [dbo].[TaxonRank] ([TaxonRankID], [Name], [KnownAbbreviations], [SortOrder], [IncludeInFullName], [AncestorRankID], [MatchRuleSetID], [AddedBy], [AddedDate], [ModifiedBy], [ModifiedDate]) VALUES (N'9e2b99b6-5a21-4b8c-8ad4-a67e9fd73494', N'suborder', N'@suborder@subord.@', 1800, NULL, NULL, 4, N'migration', CAST(0x00009CB8011102A0 AS DateTime), NULL, NULL)
INSERT [dbo].[TaxonRank] ([TaxonRankID], [Name], [KnownAbbreviations], [SortOrder], [IncludeInFullName], [AncestorRankID], [MatchRuleSetID], [AddedBy], [AddedDate], [ModifiedBy], [ModifiedDate]) VALUES (N'20552eb6-1bf0-4073-a021-a6c7a89b7f14', N'genus', N'@genus@gen.@Genus@', 3000, NULL, NULL, 4, N'migration', CAST(0x00009CB8011102A0 AS DateTime), NULL, NULL)
INSERT [dbo].[TaxonRank] ([TaxonRankID], [Name], [KnownAbbreviations], [SortOrder], [IncludeInFullName], [AncestorRankID], [MatchRuleSetID], [AddedBy], [AddedDate], [ModifiedBy], [ModifiedDate]) VALUES (N'b665c051-da60-4fb4-8380-b365d405db8e', N'superorder', N'@superorder@superord.@', 1500, NULL, NULL, 4, N'migration', CAST(0x00009CB8011102A0 AS DateTime), NULL, NULL)
INSERT [dbo].[TaxonRank] ([TaxonRankID], [Name], [KnownAbbreviations], [SortOrder], [IncludeInFullName], [AncestorRankID], [MatchRuleSetID], [AddedBy], [AddedDate], [ModifiedBy], [ModifiedDate]) VALUES (N'62bc0365-292c-4ef8-a953-ba10b3042229', N'intergen hybrid', N'@intergen hybrid@', 5800, NULL, NULL, 1, N'migration', CAST(0x00009CB8011102A0 AS DateTime), NULL, NULL)
INSERT [dbo].[TaxonRank] ([TaxonRankID], [Name], [KnownAbbreviations], [SortOrder], [IncludeInFullName], [AncestorRankID], [MatchRuleSetID], [AddedBy], [AddedDate], [ModifiedBy], [ModifiedDate]) VALUES (N'4090af7a-6502-415d-8a41-bf23561374bd', N'infraorder', N'@infraorder@infraord.@', 1800, NULL, NULL, 4, N'migration', CAST(0x00009CB8011102A0 AS DateTime), NULL, NULL)
INSERT [dbo].[TaxonRank] ([TaxonRankID], [Name], [KnownAbbreviations], [SortOrder], [IncludeInFullName], [AncestorRankID], [MatchRuleSetID], [AddedBy], [AddedDate], [ModifiedBy], [ModifiedDate]) VALUES (N'ca36388f-62fa-4bba-87f2-c01e6f8a5912', N'infraclass', N'@infraclass@infracl.@', 1400, NULL, NULL, 4, N'migration', CAST(0x00009CB8011102A0 AS DateTime), NULL, NULL)
INSERT [dbo].[TaxonRank] ([TaxonRankID], [Name], [KnownAbbreviations], [SortOrder], [IncludeInFullName], [AncestorRankID], [MatchRuleSetID], [AddedBy], [AddedDate], [ModifiedBy], [ModifiedDate]) VALUES (N'8a07e8d2-9610-4a30-8f04-c39770686f2d', N'class', N'@class@cl.@', 1200, NULL, NULL, 4, N'migration', CAST(0x00009CB8011102A0 AS DateTime), NULL, NULL)
INSERT [dbo].[TaxonRank] ([TaxonRankID], [Name], [KnownAbbreviations], [SortOrder], [IncludeInFullName], [AncestorRankID], [MatchRuleSetID], [AddedBy], [AddedDate], [ModifiedBy], [ModifiedDate]) VALUES (N'b3e30ea8-2706-4387-a853-c7b0c71769f6', N'tribe', N'@tribe@trib.@', 2400, NULL, NULL, 4, N'migration', CAST(0x00009CB8011102A0 AS DateTime), NULL, NULL)
INSERT [dbo].[TaxonRank] ([TaxonRankID], [Name], [KnownAbbreviations], [SortOrder], [IncludeInFullName], [AncestorRankID], [MatchRuleSetID], [AddedBy], [AddedDate], [ModifiedBy], [ModifiedDate]) VALUES (N'd817f056-f29a-484a-a8d6-ce7dbbcc553b', N'ß', N'@ß@[beta]@[beta].@beta@ß@', 5600, NULL, NULL, 1, N'migration', CAST(0x00009CB8011102A0 AS DateTime), NULL, NULL)
INSERT [dbo].[TaxonRank] ([TaxonRankID], [Name], [KnownAbbreviations], [SortOrder], [IncludeInFullName], [AncestorRankID], [MatchRuleSetID], [AddedBy], [AddedDate], [ModifiedBy], [ModifiedDate]) VALUES (N'486c20ef-1296-4f08-b9b8-ceeeef4fceae', N'cv', NULL, 5800, NULL, NULL, NULL, N'migration', CAST(0x00009CB8011102A0 AS DateTime), NULL, NULL)
INSERT [dbo].[TaxonRank] ([TaxonRankID], [Name], [KnownAbbreviations], [SortOrder], [IncludeInFullName], [AncestorRankID], [MatchRuleSetID], [AddedBy], [AddedDate], [ModifiedBy], [ModifiedDate]) VALUES (N'49ee68c3-521c-4926-8b96-d3dc7842e028', N'series', N'@series@ser.@', 3800, NULL, NULL, 1, N'migration', CAST(0x00009CB8011102A0 AS DateTime), NULL, NULL)
INSERT [dbo].[TaxonRank] ([TaxonRankID], [Name], [KnownAbbreviations], [SortOrder], [IncludeInFullName], [AncestorRankID], [MatchRuleSetID], [AddedBy], [AddedDate], [ModifiedBy], [ModifiedDate]) VALUES (N'6d8f8c1f-d204-409f-b3b2-d431fe1d4845', N'phagovar', N'@phagovar@', 5400, NULL, NULL, 1, N'migration', CAST(0x00009CB8011102A0 AS DateTime), NULL, NULL)
INSERT [dbo].[TaxonRank] ([TaxonRankID], [Name], [KnownAbbreviations], [SortOrder], [IncludeInFullName], [AncestorRankID], [MatchRuleSetID], [AddedBy], [AddedDate], [ModifiedBy], [ModifiedDate]) VALUES (N'e8efcd3a-3b49-4017-b693-d466b9d165fa', N'intragen hybrid', N'@intragen hybrid@', 5800, NULL, NULL, 1, N'migration', CAST(0x00009CB8011102A0 AS DateTime), NULL, NULL)
INSERT [dbo].[TaxonRank] ([TaxonRankID], [Name], [KnownAbbreviations], [SortOrder], [IncludeInFullName], [AncestorRankID], [MatchRuleSetID], [AddedBy], [AddedDate], [ModifiedBy], [ModifiedDate]) VALUES (N'63abe687-02b6-4787-bbe4-d5289c304f66', N'kingdom', N'@kingdom@reg.@', 400, NULL, NULL, 4, N'migration', CAST(0x00009CB8011102A0 AS DateTime), NULL, NULL)
INSERT [dbo].[TaxonRank] ([TaxonRankID], [Name], [KnownAbbreviations], [SortOrder], [IncludeInFullName], [AncestorRankID], [MatchRuleSetID], [AddedBy], [AddedDate], [ModifiedBy], [ModifiedDate]) VALUES (N'a7820dcd-0266-4300-82f5-f10f8c5d6315', N'family', N'@family@fam.@', 2000, NULL, NULL, 4, N'migration', CAST(0x00009CB8011102A0 AS DateTime), NULL, NULL)
INSERT [dbo].[TaxonRank] ([TaxonRankID], [Name], [KnownAbbreviations], [SortOrder], [IncludeInFullName], [AncestorRankID], [MatchRuleSetID], [AddedBy], [AddedDate], [ModifiedBy], [ModifiedDate]) VALUES (N'64097e92-224e-49af-b1f0-f39b1c797c1a', N'serovar', N'@serovar@', 5400, NULL, NULL, 1, N'migration', CAST(0x00009CB8011102A0 AS DateTime), NULL, NULL)
INSERT [dbo].[TaxonRank] ([TaxonRankID], [Name], [KnownAbbreviations], [SortOrder], [IncludeInFullName], [AncestorRankID], [MatchRuleSetID], [AddedBy], [AddedDate], [ModifiedBy], [ModifiedDate]) VALUES (N'af32fd2c-6939-4443-80c3-f5dc31a993f7', N'superfamily', N'@superfamily@superfam.@', 1900, NULL, NULL, 4, N'migration', CAST(0x00009CB8011102A0 AS DateTime), NULL, NULL)
INSERT [dbo].[TaxonRank] ([TaxonRankID], [Name], [KnownAbbreviations], [SortOrder], [IncludeInFullName], [AncestorRankID], [MatchRuleSetID], [AddedBy], [AddedDate], [ModifiedBy], [ModifiedDate]) VALUES (N'9df84d53-d138-4ed2-a551-fd4cfe2b462c', N'pv.', NULL, 5400, NULL, NULL, NULL, N'migration', CAST(0x00009CB8011102A0 AS DateTime), NULL, NULL)


INSERT [dbo].[TaxonPropertyType] ([TaxonPropertyTypeID], [TaxonPropertyClassID], [Name], [Description]) VALUES (N'd955ad6e-4678-4ac9-b752-6a94f1c07080', N'cfa152d5-831c-4a4e-ba4f-50f9f18e7b70', N'Origin', N'the origin of the taxon within the specified region')
INSERT [dbo].[TaxonPropertyType] ([TaxonPropertyTypeID], [TaxonPropertyClassID], [Name], [Description]) VALUES (N'9bb63b14-0208-4070-a575-94f90dfd47b0', N'cfa152d5-831c-4a4e-ba4f-50f9f18e7b70', N'Occurrence', N'the occurrence of the taxon within the specified region')
INSERT [dbo].[TaxonPropertyType] ([TaxonPropertyTypeID], [TaxonPropertyClassID], [Name], [Description]) VALUES (N'7cdb8d51-55fb-4f1d-8897-c93de6f1001d', N'cfa152d5-831c-4a4e-ba4f-50f9f18e7b70', N'Environmental Context', N'the environmemal context to which the information applies for the taxon')
INSERT [dbo].[TaxonPropertyType] ([TaxonPropertyTypeID], [TaxonPropertyClassID], [Name], [Description]) VALUES (N'9233fe71-4c27-4ce0-86b9-f1b2b392658e', N'cfa152d5-831c-4a4e-ba4f-50f9f18e7b70', N'Biome', N'the biome to which the information applies for the taxon')


INSERT [dbo].[NameClassProperty] ([NameClassPropertyID], [NameClassID], [Name], [Type], [MinOccurrences], [MaxOccurrences], [GoverningCode]) VALUES (N'4ec79307-e41a-4540-8647-03ef48795435', N'a5233111-61a0-4ae6-9c2b-5e8e71f1473a', N'YearOnPublication', N'string    ', 1, 1, NULL)
INSERT [dbo].[NameClassProperty] ([NameClassPropertyID], [NameClassID], [Name], [Type], [MinOccurrences], [MaxOccurrences], [GoverningCode]) VALUES (N'f496fbcc-8da6-4ca1-9884-11bd9b5df63b', N'a5233111-61a0-4ae6-9c2b-5e8e71f1473a', N'Basionym', N'string    ', 0, 1, N'ICBN')
INSERT [dbo].[NameClassProperty] ([NameClassPropertyID], [NameClassID], [Name], [Type], [MinOccurrences], [MaxOccurrences], [GoverningCode]) VALUES (N'6196cdc4-bacb-4172-8186-14ba494621a7', N'a5233111-61a0-4ae6-9c2b-5e8e71f1473a', N'CombinationAuthors', N'string    ', 0, 1, NULL)
INSERT [dbo].[NameClassProperty] ([NameClassPropertyID], [NameClassID], [Name], [Type], [MinOccurrences], [MaxOccurrences], [GoverningCode]) VALUES (N'4a344d40-7448-49d6-956b-4392b33a749f', N'a5233111-61a0-4ae6-9c2b-5e8e71f1473a', N'MicroReference', N'string    ', 0, 1, NULL)
INSERT [dbo].[NameClassProperty] ([NameClassPropertyID], [NameClassID], [Name], [Type], [MinOccurrences], [MaxOccurrences], [GoverningCode]) VALUES (N'1f64e93c-7ee8-40d7-8681-52b56060d750', N'a5233111-61a0-4ae6-9c2b-5e8e71f1473a', N'Canonical', N'string    ', 1, 1, NULL)
INSERT [dbo].[NameClassProperty] ([NameClassPropertyID], [NameClassID], [Name], [Type], [MinOccurrences], [MaxOccurrences], [GoverningCode]) VALUES (N'a1d57520-3d64-4f7d-97c8-69b449afa280', N'a5233111-61a0-4ae6-9c2b-5e8e71f1473a', N'Rank', N'string    ', 1, 1, NULL)
INSERT [dbo].[NameClassProperty] ([NameClassPropertyID], [NameClassID], [Name], [Type], [MinOccurrences], [MaxOccurrences], [GoverningCode]) VALUES (N'dedc63f0-fb2a-420b-9932-786b4347da45', N'a5233111-61a0-4ae6-9c2b-5e8e71f1473a', N'PublishedIn', N'string    ', 0, 1, NULL)
INSERT [dbo].[NameClassProperty] ([NameClassPropertyID], [NameClassID], [Name], [Type], [MinOccurrences], [MaxOccurrences], [GoverningCode]) VALUES (N'98606514-cc85-4e42-9ef4-9e594eca03a8', N'a5233111-61a0-4ae6-9c2b-5e8e71f1473a', N'Orthography', N'string    ', 0, 1, NULL)
INSERT [dbo].[NameClassProperty] ([NameClassPropertyID], [NameClassID], [Name], [Type], [MinOccurrences], [MaxOccurrences], [GoverningCode]) VALUES (N'c57f037c-1f1b-4e20-9557-a2d9161c1118', N'05bcc19c-27e8-492c-8add-ec5f73325bc5', N'Country', N'string    ', 0, NULL, NULL)
INSERT [dbo].[NameClassProperty] ([NameClassPropertyID], [NameClassID], [Name], [Type], [MinOccurrences], [MaxOccurrences], [GoverningCode]) VALUES (N'006d86a8-08a5-4c1a-bc08-c07b0225e01b', N'a5233111-61a0-4ae6-9c2b-5e8e71f1473a', N'Authors', N'string    ', 0, 1, NULL)
INSERT [dbo].[NameClassProperty] ([NameClassPropertyID], [NameClassID], [Name], [Type], [MinOccurrences], [MaxOccurrences], [GoverningCode]) VALUES (N'c9e19d58-bd92-4f3c-96e8-de7fa6dcd5f7', N'a5233111-61a0-4ae6-9c2b-5e8e71f1473a', N'Year', N'string    ', 0, 1, NULL)
INSERT [dbo].[NameClassProperty] ([NameClassPropertyID], [NameClassID], [Name], [Type], [MinOccurrences], [MaxOccurrences], [GoverningCode]) VALUES (N'44f50b86-5a11-4582-81c2-e03b7df069ef', N'05bcc19c-27e8-492c-8add-ec5f73325bc5', N'Language', N'string    ', 0, NULL, NULL)


